Mono path[0] = '/home/syb/.var/app/com.valvesoftware.Steam/.local/share/Steam/steamapps/common/RimWorld/RimWorldLinux_Data/Managed'
Mono config path = '/home/syb/.var/app/com.valvesoftware.Steam/.local/share/Steam/steamapps/common/RimWorld/RimWorldLinux_Data/MonoBleedingEdge/etc'
Preloaded 'lib_burst_generated.so'
Preloaded 'libsteam_api.so'
Display 0 'DELL U4320Q 43"': 3840x2160 (primary device).
[PhysX] Initialized MultithreadedTaskDispatcher with 16 workers.
Desktop is 3840 x 2160 @ 60 Hz
Initialize engine version: 2022.3.35f1 (011206c7a712)
[Subsystems] Discovering subsystems at path /home/syb/.var/app/com.valvesoftware.Steam/.local/share/Steam/steamapps/common/RimWorld/RimWorldLinux_Data/UnitySubsystems
GfxDevice: creating device client; threaded=1; jobified=0
Renderer: AMD Radeon RX 7900 XTX (radeonsi, navi31, LLVM 21.1.5, DRM 3.57, 6.8.0-88-generic)
Vendor:   AMD
Version:  4.6 (Core Profile) Mesa 25.2.6 (git-3f12436d80)
GLES:     0
 GL_AMD_conservative_depth GL_AMD_depth_clamp_separate GL_AMD_draw_buffers_blend GL_AMD_gpu_shader_int64 GL_AMD_multi_draw_indirect GL_AMD_pinned_memory GL_AMD_query_buffer_object GL_AMD_seamless_cubemap_per_texture GL_AMD_shader_stencil_export GL_AMD_shader_trinary_minmax GL_AMD_texture_texture4 GL_AMD_vertex_shader_layer GL_AMD_vertex_shader_viewport_index GL_ANGLE_texture_compression_dxt3 GL_ANGLE_texture_compression_dxt5 GL_ARB_ES2_compatibility GL_ARB_ES3_1_compatibility GL_ARB_ES3_2_compatibility GL_ARB_ES3_compatibility GL_ARB_arrays_of_arrays GL_ARB_base_instance GL_ARB_bindless_texture GL_ARB_blend_func_extended GL_ARB_buffer_storage GL_ARB_clear_buffer_object GL_ARB_clear_texture GL_ARB_clip_control GL_ARB_color_buffer_float GL_ARB_compressed_texture_pixel_storage GL_ARB_compute_shader GL_ARB_compute_variable_group_size GL_ARB_conditional_render_inverted GL_ARB_conservative_depth GL_ARB_copy_buffer GL_ARB_copy_image GL_ARB_cull_distance GL_ARB_debug_output GL_ARB_depth_buffer_float GL_ARB_depth_cla
mp GL_ARB_derivative_control GL_ARB_direct_state_access GL_ARB_draw_buffers GL_ARB_draw_buffers_blend GL_ARB_draw_elements_base_vertex GL_ARB_draw_indirect GL_ARB_draw_instanced GL_ARB_enhanced_layouts GL_ARB_explicit_attrib_location GL_ARB_explicit_uniform_location GL_ARB_fragment_coord_conventions GL_ARB_fragment_layer_viewport GL_ARB_fragment_shader GL_ARB_framebuffer_no_attachments GL_ARB_framebuffer_object GL_ARB_framebuffer_sRGB GL_ARB_get_program_binary GL_ARB_get_texture_sub_image GL_ARB_gl_spirv GL_ARB_gpu_shader5 GL_ARB_gpu_shader_fp64 GL_ARB_gpu_shader_int64 GL_ARB_half_float_pixel GL_ARB_half_float_vertex GL_ARB_indirect_parameters GL_ARB_instanced_arrays GL_ARB_internalformat_query GL_ARB_internalformat_query2 GL_ARB_invalidate_subdata GL_ARB_map_buffer_alignment GL_ARB_map_buffer_range GL_ARB_multi_bind GL_ARB_multi_draw_indirect GL_ARB_occlusion_query2 GL_ARB_parallel_shader_compile GL_ARB_pipeline_statistics_query GL_ARB_pixel_buffer_object GL_ARB_point_sprite GL_ARB_polygon_offset_clamp GL_A
RB_post_depth_coverage GL_ARB_program_interface_query GL_ARB_provoking_vertex GL_ARB_query_buffer_object GL_ARB_robust_buffer_access_behavior GL_ARB_robustness GL_ARB_sample_shading GL_ARB_sampler_objects GL_ARB_seamless_cube_map GL_ARB_seamless_cubemap_per_texture GL_ARB_separate_shader_objects GL_ARB_shader_atomic_counter_ops GL_ARB_shader_atomic_counters GL_ARB_shader_ballot GL_ARB_shader_bit_encoding GL_ARB_shader_clock GL_ARB_shader_draw_parameters GL_ARB_shader_group_vote GL_ARB_shader_image_load_store GL_ARB_shader_image_size GL_ARB_shader_objects GL_ARB_shader_precision GL_ARB_shader_stencil_export GL_ARB_shader_storage_buffer_object GL_ARB_shader_subroutine GL_ARB_shader_texture_image_samples GL_ARB_shader_texture_lod GL_ARB_shader_viewport_layer_array GL_ARB_shading_language_420pack GL_ARB_shading_language_include GL_ARB_shading_language_packing GL_ARB_sparse_buffer GL_ARB_sparse_texture GL_ARB_sparse_texture2 GL_ARB_sparse_texture_clamp GL_ARB_spirv_extensions GL_ARB_stencil_texturing GL_ARB_sync 
GL_ARB_tessellation_shader GL_ARB_texture_barrier GL_ARB_texture_border_clamp GL_ARB_texture_buffer_object GL_ARB_texture_buffer_object_rgb32 GL_ARB_texture_buffer_range GL_ARB_texture_compression_bptc GL_ARB_texture_compression_rgtc GL_ARB_texture_cube_map_array GL_ARB_texture_filter_anisotropic GL_ARB_texture_filter_minmax GL_ARB_texture_float GL_ARB_texture_gather GL_ARB_texture_mirror_clamp_to_edge GL_ARB_texture_multisample GL_ARB_texture_non_power_of_two GL_ARB_texture_query_levels GL_ARB_texture_query_lod GL_ARB_texture_rectangle GL_ARB_texture_rg GL_ARB_texture_rgb10_a2ui GL_ARB_texture_stencil8 GL_ARB_texture_storage GL_ARB_texture_storage_multisample GL_ARB_texture_swizzle GL_ARB_texture_view GL_ARB_timer_query GL_ARB_transform_feedback2 GL_ARB_transform_feedback3 GL_ARB_transform_feedback_instanced GL_ARB_transform_feedback_overflow_query GL_ARB_uniform_buffer_object GL_ARB_vertex_array_bgra GL_ARB_vertex_array_object GL_ARB_vertex_attrib_64bit GL_ARB_vertex_attrib_binding GL_ARB_vertex_buffer_obj
ect GL_ARB_vertex_shader GL_ARB_vertex_type_10f_11f_11f_rev GL_ARB_vertex_type_2_10_10_10_rev GL_ARB_viewport_array GL_ATI_blend_equation_separate GL_ATI_meminfo GL_ATI_texture_float GL_ATI_texture_mirror_once GL_EXT_EGL_image_storage GL_EXT_EGL_image_storage_compression GL_EXT_EGL_sync GL_EXT_abgr GL_EXT_blend_equation_separate GL_EXT_debug_label GL_EXT_demote_to_helper_invocation GL_EXT_depth_bounds_test GL_EXT_draw_buffers2 GL_EXT_draw_instanced GL_EXT_framebuffer_blit GL_EXT_framebuffer_multisample GL_EXT_framebuffer_multisample_blit_scaled GL_EXT_framebuffer_object GL_EXT_framebuffer_sRGB GL_EXT_memory_object GL_EXT_memory_object_fd GL_EXT_packed_depth_stencil GL_EXT_packed_float GL_EXT_pixel_buffer_object GL_EXT_polygon_offset_clamp GL_EXT_provoking_vertex GL_EXT_semaphore GL_EXT_semaphore_fd GL_EXT_shader_clock GL_EXT_shader_image_load_formatted GL_EXT_shader_image_load_store GL_EXT_shader_integer_mix GL_EXT_texture_array GL_EXT_texture_compression_dxt1 GL_EXT_texture_compression_rgtc GL_EXT_texture_c
ompression_s3tc GL_EXT_texture_filter_anisotropic GL_EXT_texture_filter_minmax GL_EXT_texture_integer GL_EXT_texture_mirror_clamp GL_EXT_texture_sRGB GL_EXT_texture_sRGB_R8 GL_EXT_texture_sRGB_RG8 GL_EXT_texture_sRGB_decode GL_EXT_texture_shadow_lod GL_EXT_texture_shared_exponent GL_EXT_texture_snorm GL_EXT_texture_storage GL_EXT_texture_swizzle GL_EXT_timer_query GL_EXT_transform_feedback GL_EXT_vertex_array_bgra GL_EXT_vertex_attrib_64bit GL_EXT_window_rectangles GL_IBM_multimode_draw_arrays GL_INTEL_blackhole_render GL_KHR_blend_equation_advanced GL_KHR_context_flush_control GL_KHR_debug GL_KHR_no_error GL_KHR_parallel_shader_compile GL_KHR_robust_buffer_access_behavior GL_KHR_robustness GL_KHR_shader_subgroup GL_KHR_texture_compression_astc_ldr GL_KHR_texture_compression_astc_sliced_3d GL_MESA_framebuffer_flip_y GL_MESA_pack_invert GL_MESA_shader_integer_functions GL_MESA_texture_const_bandwidth GL_MESA_texture_signed_rgba GL_NVX_gpu_memory_info GL_NV_alpha_to_coverage_dither_control GL_NV_compute_shader
_derivatives GL_NV_conditional_render GL_NV_copy_image GL_NV_depth_clamp GL_NV_packed_depth_stencil GL_NV_shader_atomic_int64 GL_NV_texture_barrier GL_NV_vdpau_interop GL_OES_EGL_image GL_S3_s3tc
OPENGL LOG: Creating OpenGL 4.6 graphics device ; Context level  <OpenGL 4.5> ; Context handle 650482176
Begin MonoManager ReloadAssembly
- Loaded All Assemblies, in  0.057 seconds
- Finished resetting the current domain, in  0.001 seconds
Default vsync count 1
requesting resize 3828 x 2074
resizing window to 3828 x 2074
Desktop is 3840 x 2160 @ 60 Hz
[PhysX] Initialized MultithreadedTaskDispatcher with 16 workers.
UnloadTime: 0.557969 ms
Command line arguments: -disable-compute-shaders -popupwindow
[S_API] SteamAPI_Init(): Loaded '/home/syb/.var/app/com.valvesoftware.Steam/.local/share/Steam/linux64/steamclient.so' OK.
Setting breakpad minidump AppID = 294100
SteamInternal_SetMinidumpSteamID:  Caching Steam ID:  76561198011700377 [API loaded no]
RimWorld 1.6.4633 rev1273
requesting resize 3828 x 2074
resizing window to 3828 x 2074
Desktop is 3840 x 2160 @ 60 Hz
Symbol file /home/syb/.var/app/com.valvesoftware.Steam/.local/share/Steam/steamapps/workshop/content/294100/2013476665/1.6/Assemblies/RimWorldColumns.pdb doesn't match image /home/syb/.var/app/com.valvesoftware.Steam/.local/share/Steam/steamapps/workshop/content/294100/2013476665/1.6/Assemblies/RimWorldColumns.dll
Symbol file /home/syb/.var/app/com.valvesoftware.Steam/.local/share/Steam/steamapps/workshop/content/294100/2877731755/1.6/Assemblies/0DivineFramework.pdb doesn't match image /home/syb/.var/app/com.valvesoftware.Steam/.local/share/Steam/steamapps/workshop/content/294100/2877731755/1.6/Assemblies/0DivineFramework.dll
Fallback handler could not load library /home/syb/.var/app/com.valvesoftware.Steam/.local/share/Steam/steamapps/common/RimWorld/RimWorldLinux_Data/MonoBleedingEdge/x86_64/data-0x7a54ecd0e420.so
Fallback handler could not load library /home/syb/.var/app/com.valvesoftware.Steam/.local/share/Steam/steamapps/common/RimWorld/RimWorldLinux_Data/MonoBleedingEdge/x86_64/data-0x7a54ecdc1dd0.so
Fallback handler could not load library /home/syb/.var/app/com.valvesoftware.Steam/.local/share/Steam/steamapps/common/RimWorld/RimWorldLinux_Data/MonoBleedingEdge/x86_64/data-0x7a54ef79cda0.so
[HugsLib] version 12.0.0
[Analyzer] Loaded version 1.6.0 rev 1
[Analyzer] Detected Visual Exceptions - Integrating
[Analyzer] NeedBarOverflow
[Analyzer] BedOwnershipTools
Fallback handler could not load library /home/syb/.var/app/com.valvesoftware.Steam/.local/share/Steam/steamapps/common/RimWorld/RimWorldLinux_Data/MonoBleedingEdge/x86_64/data-0x7a54b09cdc70.so
ModContentPack.LoadPatches does not matches the reference. Skipping transpiler
Fallback handler could not load library /home/syb/.var/app/com.valvesoftware.Steam/.local/share/Steam/steamapps/common/RimWorld/RimWorldLinux_Data/MonoBleedingEdge/x86_64/data-0x7a54b11323e0.so
Texture '' has dimensions (5333 x 3000) which are not multiples of 4. Compress will not work.
SatisfiedStorage loading
[WDHeaters] Loaded.
Ugh You Got Me: Trying to patch MentalState_SocialFighting.ShouldStop.get.
Ugh You Got Me: Patched MentalState_SocialFighting.ShouldStop.get.
Ugh You Got Me: Trying to patch JobGiver_SocialFighting.TryGiveJob
Ugh You Got Me: Patched JobGiver_SocialFighting.TryGiveJob.
[Interaction Bubbles v4.2] Initialized
Combat Readiness Check: Patched Caravan.PlayerWealthForStoryteller.
[Visible Wealth] Loaded.
[RealRuins][System]: Loaded RealRuins_Mod (no HugsLib)
Dubs Skylight 1.5.3114
[Bed Rest For Food Poisoning] Loaded.
<color=#1c6beb>[KeyzAllowUtilities]</color> Loading KeyzAllowUtilities
[Big & Small] Patched 44 PawnRenderNodeProperties to use PawnRenderingProps_Lite for recolorable graphics.
Remember that you can always disable this again in the mod options.
Key binding conflict: MainTab_kNumbersOverviewTab and OpenMapSearch are both bound to Z.
Key binding conflict: OpenMapSearch and MainTab_kNumbersOverviewTab are both bound to Z.
Error: Cannot create FMOD::Sound instance for clip "" (FMOD error: Unsupported file or audio format. )
Error: Cannot create FMOD::Sound instance for clip "" (FMOD error: Unsupported file or audio format. )
Error: Cannot create FMOD::Sound instance for clip "" (FMOD error: Unsupported file or audio format. )
Error: Cannot create FMOD::Sound instance for clip "" (FMOD error: Unsupported file or audio format. )
Error: Cannot create FMOD::Sound instance for clip "" (FMOD error: Unsupported file or audio format. )
Error: Cannot create FMOD::Sound instance for clip "" (FMOD error: Unsupported file or audio format. )
Error: Cannot create FMOD::Sound instance for clip "" (FMOD error: Unsupported file or audio format. )
Error: Cannot create FMOD::Sound instance for clip "" (FMOD error: Unsupported file or audio format. )
Error: Cannot create FMOD::Sound instance for clip "" (FMOD error: Unsupported file or audio format. )
Error: Cannot create FMOD::Sound instance for clip "" (FMOD error: Unsupported file or audio format. )
Quarry:: Total 6 quarryable terrain found, processed: Sandstone, Granite, Limestone, Slate, Marble, Vacstone
Translation data for language English has 5 errors. Generate translation report for more info.
KCSG has Created 7244 symbolDefs for vanilla and DLCs
[XML Extensions] Initialized 6 SettingsMenuDef(s) and found 6 unused key(s) from 2 mod(s)
[XML Extensions] 4898 total patch operations run in 8248ms, 0 failed
[XML Extensions] Emitted 6 mod class(es)
[XmlPatchHelper] version 1.6.1124
Mod 'Just Help For Me' loaded.
[Hauts' Framework] active.
[Hauts' Added Traits] active.
[Utility Columns] - Patching...
[BorderOnPause 2.0.0.18] Initialized
[TrueTerrainColors v1.12.22] Loaded cached true colors for 577 terrain defs from file.
[MarkThatPawn]: Pawn Badge mod loaded, trying to generate marker-sets of 25 badge definitions
[MarkThatPawn]: Found 8 icons for Militar - PawnBadge
[MarkThatPawn]: Found 17 icons for Skill - PawnBadge
[MarkThatPawn]: Imported all pawn badges into 2 marker-sets
[MarkThatPawn]: Found 20 icons for GDI
[MarkThatPawn]: Found 8 icons for Ideology
[MarkThatPawn]: Found 19 icons for Jobs
[MarkThatPawn]: Found 8 icons for Militar
[MarkThatPawn]: Found 20 icons for Nod
[MarkThatPawn]: Found 8 icons for Numbers
[MarkThatPawn]: Found 17 icons for Skills
[MarkThatPawn]: Found 16 icons for Symbols
[MarkThatPawn]: Found 13 icons for Weapons
[MarkThatPawn]: Found 8 icons for WOW Style
[MarkThatPawn]: Found 18 icons for XCOM
[MarkThatPawn]: Found 13 icons for XCOM 2
[MarkThatPawn]: Found 9 icons for XCOM Medieval
[MarkThatPawn]: Found 240 loaded weapons, 14 explosive weapons and 28 thrown projectiles
[MarkThatPawn]: Found 338 loaded apparel, 79 armored apparel, 71 royal apparel, 23 psycast apparel, 8 enviromental protection apparel, 6 mechanator apparel and 180 basic apparel 
[MarkThatPawn]: Found 3 automatic rules defined
BoomModExpanded: Current exploders are boomalope, boomrat, unstable dryad, acanthamoeba gigantea, small, acanthamoeba gigantea, large, acanthamoeba gigantea, huge, aerofleet, colossal aerofleet, chemfuel myrmidon, genix, green goo, infected aerofleet, luciferbug, red goo, red spore, boombat
[BoomModExpanded]: Adding support for Animal Behaviour
[BoomModExpanded]: Adding support for Alpha Genes
[RaidPointMultiplier] Initialized with 43 factions.
[BadLeatherCategory]: Note that Leather_Human is also used by non-humanlikes. Gorehulk, AA_FungalHusk, AA_Mime, Corpse_Gorehulk, Corpse_AA_FungalHusk, Corpse_AA_Mime
[BadLeatherCategory]: Note that Leather_Lizard is also used by non-humanlikes. Cobra, Tortoise, Iguana, MonitorLizard, Alligator, SeaTurtle, AA_AnimaColossus, AA_CrescendoAnole, AA_DecayDrake, AA_Erin, AA_Lockjaw, AA_OvergrownColossus, AA_PedigreedRaptor, AA_RayHound, AA_RoughPlatedMonitor, AEXP_Crocodile, AEXP_DesertTortoise, AEXP_GilaMonster, AEXP_Rattlesnake, AEXP_Anaconda, Corpse_Cobra, Corpse_Tortoise, Corpse_Iguana, Corpse_MonitorLizard, Corpse_Alligator, Corpse_SeaTurtle, Corpse_AA_AnimaColossus, Corpse_AA_CrescendoAnole, Corpse_AA_DecayDrake, Corpse_AA_Erin, Corpse_AA_Lockjaw, Corpse_AA_OvergrownColossus, Corpse_AA_PedigreedRaptor, Corpse_AA_RayHound, Corpse_AA_RoughPlatedMonitor, Corpse_AEXP_Crocodile, Corpse_AEXP_DesertTortoise, Corpse_AEXP_GilaMonster, Corpse_AEXP_Rattlesnake, Corpse_AEXP_Anaconda
[BadLeatherCategory]: Moved 3 leather to the Bad Leather-category
[GrievousWounds] EBF Enabled?: False
Harmony instance for BPC should have been made.
Harmony instance for BPC VPE patch should have been made.
[Dynamic Diplomacy] DD loaded
[RealRuins][System]: RealRuins started patching at 11/28/2025 1:35:53 PM
PostOpen is patchable.
[RealRuins][System]: RealRuins performing manual patching optional mods at 11/28/2025 1:35:53 PM
[RealRuins][System]: RealRuins finished patching at 11/28/2025 1:35:53 PM (32.566 msec)
SupplyAndDemand Harmony Patches:
  Postfix:
    StockGenerator.RandomCountOf
[Expectations Modifier] Expectations Modifier Harmony Patches Loaded.
[Davai's Sorted Categories] [SortNastyMeat] starting
[Davai's Sorted Categories] [SortNastyMeat] Moved 7 meat to the Nasty meat category
[Davai's Sorted Categories] [ChangeDefaultSocialDrugs] starting
[Davai's Sorted Categories] [ChangeDefaultSocialDrugs] Added 2 drugs to Social drugs by default
[Davai's Sorted Categories] [SortDrugs] starting
[Davai's Sorted Categories] [SortDrugs] Moved 27 drugs to the Social drugs category
[Davai's Sorted Categories] [SortDrugs] Moved 2 drugs to the Medical drugs category
[Davai's Sorted Categories] [SortDrugs] Moved 4 drugs to the Hard drugs category
[Davai's Sorted Categories] [SortDrugs] Moved 8 sera to the Sera category
found field: Verse.Room room
Walls are Solid - transpiler patched successfully.
PickUpAndHaul v1.1.2¼ welcomes you to RimWorld with pointless logspam.
[GradientHair.Fixes] Loaded (UI scroll + legacy texture fallback)
[Geological Landforms v1.7.11] Found landform data in the following mods: Geological Landforms
[Geological Landforms v1.7.11] Loaded 44 landforms of which 0 are edited and 0 are custom.
[LunarFramework v1.1.16] Processed 11 Harmony patches in 1364 ms.
Unloading 5 Unused Serialized files (Serialized files now loaded: 14)
MVCF successfully applied 51 patches
[net.pardeike.rimworld.lib.harmony] Patches on methods annotated as Obsolete were detected by HugsLib: Verse.Translator.Translate
Unloading 235 unused Assets to reduce memory usage. Loaded Objects now: 65749.
Total: 881.579020 ms (FindLiveObjects: 3.706810 ms CreateObjectMapping: 2.553090 ms MarkObjects: 874.729622 ms  DeleteObjects: 0.588998 ms)

[DivineFramework] Loaded version 0.12.0.1
CharacterEditor v1.6.3 initializing...
updating labels for english...
loading pawn slot content from file...
character editor instance created
checking editor settings...
bodysizes genes are active
CharacterEditor v1.6.3 ...done
CameraPlus: Found mod at /home/syb/.var/app/com.valvesoftware.Steam/.local/share/Steam/steamapps/workshop/content/294100/867467808
[HugsLib] initializing StackableChunks, StackXXL, AvoidFriendlyFire
[StackableChunks] Chunk Stacks set too: 5
[StackableChunks] Slag Stacks set too: 5
[StackXXL] Loaded
[RealRuins][System]: RealRuins Startup hook triggered
[VirtualClassOnLoad] Virtual Loadtime Class Starting!
[Expectations Modifier] Modifying All Wealth Expectations Now!
[Expectations Modifier] Successfully Modified All Wealth Expectations!
[Expectations Modifier] Modifying All Expectations Mood Effects Now!
[Expectations Modifier] Successfully Modified All Expectations Mood Effects!
[Expectations Modifier] All Undesired Expectations Removed!
[VirtualClassOnLoad] Virtual Class Ended with 1 PostFixes.
  RimWorld.Citrus.ExpectationsModifier
[Clean Research Sort]: Detected circular dependency: Power Factor Setting for RimFridge requires Power Factor Setting for RimFridge, which eventually requires itself. This link will be ignored.
[Clean Research Sort]: Detected circular dependency: Power Factor Setting for RimFridge requires Power Factor Setting for RimFridge, which eventually requires itself. This link will be ignored.
[Clean Research Sort]: Detected circular dependency: Power Factor Setting for RimFridge requires Power Factor Setting for RimFridge, which eventually requires itself. This link will be ignored.
[Clean Research Sort]: Detected circular dependency: Power Factor Setting for RimFridge requires Power Factor Setting for RimFridge, which eventually requires itself. This link will be ignored.
[Clean Research Sort]: Detected circular dependency: Power Factor Setting for RimFridge requires Power Factor Setting for RimFridge, which eventually requires itself. This link will be ignored.
[Clean Research Sort]: Detected circular dependency: Power Factor Setting for RimFridge requires Power Factor Setting for RimFridge, which eventually requires itself. This link will be ignored.
[Clean Research Sort]: Detected circular dependency: Power Factor Setting for RimFridge requires Power Factor Setting for RimFridge, which eventually requires itself. This link will be ignored.
[Clean Research Sort]: Successfully applied sorted research tree layout.
CE is trying to create default parameter lists ...
creating default parameter list for genes...
1428 default entities for genes created
creating default parameter list for objects...
3905 default entities for objects created
creating default parameter list for turrets...
32 default entities for turrets created
...lists created
CE is trying to apply modified parameters...
no modifications for genes
no modifications for objects
no modifications for lifestages
...done
Unloading 3 Unused Serialized files (Serialized files now loaded: 15)
[PhysX] Initialized MultithreadedTaskDispatcher with 16 workers.
UnloadTime: 0.644442 ms
requesting resize 3828 x 2074
resizing window to 3828 x 2074
Desktop is 3840 x 2160 @ 60 Hz
Unloading 2 unused Assets to reduce memory usage. Loaded Objects now: 66047.
Total: 911.108478 ms (FindLiveObjects: 3.027772 ms CreateObjectMapping: 2.395063 ms MarkObjects: 905.621683 ms  DeleteObjects: 0.063460 ms)

Loading game from file Baida Tribe 33-Sep3 with mods:
  - brrainz.harmony
  - brrainz.visualexceptions
  - Ludeon.RimWorld
  - Ludeon.RimWorld.Royalty
  - AceToYourFace.FasterAnimaMeditation
  - Ludeon.RimWorld.Ideology
  - Ludeon.RimWorld.Biotech
  - Ludeon.RimWorld.Anomaly
  - Ludeon.RimWorld.Odyssey
  - RedMattis.BetterPrerequisites
  - thereallemon.factioncontrol
  - adaptive.storage.framework
  - vanillaexpanded.backgrounds
  - OskarPotocki.VanillaFactionsExpanded.Core
  - VanillaExpanded.VARME
  - UnlimitedHugs.HugsLib
  - void.charactereditor
  - Dubwise.DubsPerformanceAnalyzer.steam
  - Troopersmith1.DeathRattle
  - Adaptive.PrimitiveStorage
  - m00nl1ght.UnofficialUpdates.HugsLogPublisher
  - Erin.FFXIVRaces
  - name.krypt.rimworld.rwlayout.alpha2
  - imranfish.xmlextensions
  - Mlie.VisualXMLPatches
  - smashphil.xmlpatchhelper
  - Nightmare.Core
  - drilledhead.MyDogsHouse
  - Mlie.PunjiSticks
  - zal.researchspot
  - foodbowl.programmerlily.com
  - AdvancedTurrets.velcroboy333
  - Mlie.AdvancedMortar
  - Og.Repair.Your.Gear
  - Mlie.O21BarbedWire
  - SlimeSenpai.AutoVentsNoPower
  - Meltup.BeautifulOutdoors
  - Avocado999.BetterPassiveCooler.0001
  - brrainz.cameraplus
  - Mlie.CoalExpanded
  - HeadWar.DelayedDeterioration
  - overpl.DrawnSpots
  - bean.customxenotypes.orksoftherim
  - BotchJob.HTHair
  - Neronix17.Retexture.VanillaBeards
  - Keshash.InjuryTextures
  - Andromeda.NiceHairs
  - sakama.RoppoiHair
  - won.hair
  - Erin.Hairredux
  - rimsenal.hair
  - won2.hair
  - VanillaExpanded.VHE
  - Jiopaba.Fences
  - Shenanigans.TribalTattoos
  - SkullOG.EBT
  - KidApparelExpanded.Goblins4Lyfe
  - Ffisher.WildPlantsGiveHay
  - CN.justhelpforme
  - Inglix.FasterBiosculptingPod
  - Farxmai2.GeneBanksExapnded
  - CN.morereasonablemortars
  - wiggler310.medieval
  - VanillaExpanded.VWE
  - OskarPotocki.VanillaFactionsExpanded.SettlersModule
  - VanillaExpanded.VAEAccessories
  - VanillaExpanded.VPsycastsE
  - StockSounds.Factions.Scavenger
  - Sarg.AlphaMemes
  - sarg.alphaanimals
  - zal.tribalinstruments
  - Trickity.Conversion.Staff
  - Side1iner.TraitsPlus
  - nakomaru.carrygenes
  - Shenanigans.TribalBackstories1.4
  - GHOST.TribalIcons
  - llunak.MorePrecepts
  - VanillaExpanded.VPE.Puppeteer
  - Hautarche.HautsFramework
  - Hautarche.HautsTraits
  - sarg.alphagenes
  - Jiopaba.FenceTab
  - CaretCake.Resources.MoreComponentsandSteelMoreVanilla
  - VanillaExpanded.VWETB
  - VanillaExpanded.VanillaTraitsExpanded
  - VanillaExpanded.VanillaSocialInteractionsExpanded
  - VanillaExpanded.VPlantsE
  - VanillaExpanded.VCookE
  - VanillaExpanded.VCEF
  - VanillaExpanded.VBooksE
  - VanillaExpanded.VMemesE
  - RedMattis.VanillaGenesRebalanced
  - VanillaExpanded.VFEPower
  - VanillaExpanded.VFEArt
  - VanillaExpanded.VEE
  - VanillaExpanded.VBrewE
  - VanillaExpanded.VAPPE
  - VanillaExpanded.VanillaAnimalsExpanded
  - Chairheir.VPERunesmith
  - VanillaExpanded.VPE.Hemosage
  - SiSq.VPsyEDeathRattle
  - ratys.rtsolarflareshield
  - ratys.rtpowerswitch
  - ratys.rtfuse
  - Dubwise.Rimefeller
  - dismarzero.VGP.VGPVegetableGarden
  - dismarzero.VGP.VGPGardenGourmet
  - UnblestMATT.ChocolateRedeux
  - nephlite.orbitaltradecolumn
  - MorphsAssorted.FaceTattoos
  - dismarzero.VGP.VGPGardenCanning
  - rimfridge.kv.rw
  - dismarzero.VGP.VGPMoreVeggies
  - Mlie.RFTribalRaiders
  - RedMattis.BigSmall.Core
  - RedMattis.BigSmall
  - riprusse.manhair
  - ASF.DeepStorage
  - Seanbeag.AnimaTree
  - jdgg.adaptive.cargoholds
  - TheVillageGuy.Mousetraps.1
  - Haplo.Miscellaneous.TrainingNoTask
  - Harkon.VEAddOn.VanillaExpandedExtraEmbrasures
  - sbz.GravshipStorage
  - sbz.NeatStorage
  - Adaptive.SimpleStorage
  - hobtook.mortaraccuracy
  - Og.likeafox.rimworld.safepause.Continued
  - Twobit.LPSmokeleaf
  - jelly.caravangear
  - Drenwick.BurialUrns
  - 4loris4.MoreLinkables
  - Hol.StoneButcher
  - sirrandoo.mpe
  - ryder.SatisfiedStorage
  - Mlie.MorePlanning
  - aardvark.MoreVisiblePause
  - toastyman.moreritualseats
  - iceworld.tribalouterwear
  - Gunmar.TribalWarriorSet
  - Mud.TribalApparel
  - River.Tribal.Shoes
  - River.Tribal.Mittens
  - PeteTimesSix.SimpleSidearms
  - klvlt.smokedfish
  - dismarzero.VGP.Smokedmeat
  - Mallow.Shoes.Socks
  - Elshender.stackablechunks
  - Indeed.StackXXL
  - m00nl1ght.MapPreview
  - nep.childsizedarmor
  - itchyflea.medicaltraining
  - heatherathebyne.insulatedhelmets
  - SteelChicken.InsultatedPlateArmor
  - Memegoddess.ThickArmor
  - VanillaExpanded.VFEFarming
  - Mlie.MarkThatPawn
  - pyrce.mass.graves.continued
  - Grandyy.Industrial.Defense.Turrets
  - leion247138.MedicalHIV
  - sarg.smartspeed
  - Mlie.SmarterVisitors
  - denev.SmartTurretCovering
  - Memegoddess.SmartMedicine
  - Koth.ISiD
  - Turnovus.RimWorld.PersistentDate
  - kathanon.ImpressionableChildren
  - P4V3L.PawnsCarryMoney
  - RedMattis.BetterGeneInheritance
  - Mlie.BoomModExpanded
  - TheVillageGuy.NoDropCenterDropRaids.1
  - sneezingseal.sealsbackstorycollection
  - Mlie.FactionRaidCooldown
  - FlinNice.FactionRaidPointMultiplier
  - BlackSmokeDMax.FC2p.v101
  - Hawkwood.FloorsAreAlmostWorthless
  - avilmask.GrazingLands
  - Mlie.PawnNameVariety
  - SaucyPigeon.PawnBadge
  - Mlie.ExpandedIncidents
  - cucumpear.flap
  - smashphil.dropspot
  - Aoba.Tent
  - tradingpost.programmerlily.com
  - overpl.AnimalSarcophagus
  - FrozenSnowFox.BetterSpikeTraps
  - SickBoyWi.Vault.OnePointOne
  - archie.turrettargetpatch
  - Mlie.ExtraSecurity
  - Mlie.VariousSpaceShipChunk
  - Proxyer.SmallShelf
  - dracoix.doormat.r12a
  - Pineapple.fueledheaters
  - Ogliss.TheWhiteCrayon.Quarry
  - Mlie.StopQuarryingWhenFull
  - Scherub.StonecuttingExtended
  - Lucifer.RealisticRooms
  - Unon.NoBurnMetal
  - velc.TrapDisable
  - llunak.NoDefaultGatherSpot
  - Jetroid.DoNotDrawVersion
  - Vesper.NotMyFault
  - Proxyer.CheapMortarShell
  - marvinkosh.sometimesraidsgowrong
  - marvinkosh.ughyougotme
  - Mlie.BadLeatherCategory
  - ivaera.wealthcable
  - Mlie.RailsAndRoadsOfTheRim
  - Nightmare.Museums
  - bblkepling.childrensbooks
  - Jaxe.Bubbles
  - BDew.CremateAutoStrip
  - Hanabishi.InwallCoolersAndVents
  - telardo.Epitaph
  - Vakaria.RespectScars
  - Bazel.ToxGenPlus.2
  - SmoothedStoneIsWorthless.Mod
  - twistedpacifist.ReasonableComponents
  - ChemToNeutroCombo.velcroboy333
  - Mlie.CombatReadinessCheck
  - Arkymn.SlowerPawnTickRate
  - visiblewealth.1trickPwnyta
  - m00nl1ght.GeologicalLandforms
  - Orbital.Books
  - bs.xenotypespawncontrol
  - Mlie.TechappropriateRoofMote
  - lc.tammybee.selectablesculpturegraphic
  - Mlie.SafelyHiddenAway
  - det.stoneborn
  - FrozenSnowFox.BetterExplorationLoot
  - FrozenSnowFox.FilthVanishesWithRainAndTime
  - divineDerivative.Romance
  - mayo.kindneanderthals
  - Mlie.RFRumorHasIt
  - Mlie.BetterBeggars
  - jamaicancastle.RF.fertilefields
  - Oblitus.MyLittlePlanet
  - madarauchiha.custommapsizes
  - Sirprook.GrievousWounds
  - WeirdCat.BiosculptPsy
  - Dragon.CraftablePsylinkNeuroformers
  - nachotoast.neceros.fuseplus
  - Samael.LivestockTraders
  - goldenlumia.atewithouttable
  - kikohi.jewelry
  - 5tratz.WallHeaterCooler
  - dvs.NoRandomRelations
  - Mlie.FoodAlert
  - Wyr3d.BetterVisitorTrades
  - polymeric.bedownershiptools
  - falconne.AFF
  - Jmattspartacus.DynamicPopulationUnlocked
  - nilchei.dynamicdiplomacycontinued
  - Mlie.HarvestWhenButchering
  - Defi.StabilizeBleeding
  - Mlie.TendingTakesTime
  - Mersid.BackupPowerUpdated
  - Woolstrand.RealRuins
  - Piggy.OneDiseaseStart
  - Leonapp.CarcinomaSpreads
  - TheLastBulletBender.RWExploration
  - VanillaExpanded.Recycling
  - arvkus.simplerecycling
  - wr.Insulated.VanillaExpanded.VARME
  - PalverZ.MoreTraps
  - Dubwise.DubsSkylights
  - wr.FertileFieldsDubsSkylightsBalancePatch
  - alyssapaws.oocmovespeedboost
  - Keshash.LayeredWallDestruction
  - seromas.LayeredDestruction.Patches
  - Billnotic.ActuallyVanillaMusicExpansion
  - FrozenSnowFox.NoDefaultShelfStorage
  - Mlie.KVSupplyAndDemand
  - bedrestforfoodpoisoning.1trickPonyta
  - Wyr3d.ReinforcedWallsResumed
  - Citrus.ExpectationsModifier
  - Aelanna.GetOutOfMyChair
  - davai.sortedcategories
  - wr.wyd.RFWallsReworked.StrongerReinforced
  - rabiosus.autoblink
  - FrozenSnowFox.MoreQuests
  - FrozenSnowFox.BetterPawnLendingQuest
  - rabiosus.jumplifter
  - wr.LessFilthyCats
  - Mlie.PrisonersDontHaveKeys
  - Mlie.MountainMiner
  - Xercaine.Medieval.Shields
  - cass.LaunchSitesExpire
  - Leo.CleanResearchSort
  - Syrus.CaravanMoodBuff
  - sarg.alphabooks
  - ILuvSilicon.SimpleVest
  - al9000.tastycore
  - al9000.fireandsteel
  - MrHydralisk.LayeredAtmosphereOrbit
  - PeteTimesSix.CategorizedCleaning.Split
  - Mlie.MoreGraphs
  - AmCh.NeedBarOverflow
  - Tials.Floordrawings
  - allifreyr.patch.strongermetalwalls
  - latta.petknowstrueyou
  - monstered10.cleanraccoon
  - FlyingSloth.SCFilthReducer
  - Victor.WallsAreSolid
  - Mlie.NoVersionWarning
  - Mehni.Numbers
  - Owlchemist.SmartFarming
  - avilmask.CommonSense
  - Mlie.SYRHarvestYield
  - Mehni.PickUpAndHaul
  - keyz182.KeyzAllowUtilities
  - FrozenSnowFox.ComplexJobs
  - Xercaine.WallSunLamp
  - sun.reducer
  - wr.EmbrasureCover85Percent
  - wr.FertileFieldsBalancePatch
  - Scorpio.ResourceDictionary
  - automatic.gradienthair
  - cosmosteller.gradienthair.fixes
  - Parapluman.localgradienthairinvisiblebaldpawnfix
  - oels.chooseyouroutfit
  - Og.AutomaticPowerSwitch
  - Mlie.TurnOnOffRePowered
  - Kattalisk.AllProductionXP
  - Mlie.TradeableTrinkets
  - erdelf.ExportAgency
  - Memegoddess.ReplaceStuff
  - Kas.StrongerScaling
  - zal.tradegoods
  - Runzu.TradeGoodsRetexture
  - kathanon.ResearchQueue
  - Mlie.ProstheticNoMissingBodyParts
  - GHXX.TechAdvancing
  - DerekBickley.LTOColonyGroupsFinal
  - wr.StoneBlocksWorthLess
  - imranfish.xmldocumentviewer
[Tech Advancing] [Information] Loading finished.
[Tech Advancing] [Information] Flushing old Research Manager values.
Tried to register the same load ID twice: null, pathRelToParent=/sourcePrecept, parent=Bookcase524844
Tried to register the same load ID twice: null, pathRelToParent=/sourcePrecept, parent=Bookcase525277
Tried to register the same load ID twice: null, pathRelToParent=/sourcePrecept, parent=Bookcase619718
Tried to register the same load ID twice: null, pathRelToParent=/sourcePrecept, parent=Bookcase619752
Tried to register the same load ID twice: null, pathRelToParent=/sourcePrecept, parent=Bookcase619839
Tried to register the same load ID twice: null, pathRelToParent=/sourcePrecept, parent=Bookcase619891
Tried to register the same load ID twice: null, pathRelToParent=/sourcePrecept, parent=Bookcase619941
Tried to register the same load ID twice: null, pathRelToParent=/sourcePrecept, parent=Bookcase619947
Tried to register the same load ID twice: null, pathRelToParent=/sourcePrecept, parent=Bookcase619958
Tried to register the same load ID twice: null, pathRelToParent=/sourcePrecept, parent=Bookcase620067
Tried to register the same load ID twice: null, pathRelToParent=/sourcePrecept, parent=Bookcase908875
Tried to register the same load ID twice: null, pathRelToParent=/sourcePrecept, parent=Bookcase908948
Tried to register the same load ID twice: null, pathRelToParent=/sourcePrecept, parent=Bookcase908975
Tried to register the same load ID twice: null, pathRelToParent=/sourcePrecept, parent=Bookcase908984
Tried to register the same load ID twice: null, pathRelToParent=/sourcePrecept, parent=Bookcase908998
Tried to register the same load ID twice: null, pathRelToParent=/sourcePrecept, parent=Bookcase909004
Tried to register the same load ID twice: null, pathRelToParent=/sourcePrecept, parent=Bookcase909047
Tried to register the same load ID twice: null, pathRelToParent=/sourcePrecept, parent=Bookcase909058
Tried to register the same load ID twice: null, pathRelToParent=/sourcePrecept, parent=Bookcase909073
Could not resolve reference to object with loadID Lord_541 of type Verse.AI.Group.Lord. Was it compressed away, destroyed, had no ID number, or not saved/loaded right? curParent=VEF.Storyteller.RaidGroup curPathRelToParent=/lords
Could not resolve reference to object with loadID Lord_541 of type Verse.AI.Group.Lord. Was it compressed away, destroyed, had no ID number, or not saved/loaded right? curParent=VEF.Storyteller.RaidGroup curPathRelToParent=/lords
Could not resolve reference to object with loadID Lord_541 of type Verse.AI.Group.Lord. Was it compressed away, destroyed, had no ID number, or not saved/loaded right? curParent=VEF.Storyteller.RaidGroup curPathRelToParent=/lords
Could not resolve reference to object with loadID Lord_541 of type Verse.AI.Group.Lord. Was it compressed away, destroyed, had no ID number, or not saved/loaded right? curParent=VEF.Storyteller.RaidGroup curPathRelToParent=/lords
Could not resolve reference to object with loadID Lord_541 of type Verse.AI.Group.Lord. Was it compressed away, destroyed, had no ID number, or not saved/loaded right? curParent=VEF.Storyteller.RaidGroup curPathRelToParent=/lords
Could not resolve reference to object with loadID Lord_541 of type Verse.AI.Group.Lord. Was it compressed away, destroyed, had no ID number, or not saved/loaded right? curParent=VEF.Storyteller.RaidGroup curPathRelToParent=/lords
[Tech Advancing] [Information] Loading finished.
[Tech Advancing] [Information] Flushing old Research Manager values.
Could not get load ID. We're asking for something which was never added during LoadingVars. pathRelToParent=/sourcePrecept, parent=Bookcase524844
Could not get load ID. We're asking for something which was never added during LoadingVars. pathRelToParent=/sourcePrecept, parent=Bookcase525277
Could not get load ID. We're asking for something which was never added during LoadingVars. pathRelToParent=/sourcePrecept, parent=Bookcase619718
Could not get load ID. We're asking for something which was never added during LoadingVars. pathRelToParent=/sourcePrecept, parent=Bookcase619752
Could not get load ID. We're asking for something which was never added during LoadingVars. pathRelToParent=/sourcePrecept, parent=Bookcase619839
Could not get load ID. We're asking for something which was never added during LoadingVars. pathRelToParent=/sourcePrecept, parent=Bookcase619891
Could not get load ID. We're asking for something which was never added during LoadingVars. pathRelToParent=/sourcePrecept, parent=Bookcase619941
Could not get load ID. We're asking for something which was never added during LoadingVars. pathRelToParent=/sourcePrecept, parent=Bookcase619947
Could not get load ID. We're asking for something which was never added during LoadingVars. pathRelToParent=/sourcePrecept, parent=Bookcase619958
Could not get load ID. We're asking for something which was never added during LoadingVars. pathRelToParent=/sourcePrecept, parent=Bookcase620067
Could not get load ID. We're asking for something which was never added during LoadingVars. pathRelToParent=/sourcePrecept, parent=Bookcase908875
Could not get load ID. We're asking for something which was never added during LoadingVars. pathRelToParent=/sourcePrecept, parent=Bookcase908948
Could not get load ID. We're asking for something which was never added during LoadingVars. pathRelToParent=/sourcePrecept, parent=Bookcase908975
Could not get load ID. We're asking for something which was never added during LoadingVars. pathRelToParent=/sourcePrecept, parent=Bookcase908984
Could not get load ID. We're asking for something which was never added during LoadingVars. pathRelToParent=/sourcePrecept, parent=Bookcase908998
Could not get load ID. We're asking for something which was never added during LoadingVars. pathRelToParent=/sourcePrecept, parent=Bookcase909004
Could not get load ID. We're asking for something which was never added during LoadingVars. pathRelToParent=/sourcePrecept, parent=Bookcase909047
Could not get load ID. We're asking for something which was never added during LoadingVars. pathRelToParent=/sourcePrecept, parent=Bookcase909058
Could not get load ID. We're asking for something which was never added during LoadingVars. pathRelToParent=/sourcePrecept, parent=Bookcase909073
[Tech Advancing] [Information] Loading finished.
[Tech Advancing] [Information] Flushing old Research Manager values.
Could not find think node with key 609489829
Could not find think node with key 609489829
Could not find think node with key 1565512094
Could not find think node with key 1565512094
Could not find think node with key 1565512094
Notify_NewLink was called but the link is already here.
Notify_NewLink was called but the link is already here.
Notify_NewLink was called but the link is already here.
Notify_NewLink was called but the link is already here.
Notify_NewLink was called but the link is already here.
Notify_NewLink was called but the link is already here.
Notify_NewLink was called but the link is already here.
Notify_NewLink was called but the link is already here.
Notify_NewLink was called but the link is already here.
Notify_NewLink was called but the link is already here.
Notify_NewLink was called but the link is already here.
Notify_NewLink was called but the link is already here.
Notify_NewLink was called but the link is already here.
Notify_NewLink was called but the link is already here.
Notify_NewLink was called but the link is already here.
Notify_NewLink was called but the link is already here.
Notify_NewLink was called but the link is already here.
Notify_NewLink was called but the link is already here.
Error in PostMapInit() for Wild_PlantPlumeria2514753: System.NullReferenceException: Object reference not set to an instance of an object
[Ref 87CF517]
  at VEE.Plant_PostMapInit_Patch.Postfix (RimWorld.Plant& __instance, System.Int32& ___madeLeaflessTick) [0x0000f] in <5f9e5b3f68a74d34a61d038b40611c7d>:0 
  at RimWorld.Plant.PostMapInit () [0x0000b] in <1a4764477a744bde81c4adb46c2ccd65>:0 
    - POSTFIX Kikohi.VanillaEventExpanded: Void VEE.Plant_PostMapInit_Patch:Postfix(Plant& __instance, Int32& ___madeLeaflessTick)
  at Verse.Map.FinalizeInit () [0x000a6] in <1a4764477a744bde81c4adb46c2ccd65>:0 
    - TRANSPILER net.pardeike.rimworld.lib.harmony: IEnumerable`1 VisualExceptions.ExceptionsAndActivatorHandler:Transpiler(IEnumerable`1 instructions, MethodBase original)
    - POSTFIX UnlimitedHugs.HugsLib: Void HugsLib.Patches.Map_FinalizeInit_Patch:MapLoadedHook(Map __instance)
    - POSTFIX rimworld.mod.charactereditor: Void CharacterEditor.CEditor:OnMapLoaded()
    - POSTFIX rimworld.mrhydralisk.LayeredAtmosphereOrbit: Void LayeredAtmosphereOrbit.HarmonyPatches:M_FinalizeInit_Postfix(Map __instance)
checking editor settings...
bodysizes genes are active
[Tech Advancing] [Information] Detected existing world. Loading existing config...
[Tech Advancing] [Information] Loading config...
Unloading 0 Unused Serialized files (Serialized files now loaded: 15)
Unloading 12 unused Assets to reduce memory usage. Loaded Objects now: 92501.
Total: 1100.012319 ms (FindLiveObjects: 4.162065 ms CreateObjectMapping: 3.991735 ms MarkObjects: 1091.740247 ms  DeleteObjects: 0.117762 ms)

Unloading 1 Unused Serialized files (Serialized files now loaded: 15)
Unloading 60 unused Assets to reduce memory usage. Loaded Objects now: 96448.
Total: 1105.754635 ms (FindLiveObjects: 4.073018 ms CreateObjectMapping: 3.624795 ms MarkObjects: 1097.888566 ms  DeleteObjects: 0.167785 ms)

[Tech Advancing] [Information] Loading finished.
[Tech Advancing] [Information] Flushing old Research Manager values.
Home area bounds: (61, 85) - (364, 297)
Origin: 61, 85
Start capturing in area of: (61,85)-(363,296)
[Tech Advancing] [Information] Loading finished.
[Tech Advancing] [Information] Flushing old Research Manager values.
Unloading 2 Unused Serialized files (Serialized files now loaded: 15)
Unloading 7 unused Assets to reduce memory usage. Loaded Objects now: 71939.
Total: 1098.558085 ms (FindLiveObjects: 3.306076 ms CreateObjectMapping: 3.038533 ms MarkObjects: 1092.122365 ms  DeleteObjects: 0.090591 ms)

Unloading 2 Unused Serialized files (Serialized files now loaded: 15)
[PhysX] Initialized MultithreadedTaskDispatcher with 16 workers.
UnloadTime: 0.618232 ms
requesting resize 3828 x 2074
resizing window to 3828 x 2074
Desktop is 3840 x 2160 @ 60 Hz
Unloading 12 unused Assets to reduce memory usage. Loaded Objects now: 71210.
Total: 1028.279523 ms (FindLiveObjects: 3.325121 ms CreateObjectMapping: 2.208583 ms MarkObjects: 1022.642785 ms  DeleteObjects: 0.102433 ms)

Loading game from file Baida Tribe 5521-Apr1 START with mods:
  - brrainz.harmony
  - brrainz.visualexceptions
  - Ludeon.RimWorld
  - Ludeon.RimWorld.Royalty
  - AceToYourFace.FasterAnimaMeditation
  - Ludeon.RimWorld.Ideology
  - Ludeon.RimWorld.Biotech
  - Ludeon.RimWorld.Anomaly
  - Ludeon.RimWorld.Odyssey
  - RedMattis.BetterPrerequisites
  - thereallemon.factioncontrol
  - adaptive.storage.framework
  - vanillaexpanded.backgrounds
  - OskarPotocki.VanillaFactionsExpanded.Core
  - VanillaExpanded.VARME
  - UnlimitedHugs.HugsLib
  - void.charactereditor
  - Dubwise.DubsPerformanceAnalyzer.steam
  - Troopersmith1.DeathRattle
  - Adaptive.PrimitiveStorage
  - m00nl1ght.UnofficialUpdates.HugsLogPublisher
  - Erin.FFXIVRaces
  - name.krypt.rimworld.rwlayout.alpha2
  - imranfish.xmlextensions
  - Mlie.VisualXMLPatches
  - smashphil.xmlpatchhelper
  - Nightmare.Core
  - drilledhead.MyDogsHouse
  - Mlie.PunjiSticks
  - zal.researchspot
  - foodbowl.programmerlily.com
  - AdvancedTurrets.velcroboy333
  - Mlie.AdvancedMortar
  - Og.Repair.Your.Gear
  - Mlie.O21BarbedWire
  - SlimeSenpai.AutoVentsNoPower
  - Meltup.BeautifulOutdoors
  - Avocado999.BetterPassiveCooler.0001
  - brrainz.cameraplus
  - Mlie.CoalExpanded
  - HeadWar.DelayedDeterioration
  - overpl.DrawnSpots
  - bean.customxenotypes.orksoftherim
  - BotchJob.HTHair
  - Neronix17.Retexture.VanillaBeards
  - Keshash.InjuryTextures
  - Andromeda.NiceHairs
  - sakama.RoppoiHair
  - won.hair
  - Erin.Hairredux
  - rimsenal.hair
  - won2.hair
  - VanillaExpanded.VHE
  - Jiopaba.Fences
  - Shenanigans.TribalTattoos
  - SkullOG.EBT
  - KidApparelExpanded.Goblins4Lyfe
  - Ffisher.WildPlantsGiveHay
  - CN.justhelpforme
  - Inglix.FasterBiosculptingPod
  - Farxmai2.GeneBanksExapnded
  - CN.morereasonablemortars
  - wiggler310.medieval
  - VanillaExpanded.VWE
  - OskarPotocki.VanillaFactionsExpanded.SettlersModule
  - VanillaExpanded.VAEAccessories
  - VanillaExpanded.VPsycastsE
  - StockSounds.Factions.Scavenger
  - Sarg.AlphaMemes
  - sarg.alphaanimals
  - zal.tribalinstruments
  - Trickity.Conversion.Staff
  - Side1iner.TraitsPlus
  - nakomaru.carrygenes
  - Shenanigans.TribalBackstories1.4
  - GHOST.TribalIcons
  - llunak.MorePrecepts
  - VanillaExpanded.VPE.Puppeteer
  - Hautarche.HautsFramework
  - Hautarche.HautsTraits
  - sarg.alphagenes
  - Jiopaba.FenceTab
  - CaretCake.Resources.MoreComponentsandSteelMoreVanilla
  - VanillaExpanded.VWETB
  - VanillaExpanded.VanillaTraitsExpanded
  - VanillaExpanded.VanillaSocialInteractionsExpanded
  - VanillaExpanded.VPlantsE
  - VanillaExpanded.VCookE
  - VanillaExpanded.VCEF
  - VanillaExpanded.VBooksE
  - VanillaExpanded.VMemesE
  - RedMattis.VanillaGenesRebalanced
  - VanillaExpanded.VFEPower
  - VanillaExpanded.VFEArt
  - VanillaExpanded.VEE
  - VanillaExpanded.VBrewE
  - VanillaExpanded.VAPPE
  - VanillaExpanded.VanillaAnimalsExpanded
  - Chairheir.VPERunesmith
  - VanillaExpanded.VPE.Hemosage
  - SiSq.VPsyEDeathRattle
  - ratys.rtsolarflareshield
  - ratys.rtpowerswitch
  - ratys.rtfuse
  - Dubwise.Rimefeller
  - dismarzero.VGP.VGPVegetableGarden
  - dismarzero.VGP.VGPGardenGourmet
  - UnblestMATT.ChocolateRedeux
  - nephlite.orbitaltradecolumn
  - MorphsAssorted.FaceTattoos
  - dismarzero.VGP.VGPGardenCanning
  - rimfridge.kv.rw
  - dismarzero.VGP.VGPMoreVeggies
  - Mlie.RFTribalRaiders
  - RedMattis.BigSmall.Core
  - RedMattis.BigSmall
  - riprusse.manhair
  - ASF.DeepStorage
  - Seanbeag.AnimaTree
  - jdgg.adaptive.cargoholds
  - TheVillageGuy.Mousetraps.1
  - Haplo.Miscellaneous.TrainingNoTask
  - Harkon.VEAddOn.VanillaExpandedExtraEmbrasures
  - sbz.GravshipStorage
  - sbz.NeatStorage
  - Adaptive.SimpleStorage
  - hobtook.mortaraccuracy
  - Og.likeafox.rimworld.safepause.Continued
  - Twobit.LPSmokeleaf
  - jelly.caravangear
  - Drenwick.BurialUrns
  - 4loris4.MoreLinkables
  - Hol.StoneButcher
  - sirrandoo.mpe
  - ryder.SatisfiedStorage
  - Mlie.MorePlanning
  - aardvark.MoreVisiblePause
  - toastyman.moreritualseats
  - iceworld.tribalouterwear
  - Gunmar.TribalWarriorSet
  - Mud.TribalApparel
  - River.Tribal.Shoes
  - River.Tribal.Mittens
  - PeteTimesSix.SimpleSidearms
  - klvlt.smokedfish
  - dismarzero.VGP.Smokedmeat
  - Mallow.Shoes.Socks
  - Elshender.stackablechunks
  - Indeed.StackXXL
  - m00nl1ght.MapPreview
  - nep.childsizedarmor
  - itchyflea.medicaltraining
  - heatherathebyne.insulatedhelmets
  - SteelChicken.InsultatedPlateArmor
  - Memegoddess.ThickArmor
  - VanillaExpanded.VFEFarming
  - Mlie.MarkThatPawn
  - pyrce.mass.graves.continued
  - Grandyy.Industrial.Defense.Turrets
  - leion247138.MedicalHIV
  - sarg.smartspeed
  - Mlie.SmarterVisitors
  - denev.SmartTurretCovering
  - Memegoddess.SmartMedicine
  - Koth.ISiD
  - Turnovus.RimWorld.PersistentDate
  - kathanon.ImpressionableChildren
  - P4V3L.PawnsCarryMoney
  - RedMattis.BetterGeneInheritance
  - Mlie.BoomModExpanded
  - TheVillageGuy.NoDropCenterDropRaids.1
  - sneezingseal.sealsbackstorycollection
  - Mlie.FactionRaidCooldown
  - FlinNice.FactionRaidPointMultiplier
  - BlackSmokeDMax.FC2p.v101
  - Hawkwood.FloorsAreAlmostWorthless
  - avilmask.GrazingLands
  - Mlie.PawnNameVariety
  - SaucyPigeon.PawnBadge
  - Mlie.ExpandedIncidents
  - cucumpear.flap
  - smashphil.dropspot
  - Aoba.Tent
  - tradingpost.programmerlily.com
  - overpl.AnimalSarcophagus
  - FrozenSnowFox.BetterSpikeTraps
  - SickBoyWi.Vault.OnePointOne
  - archie.turrettargetpatch
  - Mlie.ExtraSecurity
  - Mlie.VariousSpaceShipChunk
  - Proxyer.SmallShelf
  - dracoix.doormat.r12a
  - Pineapple.fueledheaters
  - Ogliss.TheWhiteCrayon.Quarry
  - Mlie.StopQuarryingWhenFull
  - Scherub.StonecuttingExtended
  - Lucifer.RealisticRooms
  - Unon.NoBurnMetal
  - velc.TrapDisable
  - llunak.NoDefaultGatherSpot
  - Jetroid.DoNotDrawVersion
  - Vesper.NotMyFault
  - Proxyer.CheapMortarShell
  - marvinkosh.sometimesraidsgowrong
  - marvinkosh.ughyougotme
  - Mlie.BadLeatherCategory
  - ivaera.wealthcable
  - Mlie.RailsAndRoadsOfTheRim
  - Nightmare.Museums
  - bblkepling.childrensbooks
  - Jaxe.Bubbles
  - BDew.CremateAutoStrip
  - Hanabishi.InwallCoolersAndVents
  - telardo.Epitaph
  - Vakaria.RespectScars
  - Bazel.ToxGenPlus.2
  - SmoothedStoneIsWorthless.Mod
  - twistedpacifist.ReasonableComponents
  - ChemToNeutroCombo.velcroboy333
  - Mlie.CombatReadinessCheck
  - Arkymn.SlowerPawnTickRate
  - visiblewealth.1trickPwnyta
  - m00nl1ght.GeologicalLandforms
  - Orbital.Books
  - bs.xenotypespawncontrol
  - Mlie.TechappropriateRoofMote
  - lc.tammybee.selectablesculpturegraphic
  - Mlie.SafelyHiddenAway
  - det.stoneborn
  - FrozenSnowFox.BetterExplorationLoot
  - FrozenSnowFox.FilthVanishesWithRainAndTime
  - divineDerivative.Romance
  - mayo.kindneanderthals
  - Mlie.RFRumorHasIt
  - Mlie.BetterBeggars
  - jamaicancastle.RF.fertilefields
  - Oblitus.MyLittlePlanet
  - madarauchiha.custommapsizes
  - Sirprook.GrievousWounds
  - WeirdCat.BiosculptPsy
  - Dragon.CraftablePsylinkNeuroformers
  - nachotoast.neceros.fuseplus
  - Samael.LivestockTraders
  - goldenlumia.atewithouttable
  - kikohi.jewelry
  - 5tratz.WallHeaterCooler
  - dvs.NoRandomRelations
  - Mlie.FoodAlert
  - Wyr3d.BetterVisitorTrades
  - polymeric.bedownershiptools
  - falconne.AFF
  - Jmattspartacus.DynamicPopulationUnlocked
  - nilchei.dynamicdiplomacycontinued
  - Mlie.HarvestWhenButchering
  - Defi.StabilizeBleeding
  - Mlie.TendingTakesTime
  - Mersid.BackupPowerUpdated
  - Woolstrand.RealRuins
  - Piggy.OneDiseaseStart
  - Leonapp.CarcinomaSpreads
  - TheLastBulletBender.RWExploration
  - VanillaExpanded.Recycling
  - arvkus.simplerecycling
  - wr.Insulated.VanillaExpanded.VARME
  - PalverZ.MoreTraps
  - Dubwise.DubsSkylights
  - wr.FertileFieldsDubsSkylightsBalancePatch
  - alyssapaws.oocmovespeedboost
  - Keshash.LayeredWallDestruction
  - seromas.LayeredDestruction.Patches
  - Billnotic.ActuallyVanillaMusicExpansion
  - FrozenSnowFox.NoDefaultShelfStorage
  - Mlie.KVSupplyAndDemand
  - bedrestforfoodpoisoning.1trickPonyta
  - Wyr3d.ReinforcedWallsResumed
  - Citrus.ExpectationsModifier
  - Aelanna.GetOutOfMyChair
  - davai.sortedcategories
  - wr.wyd.RFWallsReworked.StrongerReinforced
  - rabiosus.autoblink
  - FrozenSnowFox.MoreQuests
  - FrozenSnowFox.BetterPawnLendingQuest
  - rabiosus.jumplifter
  - wr.LessFilthyCats
  - Mlie.PrisonersDontHaveKeys
  - Mlie.MountainMiner
  - Xercaine.Medieval.Shields
  - cass.LaunchSitesExpire
  - Leo.CleanResearchSort
  - Syrus.CaravanMoodBuff
  - sarg.alphabooks
  - ILuvSilicon.SimpleVest
  - al9000.tastycore
  - al9000.fireandsteel
  - MrHydralisk.LayeredAtmosphereOrbit
  - PeteTimesSix.CategorizedCleaning.Split
  - Mlie.MoreGraphs
  - AmCh.NeedBarOverflow
  - Tials.Floordrawings
  - allifreyr.patch.strongermetalwalls
  - latta.petknowstrueyou
  - monstered10.cleanraccoon
  - FlyingSloth.SCFilthReducer
  - Victor.WallsAreSolid
  - Mlie.NoVersionWarning
  - Mehni.Numbers
  - Owlchemist.SmartFarming
  - avilmask.CommonSense
  - Mlie.SYRHarvestYield
  - Mehni.PickUpAndHaul
  - keyz182.KeyzAllowUtilities
  - FrozenSnowFox.ComplexJobs
  - Xercaine.WallSunLamp
  - sun.reducer
  - wr.EmbrasureCover85Percent
  - wr.FertileFieldsBalancePatch
  - Scorpio.ResourceDictionary
  - automatic.gradienthair
  - cosmosteller.gradienthair.fixes
  - Parapluman.localgradienthairinvisiblebaldpawnfix
  - oels.chooseyouroutfit
  - Og.AutomaticPowerSwitch
  - Mlie.TurnOnOffRePowered
  - Kattalisk.AllProductionXP
  - Mlie.TradeableTrinkets
  - erdelf.ExportAgency
  - Memegoddess.ReplaceStuff
  - Kas.StrongerScaling
  - zal.tradegoods
  - Runzu.TradeGoodsRetexture
  - kathanon.ResearchQueue
  - Mlie.ProstheticNoMissingBodyParts
  - GHXX.TechAdvancing
  - DerekBickley.LTOColonyGroupsFinal
  - wr.StoneBlocksWorthLess
  - imranfish.xmldocumentviewer
Could not find class VanillaTradingExpanded.TradingManager while resolving node li. Trying to use Verse.GameComponent instead. Full node: <li Class="VanillaTradingExpanded.TradingManager"><priceModifiers><keys /><values /></priceModifiers><playerTransactionsBySoldPurchasedMarketValue><keys /><values /></playerTransactionsBySoldPurchasedMarketValue><itemsToBeCrashedByTicks><keys /><values /></itemsToBeCrashedByTicks><itemsToBeSqueezeByTicks><keys /><values /></itemsToBeSqueezeByTicks><banksByFaction><keys><li>Faction_356</li><li>Faction_379</li><li>Faction_401</li></keys><values><li><parentFaction>Faction_356</parentFaction><loans /><loanLastTimeTaken><keys /><values /></loanLastTimeTaken></li><li><parentFaction>Faction_379</parentFaction><loans /><loanLastTimeTaken><keys /><values /></loanLastTimeTaken></li><li><parentFaction>Faction_401</parentFaction><loans /><loanLastTimeTaken><keys /><values /></loanLastTimeTaken></li></values></banksByFaction><allNews /><unProcessedNews /><priceHistoryRecorders><keys><li>TextBook</li><li>Schematic</li><li>Novel</li><li>Beer</li><li>Wort</li><li>Ambrosia</li><li>GoJuice</li><li>Luciferium</li><li>Penoxycyline</li><li>Flake</li><li>PsychiteTea</li><li>Yayo</li><li>SmokeleafJoint</li><li>WakeUp</li><li>PsychicAmplifier</li><li>Urn</li><li>SculptureSmall</li><li>SculptureLarge</li><li>SculptureGrand</li><li>Bed</li><li>DoubleBed</li><li>RoyalBed</li><li>HospitalBed</li><li>Bedroll</li><li>BedrollDouble</li><li>AnimalSleepingBox</li><li>AnimalBed</li><li>Stool</li><li>DiningChair</li><li>Armchair</li><li>Couch</li><li>EndTable</li><li>Table1x2c</li><li>Table2x2c</li><li>Table2x4c</li><li>Table3x3c</li><li>PlantPot</li><li>StandingLamp</li><li>SunLamp</li><li>WallLamp</li><li>FloodLight</li><li>Shelf</li><li>ShelfSmall</li><li>Bookcase</li><li>BookcaseSmall</li><li>Dresser</li><li>HorseshoesPin</li><li>HoopstoneRing</li><li>GameOfUrBoard</li><li>ChessTable</li><li>PokerTable</li><li>BilliardsTable</li><li>TubeTelevision</li><li>FlatscreenTelevision</li><li>MegascreenTelevision</li><li>Telescope</li><li>Gloomlight</li><li>EggBox</li><li>OrbitalTradeBeacon</li><li>FirefoamPopper</li><li>MultiAnalyzer</li><li>VitalsMonitor</li><li>ToolCabinet</li><li>PenMarker</li><li>GlowPod</li><li>Battery</li><li>TableSculpting</li><li>TableButcher</li><li>HandTailoringBench</li><li>ElectricTailoringBench</li><li>FueledSmithy</li><li>ElectricSmithy</li><li>TableMachining</li><li>ElectricStove</li><li>FueledStove</li><li>TableStonecutter</li><li>Brewery</li><li>DrugLab</li><li>ElectricSmelter</li><li>SimpleResearchBench</li><li>FermentingBarrel</li><li>DeepDrill</li><li>Sandbags</li><li>TrapSpike</li><li>TrapIED_HighExplosive</li><li>TrapIED_Incendiary</li><li>TrapIED_EMP</li><li>TrapIED_Smoke</li><li>TrapIED_Firefoam</li><li>TrapIED_AntigrainWarhead</li><li>Turret_MiniTurret</li><li>Turret_Mortar</li><li>Turret_FoamTurret</li><li>PsychicEmanator</li><li>VanometricPowerCell</li><li>InfiniteChemreactor</li><li>Heater</li><li>PsychicAnimalPulser</li><li>PsychicSoothePulser</li><li>AIPersonaCore</li><li>MechSerumHealer</li><li>MechSerumResurrector</li><li>TechprofSubpersonaCore</li><li>ThrumboHorn</li><li>ElephantTusk</li><li>MealSurvivalPack</li><li>MealNutrientPaste</li><li>MealSimple</li><li>MealFine</li><li>MealFine_Veg</li><li>MealFine_Meat</li><li>MealLavish</li><li>MealLavish_Veg</li><li>MealLavish_Meat</li><li>Kibble</li><li>Pemmican</li><li>Chocolate</li><li>Milk</li><li>InsectJelly</li><li>Skull</li><li>EggChickenUnfertilized</li><li>EggChickenFertilized</li><li>EggCobraFertilized</li><li>EggCobraUnfertilized</li><li>EggIguanaFertilized</li><li>EggIguanaUnfertilized</li><li>EggTortoiseFertilized</li><li>EggTortoiseUnfertilized</li><li>EggCassowaryFertilized</li><li>EggCassowaryUnfertilized</li><li>EggEmuFertilized</li><li>EggEmuUnfertilized</li><li>EggOstrichFertilized</li><li>EggOstrichUnfertilized</li><li>EggTurkeyFertilized</li><li>EggTurkeyUnfertilized</li><li>EggDuckUnfertilized</li><li>EggDuckFertilized</li><li>EggGooseUnfertilized</li><li>EggGooseFertilized</li><li>MedicineHerbal</li><li>MedicineIndustrial</li><li>MedicineUltratech</li><li>ComponentIndustrial</li><li>ComponentSpacer</li><li>Neutroamine</li><li>Chemfuel</li><li>ReinforcedBarrel</li><li>RawPotatoes</li><li>RawFungus</li><li>RawRice</li><li>RawCorn</li><li>Hay</li><li>RawHops</li><li>PsychoidLeaves</li><li>SmokeleafLeaves</li><li>Shell_HighExplosive</li><li>Shell_Incendiary</li><li>Shell_EMP</li><li>Shell_Smoke</li><li>Shell_Firefoam</li><li>Shell_AntigrainWarhead</li><li>Gold</li><li>Steel</li><li>Plasteel</li><li>WoodLog</li><li>Uranium</li><li>Jade</li><li>Cloth</li><li>Synthread</li><li>DevilstrandCloth</li><li>Hyperweave</li><li>WoolSheep</li><li>WoolAlpaca</li><li>WoolMegasloth</li><li>WoolMuffalo</li><li>WoolBison</li><li>Leather_Plain</li><li>Leather_Dog</li><li>Leather_Wolf</li><li>Leather_Panthera</li><li>Leather_Camel</li><li>Leather_Bluefur</li><li>Leather_Bear</li><li>Leather_GuineaPig</li><li>Leather_Human</li><li>Leather_Pig</li><li>Leather_Light</li><li>Leather_Bird</li><li>Leather_Chinchilla</li><li>Leather_Fox</li><li>Leather_Lizard</li><li>Leather_Elephant</li><li>Leather_Heavy</li><li>Leather_Rhinoceros</li><li>Leather_Thrumbo</li><li>Leather_Patch</li><li>Apparel_ShieldBelt</li><li>Apparel_CowboyHat</li><li>Apparel_BowlerHat</li><li>Apparel_TribalHeaddress</li><li>Apparel_Tuque</li><li>Apparel_WarMask</li><li>Apparel_WarVeil</li><li>Apparel_SimpleHelmet</li><li>Apparel_AdvancedHelmet</li><li>Apparel_PowerArmorHelmet</li><li>Apparel_ArmorHelmetRecon</li><li>Apparel_PsychicFoilHelmet</li><li>Apparel_HatHood</li><li>Apparel_ClothMask</li><li>Apparel_SmokepopBelt</li><li>Apparel_FirefoampopPack</li><li>Apparel_PsychicShockLance</li><li>Apparel_PsychicInsanityLance</li><li>Apparel_TribalA</li><li>Apparel_Parka</li><li>Apparel_Pants</li><li>Apparel_BasicShirt</li><li>Apparel_CollarShirt</li><li>Apparel_Duster</li><li>Apparel_Jacket</li><li>Apparel_PlateArmor</li><li>Apparel_FlakVest</li><li>Apparel_FlakPants</li><li>Apparel_FlakJacket</li><li>Apparel_PowerArmor</li><li>Apparel_ArmorRecon</li><li>Apparel_Cape</li><li>Apparel_Robe</li><li>BlocksSandstone</li><li>BlocksGranite</li><li>BlocksLimestone</li><li>BlocksSlate</li><li>BlocksMarble</li><li>Dye</li><li>Bear_Grizzly</li><li>Bear_Polar</li><li>Ostrich</li><li>Emu</li><li>Cassowary</li><li>Cougar</li><li>Panther</li><li>Lynx</li><li>Cat</li><li>YorkshireTerrier</li><li>GuineaPig</li><li>LabradorRetriever</li><li>Husky</li><li>Monkey</li><li>Chicken</li><li>Duck</li><li>Turkey</li><li>Goose</li><li>Cow</li><li>Boomalope</li><li>Muffalo</li><li>Bison</li><li>Dromedary</li><li>Goat</li><li>Elk</li><li>Yak</li><li>Caribou</li><li>Horse</li><li>Donkey</li><li>Elephant</li><li>Rhinoceros</li><li>Hare</li><li>Snowhare</li><li>Megascarab</li><li>Spelopede</li><li>Megaspider</li><li>Thrumbo</li><li>Cobra</li><li>Tortoise</li><li>Alphabeaver</li><li>Pig</li><li>WildBoar</li><li>Ibex</li><li>Deer</li><li>Gazelle</li><li>Chinchilla</li><li>Sheep</li><li>Alpaca</li><li>Megasloth</li><li>Capybara</li><li>Squirrel</li><li>Rat</li><li>Boomrat</li><li>Raccoon</li><li>Iguana</li><li>Warg</li><li>Wolf_Timber</li><li>Wolf_Arctic</li><li>Fox_Fennec</li><li>Fox_Red</li><li>Fox_Arctic</li><li>Human</li><li>ArchotechEye</li><li>ArchotechArm</li><li>ArchotechLeg</li><li>BionicEye</li><li>BionicArm</li><li>BionicLeg</li><li>BionicSpine</li><li>BionicHeart</li><li>BionicStomach</li><li>DeathAcidifier</li><li>BionicEar</li><li>BionicTongue</li><li>BionicJaw</li><li>Heart</li><li>Lung</li><li>Kidney</li><li>Liver</li><li>SimpleProstheticLeg</li><li>SimpleProstheticArm</li><li>SimpleProstheticHeart</li><li>CochlearImplant</li><li>PowerClaw</li><li>Joywire</li><li>Painstopper</li><li>MeleeWeapon_BreachAxe</li><li>MeleeWeapon_Mace</li><li>MeleeWeapon_Gladius</li><li>MeleeWeapon_LongSword</li><li>MeleeWeapon_Club</li><li>MeleeWeapon_Knife</li><li>MeleeWeapon_Ikwa</li><li>MeleeWeapon_Spear</li><li>Gun_Revolver</li><li>Gun_Autopistol</li><li>Gun_MachinePistol</li><li>Gun_IncendiaryLauncher</li><li>Gun_SmokeLauncher</li><li>Gun_EmpLauncher</li><li>Gun_BoltActionRifle</li><li>Gun_PumpShotgun</li><li>Gun_ChainShotgun</li><li>Gun_HeavySMG</li><li>Gun_LMG</li><li>Gun_AssaultRifle</li><li>Gun_SniperRifle</li><li>Gun_Minigun</li><li>Weapon_GrenadeFrag</li><li>Weapon_GrenadeMolotov</li><li>Weapon_GrenadeEMP</li><li>Bow_Short</li><li>Pila</li><li>Bow_Recurve</li><li>Bow_Great</li><li>Gun_ChargeRifle</li><li>Gun_ChargeLance</li><li>OrbitalTargeterBombardment</li><li>OrbitalTargeterPowerBeam</li><li>TornadoGenerator</li><li>PsychicSensitizer</li><li>PsychicHarmonizer</li><li>PsychicReader</li><li>Neurocalculator</li><li>LearningAssistant</li><li>GastroAnalyzer</li><li>Immunoenhancer</li><li>Coagulator</li><li>HealingEnhancer</li><li>ToughskinGland</li><li>ArmorskinGland</li><li>StoneskinGland</li><li>AestheticShaper</li><li>AestheticNose</li><li>LoveEnhancer</li><li>DetoxifierStomach</li><li>ReprocessorStomach</li><li>NuclearStomach</li><li>CircadianAssistant</li><li>CircadianHalfCycler</li><li>Mindscrew</li><li>DrillArm</li><li>FieldHand</li><li>HandTalon</li><li>ElbowBlade</li><li>KneeSpike</li><li>VenomFangs</li><li>VenomTalon</li><li>Drape</li><li>Brazier</li><li>DarklightBrazier</li><li>Throne</li><li>GrandThrone</li><li>UnstablePowerCell</li><li>ShipLandingBeacon</li><li>NatureShrine_Small</li><li>NatureShrine_Large</li><li>AnimusStone</li><li>Harp</li><li>Harpsichord</li><li>Piano</li><li>Apparel_PackJump</li><li>Apparel_PackBroadshield</li><li>Apparel_PsyfocusHelmet</li><li>Apparel_EltexSkullcap</li><li>Apparel_PsyfocusShirt</li><li>Apparel_PsyfocusVest</li><li>Apparel_PsyfocusRobe</li><li>Apparel_ShirtRuffle</li><li>Apparel_Corset</li><li>Apparel_VestRoyal</li><li>Apparel_RobeRoyal</li><li>Apparel_HatLadies</li><li>Apparel_HatTop</li><li>Apparel_Coronet</li><li>Apparel_Crown</li><li>Apparel_CrownStellic</li><li>Apparel_Beret</li><li>Apparel_ArmorReconPrestige</li><li>Apparel_ArmorHelmetReconPrestige</li><li>Apparel_ArmorMarinePrestige</li><li>Apparel_ArmorMarineHelmetPrestige</li><li>Apparel_ArmorCataphract</li><li>Apparel_ArmorHelmetCataphract</li><li>Apparel_ArmorCataphractPrestige</li><li>Apparel_ArmorHelmetCataphractPrestige</li><li>Apparel_ArmorLocust</li><li>Apparel_ArmorMarineGrenadier</li><li>Apparel_ArmorCataphractPhoenix</li><li>Apparel_Gunlink</li><li>BroadshieldCore</li><li>MeleeWeapon_MonoSwordBladelink</li><li>MeleeWeapon_ZeusHammerBladelink</li><li>MeleeWeapon_PlasmaSwordBladelink</li><li>MeleeWeapon_Axe</li><li>MeleeWeapon_Warhammer</li><li>MeleeWeapon_MonoSword</li><li>MeleeWeapon_Zeushammer</li><li>MeleeWeapon_PlasmaSword</li><li>OrbitalTargeterMechCluster</li><li>MeleeWeapon_PsyfocusStaff</li><li>SculptureTerror</li><li>SleepAccelerator</li><li>BiosculpterPod</li><li>NeuralSupercharger</li><li>ChristmasTree</li><li>CannibalPlatter</li><li>Effigy</li><li>SacrificialFlag</li><li>Pyre</li><li>Burnbong</li><li>IncenseShrine</li><li>Lectern</li><li>StylingStation</li><li>GibbetCage</li><li>LightBall</li><li>Loudspeaker</li><li>Drum</li><li>Pew</li><li>KneelSheet</li><li>KneelPillow</li><li>PlantPot_Bonsai</li><li>SlabBed</li><li>SlabDoubleBed</li><li>Skullspike</li><li>Apparel_Headwrap</li><li>Apparel_Broadwrap</li><li>Apparel_VisageMask</li><li>Apparel_Slicecap</li><li>Apparel_Collar</li><li>Apparel_AuthorityCap</li><li>Apparel_Tailcap</li><li>Apparel_Shadecone</li><li>Apparel_Flophat</li><li>Apparel_BodyStrap</li><li>Apparel_Burka</li><li>Apparel_TortureCrown</li><li>Apparel_Blindfold</li><li>MorbidSlab_Medium</li><li>MorbidSlab_Broad</li><li>TotemicSlab_Medium</li><li>TotemicSlab_Broad</li><li>SpikecoreFloorStar_Medium</li><li>SpikecoreFloorStar_Broad</li><li>RusticRug_Medium</li><li>RusticRug_Broad</li><li>AnimalistSlab_Medium</li><li>AnimalistSlab_Broad</li><li>RelicInertCup</li><li>RelicInertPendant</li><li>RelicInertBox</li><li>RelicInertTablet</li><li>RelicInertFragment</li><li>RelicInertSwordHandle</li><li>RelicInertArk</li><li>RelicInertCube</li><li>GauranlenSeed</li><li>DetoxifierLung</li><li>DetoxifierKidney</li><li>Mechlink</li><li>ControlSublink</li><li>ControlSublinkHigh</li><li>RemoteRepairer</li><li>MechFormfeeder</li><li>RemoteShielder</li><li>RepairProbe</li><li>DeathrestCasket</li><li>Hemopump</li><li>HemogenAmplifier</li><li>GlucosoidPump</li><li>PsychofluidPump</li><li>DeathrestAccelerator</li><li>ToyBox</li><li>SchoolDesk</li><li>BabyDecoration</li><li>Crib</li><li>Blackboard</li><li>GeneBank</li><li>PollutionPump</li><li>SanguphageMeetingTorch</li><li>MechBooster</li><li>TrapIED_ToxGas</li><li>SubcoreEncoder</li><li>BabyFood</li><li>HemogenPack</li><li>SubcoreBasic</li><li>SubcoreRegular</li><li>SubcoreHigh</li><li>SignalChip</li><li>PowerfocusChip</li><li>NanostructuringChip</li><li>DeathrestCapacitySerum</li><li>Shell_Toxic</li><li>RawToxipotato</li><li>Genepack</li><li>Xenogerm</li><li>ArchiteCapsule</li><li>HumanOvum</li><li>HumanEmbryo</li><li>Apparel_KidRomper</li><li>Apparel_KidShirt</li><li>Apparel_KidPants</li><li>Apparel_KidParka</li><li>Apparel_KidTribal</li><li>Apparel_KidHelmet</li><li>Apparel_AirwireHeadset</li><li>Apparel_ArrayHeadset</li><li>Apparel_IntegratorHeadset</li><li>Apparel_ArmorHelmetMechCommander</li><li>Apparel_ArmorHelmetMechlordHelmet</li><li>Apparel_GasMask</li><li>Apparel_PackControl</li><li>Apparel_PackBandwidth</li><li>Apparel_PackTox</li><li>Apparel_MechlordSuit</li><li>Apparel_Bandolier</li><li>Apparel_Sash</li><li>PoluxSeed</li><li>WasteRat</li><li>Toxalope</li><li>Gun_ToxbombLauncher</li><li>Weapon_GrenadeTox</li><li>Flamebow</li><li>Gun_BeamGraser</li><li>Tome</li><li>GhoulPlating</li><li>GhoulBarbs</li><li>AdrenalHeart</li><li>CorrosiveHeart</li><li>MetalbloodHeart</li><li>RevenantVertebrae</li><li>HoldingPlatform</li><li>DirtCubeSculpture</li><li>StoneCubeSculpture</li><li>SandCubeSculpture</li><li>ScrapCubeSculpture</li><li>ElectricInhibitor</li><li>ShardInhibitor</li><li>ProximityDetector</li><li>FrenzyInducer</li><li>SleepSuppressor</li><li>TrapIED_Deadlife</li><li>Electroharvester</li><li>BioferriteShaper</li><li>SerumCentrifuge</li><li>BioferriteHarvester</li><li>ShardBeacon</li><li>ShardAnimalPulser</li><li>BiomutationPulser</li><li>Shell_Deadlife</li><li>VoidsightSerum</li><li>MetalbloodSerum</li><li>JuggernautSerum</li><li>MindNumbSerum</li><li>GhoulResurrectionSerum</li><li>Bioferrite</li><li>Leather_Dread</li><li>Shard</li><li>RevenantSpine</li><li>Meat_Twisted</li><li>GoldenCube</li><li>MonolithFragment</li><li>Apparel_CultistMask</li><li>Apparel_CeremonialCultistMask</li><li>Apparel_DisruptorFlarePack</li><li>Apparel_PackTurret</li><li>Apparel_DeadlifePack</li><li>Apparel_ShardPsychicShockLance</li><li>Apparel_ShardPsychicInsanityLance</li><li>Apparel_BiomutationLance</li><li>Apparel_LabCoat</li><li>HarbingerSeed</li><li>CreepJoiner</li><li>Gun_HellcatRifle</li><li>Gun_Incinerator</li><li>NerveSpiker</li><li>Map</li><li>Drug_Psilocap</li><li>BloodWarmer</li><li>PilotAssistant</li><li>VacskinGland</li><li>Statue</li><li>Building_OutfitStand</li><li>Building_KidOutfitStand</li><li>GravEngine</li><li>GravFieldExtender</li><li>PilotConsole</li><li>SmallThruster</li><li>LargeThruster</li><li>FuelOptimizer</li><li>SignalJammer</li><li>GravcorePowerCell</li><li>PilotSubpersonaCore</li><li>GravshipShieldGenerator</li><li>AncientMiningCharge</li><li>OxygenPump</li><li>HunterDroneTrap</li><li>WaspDroneTrap</li><li>MastodonTusk</li><li>AlphaThrumboHorn</li><li>SentienceCatalyst</li><li>EggMonitorLizardFertilized</li><li>EggMonitorLizardUnfertilized</li><li>EggFlamingoFertilized</li><li>EggFlamingoUnfertilized</li><li>EggHeronFertilized</li><li>EggHeronUnfertilized</li><li>EggSwanFertilized</li><li>EggSwanUnfertilized</li><li>EggSparrowFertilized</li><li>EggSparrowUnfertilized</li><li>EggCrowFertilized</li><li>EggCrowUnfertilized</li><li>EggBluebirdFertilized</li><li>EggBluebirdUnfertilized</li><li>EggQuailFertilized</li><li>EggQuailUnfertilized</li><li>EggMacawFertilized</li><li>EggMacawUnfertilized</li><li>EggPeacockFertilized</li><li>EggPeacockUnfertilized</li><li>EggVultureFertilized</li><li>EggVultureUnfertilized</li><li>EggPenguinFertilized</li><li>EggPenguinUnfertilized</li><li>EggSeaTurtleFertilized</li><li>EggSeaTurtleUnfertilized</li><li>EggAlligatorFertilized</li><li>EggAlligatorUnfertilized</li><li>WoolMastodon</li><li>WoolMuskox</li><li>Fish_Salmon</li><li>Fish_Bass</li><li>Fish_Tilapia</li><li>Fish_Cod</li><li>Fish_Bluefish</li><li>Fish_Guppy</li><li>Fish_Frostfish</li><li>Fish_Catfish</li><li>Fish_Piranha</li><li>Fish_Dogfish</li><li>Fish_Marlin</li><li>Fish_Tuna</li><li>Fish_Flounder</li><li>Fish_Toxfish</li><li>GravlitePanel</li><li>ShuttleEngine</li><li>Obsidian</li><li>Leather_Mastodon</li><li>Leather_Sealskin</li><li>Leather_AlphaThrumbo</li><li>Leather_Mink</li><li>Leather_Hippo</li><li>Leather_Armadillo</li><li>Gun_Revolver_Unique</li><li>Gun_BoltActionRifle_Unique</li><li>Gun_ChainShotgun_Unique</li><li>Gun_HeavySMG_Unique</li><li>Gun_LMG_Unique</li><li>Gun_AssaultRifle_Unique</li><li>Gun_SniperRifle_Unique</li><li>Gun_Minigun_Unique</li><li>Bow_Great_Unique</li><li>Gun_ChargeRifle_Unique</li><li>Gun_ChargeLance_Unique</li><li>Gun_HellcatRifle_Unique</li><li>Gun_BeamRepeater_Unique</li><li>Apparel_VacsuitHelmet</li><li>Apparel_PackHunter</li><li>Apparel_CerebrexNode</li><li>Apparel_Vacsuit</li><li>Apparel_VacsuitChildren</li><li>BlocksVacstone</li><li>ArcheanSeed</li><li>BogHound</li><li>MonitorLizard</li><li>PrairieDog</li><li>Porcupine</li><li>Mastodon</li><li>Cat_Scimitar</li><li>Wolverine</li><li>Wolf_Great</li><li>Moose</li><li>AlphaThrumbo</li><li>Muskox</li><li>Tiger</li><li>Mink</li><li>Gorilla</li><li>Badger</li><li>Panda</li><li>Hippo</li><li>Megavole</li><li>Armadillo</li><li>Alligator</li><li>Bullfrog</li><li>ColossusToad</li><li>LavaSnail</li><li>Sparrow</li><li>Crow</li><li>Bluebird</li><li>Quail</li><li>Macaw</li><li>Flamingo</li><li>Heron</li><li>Swan</li><li>Peacock</li><li>Vulture</li><li>Penguin</li><li>Walrus</li><li>SeaLion</li><li>Seal</li><li>HermitCrab</li><li>StoneCrab</li><li>SeaTurtle</li><li>Otter</li><li>Larva</li><li>HiveQueen</li><li>Locust</li><li>Gun_BeamRepeater</li><li>BS_Centaur</li><li>BS_HumanFouramed</li><li>BS_Naga</li><li>BS_Marlith</li><li>BS_UrbMech</li><li>BS_SixArmedHuman</li><li>BS_SpiderPersonRace</li><li>BS_HumanoidWithTail</li><li>BS_HumanoidWithWings</li><li>BS_JustAHead</li><li>ASF_CellarStone</li><li>ASF_CellarWood</li><li>ASF_CoveredClayPot</li><li>ASF_UncoveredClayPot</li><li>ASF_Granary</li><li>ASF_MeatRack</li><li>ASF_StoragePit</li><li>ASF_StorageTent</li><li>ASF_WeaponRack</li><li>ASF_WovenBasket</li><li>ASF_WovenBasketDouble</li><li>ASF_WovenBasketTriple</li><li>Doghouse</li><li>Dogbowl</li><li>meng_pungi_sticks</li><li>meng_pungi_sticks_poison</li><li>UT_TurretGun</li><li>Ad_Turret_Mortar</li><li>CoalSmelter</li><li>CoalGrill</li><li>NECCoalLamp</li><li>NECActiveCooler</li><li>CoalStove</li><li>Coal</li><li>Charcoal</li><li>XR_Ork_Machete</li><li>VHE_TableBarber</li><li>VWE_SmokeGrenade</li><li>VWE_FlashGrenade</li><li>VWE_MeleeWeapon_Shovel</li><li>VWE_MeleeWeapon_Baton</li><li>VWE_MeleeWeapon_CombatKnife</li><li>VWE_MeleeWeapon_Hammer</li><li>VWE_MeleeWeapon_BattleAxe</li><li>VWE_MeleeWeapon_Halberd</li><li>VWE_MeleeWeapon_Axe</li><li>Gun_TripleRocket</li><li>Gun_DoomsdayRocket</li><li>VWE_Gun_RocketLauncher</li><li>VWE_Bow_Compound</li><li>VWE_Gun_HandCannon</li><li>VWE_CombatHandgun</li><li>VWE_SawedOffShotgun</li><li>VWE_Gun_GrenadeLauncher</li><li>VWE_Gun_Flamethrower</li><li>VWE_Gun_FireExtinguisher</li><li>VWE_Gun_SemiAutomaticRifle</li><li>VWE_Gun_LeverActionRifle</li><li>VWE_Gun_LightSMG</li><li>VWE_Gun_SMG</li><li>VWE_Gun_HMG</li><li>VWE_Gun_ServiceRifle</li><li>VWE_Gun_BattleRifle</li><li>VWE_Gun_Carbine</li><li>VWE_Gun_MarksmanRifle</li><li>VWE_Gun_AntiMaterialRifle</li><li>VWE_Bow_Crossbow</li><li>VWE_Gun_Musket</li><li>VWE_Gun_Flintlock</li><li>VWE_Throwing_Knives</li><li>VWE_Tool_Whip</li><li>VWE_Bow_Long</li><li>VWE_Gun_ChargePistol</li><li>VWE_Gun_ChargeShotgun</li><li>VWE_Gun_ChargeSMG</li><li>VWE_Gun_ChargeLMG</li><li>VWE_Gun_ChargeSniperRifle</li><li>VWE_Gun_ChargeMinigun</li><li>VWE_Gun_ChargeRocketLauncher</li><li>Chemshine</li><li>ChemBoiler</li><li>Building_ChemshineBarrel</li><li>StoolBar</li><li>TableCircular</li><li>TableFaro</li><li>TableFiveFingerFilet</li><li>Turret_GatlingGun</li><li>VFES_Headgear_Bandana</li><li>VFES_Headgear_Sombrero</li><li>VFES_Headgear_FlatCap</li><li>Apparel_Vest</li><li>Apparel_GreatDress</li><li>VFES_Gun_DoubleActionRevolver</li><li>VFES_Gun_DoubleBarreledShotgun</li><li>VFES_Gun_HuntingRifle</li><li>VFES_Weapon_GrenadeDynamite</li><li>VFES_Tomahawk</li><li>VAEA_Apparel_Backpack</li><li>VAEA_Apparel_BattleBanner</li><li>VAEA_Apparel_MedicBag</li><li>VAEA_Apparel_Quiver</li><li>VAEA_Apparel_ToolBelt</li><li>VAEA_Apparel_AmmoPack</li><li>VAEA_Apparel_ExplosiveBelt</li><li>VAEA_Apparel_RangedShieldBelt</li><li>VAEA_Apparel_RessurectorBelt</li><li>VAEA_Apparel_MiniTurretPack</li><li>VPE_Eltex</li><li>VPE_Apparel_EltexMask</li><li>VPE_Apparel_EltexCape</li><li>VPE_Apparel_PlateArmorPrestige</li><li>VPE_Psyring</li><li>VPE_SteelConstruct</li><li>VPE_RockConstruct</li><li>VPE_SummonedSkeleton</li><li>VPE_MeleeWeapon_EltexDagger</li><li>VPE_MeleeWeapon_EltexMace</li><li>VPE_MeleeWeapon_EltexSword</li><li>AM_BanquetTable</li><li>AM_CubicBed</li><li>AM_DoubleCubicBed</li><li>AM_CubicHospitalBed</li><li>AM_HoraxianBed</li><li>AM_DoubleHoraxianBed</li><li>AM_CubicSlab_Medium</li><li>AM_CubicSlab_Broad</li><li>AM_FleshSlab_Medium</li><li>AM_FleshSlab_Broad</li><li>AM_HoraxianSlab_Medium</li><li>AM_HoraxianSlab_Broad</li><li>AM_Pyramid</li><li>AM_GrandGate</li><li>AM_FuturisticObelisk</li><li>AM_FuturisticStele</li><li>AM_FuturisticPyramid</li><li>AM_GreatPyramid</li><li>AM_Sphynx</li><li>AM_Megalith</li><li>AM_StoneBedroll</li><li>AM_DoubleStoneBedroll</li><li>AM_AncientBed</li><li>AM_AncientDoubleBed</li><li>AM_AncientOperatingTable</li><li>AM_AncientLockerBank</li><li>AM_Neolithic_StoneTable_1x2c</li><li>AM_Neolithic_StoneTable_2x2c</li><li>AM_Neolithic_StoneTable_2x4c</li><li>AM_Neolithic_StoneTable_3x3c</li><li>AM_Neolithic_WoodenTable_1x2c</li><li>AM_Neolithic_WoodenTable_2x2c</li><li>AM_Neolithic_WoodenTable_2x4c</li><li>AM_Neolithic_WoodenTable_3x3c</li><li>AM_TrapBlunt</li><li>AM_AnimalDatabase</li><li>AM_Apparel_Eyepatch</li><li>AM_JewishSlab_Medium</li><li>AM_JewishSlab_Broad</li><li>AM_KemeticSlab_Medium</li><li>AM_KemeticSlab_Broad</li><li>AM_HinduSlab_Medium</li><li>AM_HinduSlab_Broad</li><li>AM_SteampunkSlab_Medium</li><li>AM_SteampunkSlab_Broad</li><li>AM_CorsairSlab_Medium</li><li>AM_CorsairSlab_Broad</li><li>AM_JainSlab_Medium</li><li>AM_JainSlab_Broad</li><li>AM_SikhSlab_Medium</li><li>AM_SikhSlab_Broad</li><li>AM_IslamicSlab_Medium</li><li>AM_IslamicSlab_Broad</li><li>AM_ChristianSlab_Medium</li><li>AM_ChristianSlab_Broad</li><li>AM_BuddhistSlab_Medium</li><li>AM_BuddhistSlab_Broad</li><li>AM_UnshackledDryad</li><li>AM_RumBurialSpot</li><li>AM_SkyBurialSpot</li><li>AM_Urn</li><li>AM_MummyMale</li><li>AM_MummyFemale</li><li>AM_CorpseRumBasic</li><li>AM_CorpseRumFine</li><li>AA_BlackScarab_Temporary</li><li>AA_BlackSpelopede_Temporary</li><li>AA_BlackSpider_Temporary</li><li>AA_MammothWorm_Temporary</li><li>AA_BlackLarvae</li><li>AAVPE_BlackQueen</li><li>AA_OcularOriginator</li><li>AA_Summoned_Eyeling</li><li>AA_DarkGlowPod</li><li>AA_BlueGelBattery</li><li>AA_HexaGelBattery</li><li>AA_MutantLeg</li><li>AA_MutantArm</li><li>AA_MutantEye</li><li>AA_TheOmniscientEye</li><li>AA_TheRecalcitrantEye</li><li>AA_TheQuiescentEye</li><li>AA_TheNumbingEye</li><li>AA_TheSpasmodicEye</li><li>AA_TheMeretriciousEye</li><li>AA_TheHeuristicEye</li><li>AA_IronhuskEggUnfertilized</li><li>AA_MammothWormEggUnfertilized</li><li>AA_CrepuscularBeetleEggUnfertilized</li><li>AA_GreatDevourerEggUnfertilized</li><li>AA_MegalouseEggUnfertilized</li><li>AA_BedBugEggUnfertilized</li><li>AA_AnimaliskEggFertilized</li><li>AA_FeraliskEggUnfertilized</li><li>AA_EggNightlingFertilized</li><li>AA_EggNightlingUnfertilized</li><li>AA_EggMeadowAveFertilized</li><li>AA_EggMeadowAveUnfertilized</li><li>AA_EggDesertAveFertilized</li><li>AA_EggNightAveFertilized</li><li>AA_EggRoyalAveFertilized</li><li>AA_EggRoughPlatedMonitorFertilized</li><li>AA_AtispecEggFertilized</li><li>AA_AtispecEggUnfertilized</li><li>AA_AngelMothEggFertilized</li><li>AA_ButterflyEggUnfertilized</li><li>AA_DrainerEggFertilized</li><li>AA_FireWaspEggFertilized</li><li>AA_FireWaspEggUnfertilized</li><li>AA_EggFlamingoPhoenixFertilized</li><li>AA_EggCrescendoAnoleFertilized</li><li>AA_EggCrescendoAnoleUnfertilized</li><li>AA_EggPedigreedRaptorFertilized</li><li>AA_EggPedigreedRaptorUnfertilized</li><li>AA_EmpressButterflyEggFertilized</li><li>AA_EggGiantCrownedSilkieUnfertilized</li><li>AA_EggGiantCrownedSilkieFertilized</li><li>AA_AerofleetMeat</li><li>AA_OcularJellyMeat</li><li>AB_RawRedSlime</li><li>AA_CactusMeat</li><li>AA_BlackInsectJelly</li><li>AA_CactipineQuill</li><li>AA_BlueMilk</li><li>AA_GowMilk</li><li>AA_DisgustingMealNutrientPaste</li><li>AA_GallatrossHorn</li><li>GU_RedWood</li><li>AA_SkySteel</li><li>AA_UraniumCrystals</li><li>AA_BlueGel</li><li>AA_Hexagel</li><li>AA_HexagelCore</li><li>AA_AgariluxRawFungus</li><li>AA_RottingMoundItem</li><li>AA_HugeAnimaPearl</li><li>AA_NightMilk</li><li>AA_BlackTruffles</li><li>AA_Leather_Behemoth</li><li>AA_Leather_Aerofleet</li><li>AA_ArcticLion_Leather</li><li>AA_SandLion_Leather</li><li>Leather_Chitin</li><li>Leather_IronChitin</li><li>Leather_RaptorPlates</li><li>Leather_Cactus</li><li>Leather_BlackChitin</li><li>Leather_Gallatross</li><li>Leather_Night</li><li>AA_ChameleonYakWoolTemperate</li><li>AA_ChameleonYakWoolWinter</li><li>AA_ChameleonYakWoolJungle</li><li>AA_ChameleonYakWoolDesert</li><li>AA_CinderSilk</li><li>AA_MothSilk</li><li>AA_GiantCrownedSilkieSilk</li><li>AA_GreyCoatedMouflonWool</li><li>AA_NightWool</li><li>AA_AcanthamoebaGiganteaSmall</li><li>AA_AcanthamoebaGiganteaLarge</li><li>AA_AcanthamoebaGiganteaHuge</li><li>AA_Aerofleet</li><li>AA_ColossalAerofleet</li><li>AA_Agaripawn</li><li>AA_Agaripod</li><li>AA_AngelMothLarva</li><li>AA_AngelMoth</li><li>AA_AnimaColossus</li><li>AA_Animalisk</li><li>AA_AnimusVox</li><li>AA_ArcticLion</li><li>AA_LarvalAtispec</li><li>AA_Atispec</li><li>AA_AuroraSylph</li><li>AA_Barbslinger</li><li>AA_BedBug</li><li>AA_Behemoth</li><li>AA_BlackScarab</li><li>AA_BlackSpelopede</li><li>AA_BlackSpider</li><li>AA_Blizzarisk</li><li>AA_BlizzariskClutchMother</li><li>AA_BloodShrimp</li><li>AA_Bobeene</li><li>AA_BoulderMit</li><li>AA_SummitCrab</li><li>AA_Bumbledrone</li><li>AA_BumbledroneHierophant</li><li>AA_BumbledroneQueen</li><li>AA_Cactipine</li><li>AA_ChameleonYak</li><li>AA_ChemfuelMyrmidon</li><li>AA_Cinderlisk</li><li>AA_CrepuscularBeetle</li><li>AA_CrescendoAnole</li><li>AA_CrystalMit</li><li>AA_CrystallineCaracal</li><li>AA_DarkVandal</li><li>AA_Darkbeast</li><li>AA_DecayDrake</li><li>AA_DesertAve</li><li>AA_DevilSheep</li><li>AA_DrainerLarva</li><li>AA_Drainer</li><li>AA_Dunealisk</li><li>AA_DunealiskClutchMother</li><li>AA_DuskProwler</li><li>AA_DuskRat</li><li>AA_EmpressButterflyLarva</li><li>AA_EmpressButterfly</li><li>AA_EngorgedTentacularAberration</li><li>AA_Erin</li><li>AA_Eyeling</li><li>AA_Feralisk</li><li>AA_FeraliskClutchMother</li><li>AA_FireWasp</li><li>AA_FissionMouse</li><li>AA_FissionMouseSecond</li><li>AA_FissionMouseThird</li><li>AA_FlamingoPhoenix</li><li>AA_FrostAve</li><li>AA_FrostLynx</li><li>AA_Frostmite</li><li>AA_FrostboundBehemoth</li><li>AA_Frostling</li><li>AA_FungalHusk</li><li>AA_Gallatross</li><li>AA_GallatrossMoribund</li><li>AA_Genix</li><li>AA_GiantCrownedSilkie</li><li>AA_Gigantelope</li><li>AA_GreatDevourer</li><li>AA_GreenGoo</li><li>AA_GreyCoatedMouflon</li><li>AA_Groundrunner</li><li>AA_Helixien</li><li>AA_InfectedAerofleet</li><li>AA_IronhuskBeetle</li><li>AA_Junglelisk</li><li>AA_Lockjaw</li><li>AA_Locusts</li><li>AA_LuciferBug</li><li>AA_MammothWorm</li><li>AA_Mantrap</li><li>AA_MatureFleshbeast</li><li>AA_MeadowAve</li><li>AA_MegaLouse</li><li>AA_Metallovore</li><li>AA_Mime</li><li>AA_Murkling</li><li>AA_MycoidColossus</li><li>AA_Needlepost</li><li>AA_Needleroll</li><li>AA_NightMule</li><li>AA_NightAve</li><li>AA_Nightling</li><li>AA_NightRam</li><li>AA_OcularJelly</li><li>AA_OcularNightling</li><li>AA_OvergrownColossus</li><li>AA_PebbleMit</li><li>AA_PedigreedRaptor</li><li>AA_PhoenixOwlcat</li><li>AA_Plasmorph</li><li>AA_Radyak</li><li>AA_RaptorShrimp</li><li>AA_Ravager</li><li>AA_RayHound</li><li>AA_Razorjack</li><li>AA_RedGoo</li><li>AA_RedSpore</li><li>AA_RipperHound</li><li>AA_RoughPlatedMonitor</li><li>AA_RoyalAve</li><li>AA_SandLion</li><li>AA_SandProwler</li><li>AA_SandSquid</li><li>AA_ShadowCharger</li><li>AA_ShockGoat</li><li>AA_Skiphound</li><li>AA_Skyeel</li><li>AA_Slurrypede</li><li>AA_SmallButterfly</li><li>AA_SpinedGow</li><li>AA_Swarmling</li><li>AA_TarGuzzler</li><li>AA_TeratogenicOriginator</li><li>AA_Terramorph</li><li>AA_TetraSlug</li><li>AA_Thermadon</li><li>AA_Thunderbeast</li><li>AA_Thunderox</li><li>AA_UnblinkingEye</li><li>AA_Wildpawn</li><li>AA_Wildpod</li><li>AA_WindBeast</li><li>Conga</li><li>Ogolupe</li><li>Ranat</li><li>TCS_ConversionStaff</li><li>FuneralPyre</li><li>HVT_PersonalityNeuroformatter</li><li>AG_RuinedHospitalBed</li><li>AG_AncientShelf</li><li>AG_ForsakenForge</li><li>AG_Alphapack</li><li>AG_Mixedpack</li><li>AG_GeneRemover</li><li>AG_Endogenefier</li><li>AG_Xenogenefier</li><li>AG_XenotypeNullifier</li><li>AG_XenotypeInjector</li><li>AG_GermlineMutator</li><li>AG_GenepackTweaker</li><li>AG_GenepackDisruptor</li><li>AG_ArchoGeneRemover</li><li>AG_ArchoEndogenefier</li><li>AG_ArchoXenogenefier</li><li>AG_HumanEgg</li><li>AG_Ultima</li><li>AG_Forsaken_Hood</li><li>AG_Forsaken_Hood_Child</li><li>AG_ForsakenCloak</li><li>AG_ForsakenCloak_Child</li><li>AG_ForsakenMarineHelmet</li><li>AG_ForsakenMarineHelmetPsy</li><li>AG_ForsakenMarineArmor</li><li>AG_ForsakenSniper</li><li>AG_ForsakenShotgun</li><li>AG_ForsakenAssaultRifle</li><li>AG_ForsakenLongBlade</li><li>AG_ForsakenBattleAxe</li><li>AG_ForsakenBulkSword</li><li>AG_ForsakenSpear</li><li>AG_ForsakenBow</li><li>AG_ForsakenHydra</li><li>VWE_MeleeWeapon_HeavyClub</li><li>VWE_MeleeWeapon_LightClub</li><li>VWE_MeleeWeapon_TribalAxe</li><li>VWE_MeleeWeapon_Shiv</li><li>VWE_Sling</li><li>VWE_Throwing_Shards</li><li>VWE_Weapon_FireBomb</li><li>VCE_RawApple</li><li>VCE_RawPeach</li><li>VCE_RawCherry</li><li>VCE_RawPlum</li><li>VCE_RawPrunes</li><li>VCE_RawPear</li><li>VCE_RawPricklyPear</li><li>VCE_Bearberry</li><li>VCE_RawBanana</li><li>VCE_RawOrange</li><li>VCE_RawOnion</li><li>VCE_RawPumpkin</li><li>VCE_RawPepper</li><li>VCE_RawPeas</li><li>VCE_RawEggplant</li><li>VCE_RawCabbage</li><li>VCE_RawBeets</li><li>VCE_RawTomatoes</li><li>VCE_ElectricPot</li><li>VCE_Grill</li><li>VCE_DeepFrier</li><li>VCE_CanningMachine</li><li>VCE_CondimentPrepTable</li><li>VCE_CheesePress</li><li>VCE_SimpleBake</li><li>VCE_FineBake</li><li>VCE_LavishBake</li><li>VCE_GourmetBake</li><li>VCE_CannedProduce</li><li>VCE_CannedAP</li><li>VCE_CannedFish</li><li>VCE_Cheese</li><li>VCE_AgaveNectar</li><li>VCE_RawSugar</li><li>VCE_RawSpices</li><li>VCE_Salt</li><li>VCE_Mayo</li><li>VCE_InsectJellyPreserves</li><li>VCE_SmokeleafButter</li><li>VCE_ChocolateSyrup</li><li>VCE_DigestibleResurrectorNanites</li><li>VCE_SimpleDessert</li><li>VCE_FineDessert</li><li>VCE_LavishDessert</li><li>VCE_GourmetDessert</li><li>VCE_MealGourmet</li><li>VCE_SimpleGrill</li><li>VCE_RuinedSimpleGrill</li><li>VCE_FineGrill</li><li>VCE_RuinedFineGrill</li><li>VCE_LavishGrill</li><li>VCE_RuinedLavishGrill</li><li>VCE_GourmetGrill</li><li>VCE_RuinedGourmetGrill</li><li>VCE_Flour</li><li>VCE_CookedSoupSimple</li><li>VCE_CookedSoupFine</li><li>VCE_CookedSoupLavish</li><li>VCE_CookedSoupGourmet</li><li>VCEF_RawAnchovy</li><li>VCEF_RawAngelfish</li><li>VCEF_RawAnglerfish</li><li>VCEF_RawClownfish</li><li>VCEF_RawEel</li><li>VCEF_RawGoldfish</li><li>VCEF_RawHaddock</li><li>VCEF_RawHalibut</li><li>VCEF_RawHerring</li><li>VCEF_RawKoi</li><li>VCEF_RawLobster</li><li>VCEF_RawMackerel</li><li>VCEF_RawMinnow</li><li>VCEF_RawPerch</li><li>VCEF_RawPufferfish</li><li>VCEF_RawSprat</li><li>VCEF_RawSwordfish</li><li>VCEF_RawTrout</li><li>VBE_WritersTable</li><li>VBE_TypewritersTable</li><li>VBE_Newspaper</li><li>VME_TackleBox</li><li>VME_WickerMan</li><li>VME_Bonfire</li><li>VME_MechanoidEffigy</li><li>VME_Obelisk</li><li>VME_TaoistSlab_Medium</li><li>VME_TaoistSlab_Broad</li><li>VME_EsotericismSlab_Medium</li><li>VME_EsotericismSlab_Broad</li><li>VME_EldritchSlab_Medium</li><li>VME_EldritchSlab_Broad</li><li>VME_SerketistSlab_Medium</li><li>VME_SerketistSlab_Broad</li><li>VFE_LargeBattery</li><li>VFE_SmallBattery</li><li>VFE_AdvancedBattery</li><li>VFE_LargeAdvancedBattery</li><li>VFE_PortableWoodFiredGenerator</li><li>VFE_PortableChemfuelPoweredGenerator</li><li>VFE_SmallVanometricPowerCell</li><li>VFE_LargeVanometricPowerCell</li><li>VPE_ArchotechViolenceGenerator</li><li>VFE_ArchotechSculpture</li><li>VFE_Pottery</li><li>VFE_StatueSmall</li><li>VFE_Carving</li><li>VFE_StatueLarge</li><li>VFE_StatueGrand</li><li>VFE_Monument</li><li>VFE_Relief</li><li>VFE_Pillar</li><li>VFE_Obelisk</li><li>VFE_Plinth</li><li>VFE_DecorativePlantPot</li><li>HologramBase</li><li>VFE_RugSmall</li><li>VFE_RugLarge</li><li>VFE_RugGrand</li><li>VBE_Cider</li><li>VBE_LuciferiumPowder</li><li>VBE_WakeUpPowder</li><li>VBE_GoJuiceStock</li><li>VBE_Bar</li><li>VBE_SodaFountain</li><li>VBE_AmbrandyDistillery</li><li>VBE_WhiskeyCask</li><li>VBE_TequilaBarrel</li><li>VBE_VodkaDrum</li><li>VBE_GinStill</li><li>VBE_Ambrandy</li><li>VBE_Gin</li><li>VBE_Tequila</li><li>VBE_Vodka</li><li>VBE_Whiskey</li><li>VBE_DoubleWhiskey</li><li>VBE_HotCoffee</li><li>VBE_IceCoffee</li><li>VBE_EnergyDrink</li><li>VBE_Juice</li><li>VBE_Soda</li><li>VBE_Tea</li><li>VBE_SimpleCocktail</li><li>VBE_FineCocktail</li><li>VBE_LavishCocktail</li><li>VBE_GourmetCocktail</li><li>VBE_RawTobacco</li><li>VBE_Cigarettes</li><li>VBE_Cigars</li><li>VAE_Headgear_RoyalTrooperHelmet</li><li>VAE_Apparel_RoyalTrooperArmor</li><li>VAE_Headgear_RoyalSiegeHelmet</li><li>VAE_Apparel_RoyalSiegeArmor</li><li>VAE_Footwear_PlateBoots</li><li>VAE_Footwear_MarineBoots</li><li>VAE_Handwear_PlateGloves</li><li>VAE_Handwear_MarineGloves</li><li>VAE_Apparel_GhillieSuit</li><li>VAE_Apparel_HAZMATSuit</li><li>VAE_Apparel_Gambeson</li><li>VAE_Apparel_QuiltedVest</li><li>VAE_Apparel_LightPlateArmor</li><li>VAE_Apparel_PlateShoulderpads</li><li>VAE_Apparel_Chestplate</li><li>VAE_Apparel_Chainmail</li><li>VAE_Apparel_PlateHelmet</li><li>VAE_Apparel_WoodenArmor</li><li>VAE_Headgear_StoneWarMask</li><li>VAE_Apparel_RiotArmor</li><li>VAE_Apparel_RiotHelmet</li><li>VAE_Apparel_Shield_Riot</li><li>VAE_Headgear_TrooperHelmet</li><li>VAE_Apparel_TrooperArmor</li><li>VAE_Headgear_HeavyMarineHelmet</li><li>VAE_Apparel_HeavyMarineArmor</li><li>VAE_Headgear_Balaclava</li><li>VAE_Headgear_GhillieHood</li><li>VAE_Headgear_HAZMATMask</li><li>VAE_Footwear_Boots</li><li>VAE_Footwear_Shoes</li><li>VAE_Handwear_Gloves</li><li>VAE_Apparel_CasualTShirt</li><li>VAE_Apparel_Hoodie</li><li>VAE_Apparel_Shorts</li><li>VAE_Apparel_Skirt</li><li>VAE_Apparel_ShirtandTie</li><li>VAE_Apparel_SuitJacket</li><li>VAE_Apparel_Trousers</li><li>VAE_Headgear_Fedora</li><li>VAE_Apparel_Overalls</li><li>VAE_Apparel_FleeceShirt</li><li>VAE_Apparel_Jeans</li><li>VAE_Apparel_ChefsUniform</li><li>VAE_Apparel_MilitaryJacket</li><li>VAE_Apparel_MilitaryUniform</li><li>VAE_Apparel_BuildersJacket</li><li>VAE_Apparel_DoctorScrubs</li><li>VAE_Apparel_LabCoat</li><li>VAE_Apparel_TankTop</li><li>VAE_Apparel_SheriffShirt</li><li>VAE_Apparel_Jumpsuit</li><li>VAE_Apparel_Tunic</li><li>VAE_Apparel_Blouse</li><li>VAE_Apparel_Apron</li><li>VAE_Apparel_PeltCoat</li><li>VAE_Apparel_TribalPoncho</li><li>VAE_Apparel_TribalKilt</li><li>VAE_Headgear_Scarf</li><li>VAE_Headgear_Beret</li><li>VAE_Headgear_Hardhat</li><li>VAE_Headgear_SurgicalMask</li><li>VAE_Headgear_BaseballCap</li><li>VAE_Headgear_Sunglasses</li><li>VAE_Headgear_Glasses</li><li>VAE_Headgear_ChefsToque</li><li>AEXP_EggCrocodileUnfertilized</li><li>AEXP_EggCrocodileFertilized</li><li>AEXP_EggPlatypusUnfertilized</li><li>AEXP_EggPlatypusFertilized</li><li>AEXP_EggDesertTortoiseUnfertilized</li><li>AEXP_EggDesertTortoiseFertilized</li><li>AEXP_EggGilaMonsterUnfertilized</li><li>AEXP_EggGilaMonsterFertilized</li><li>AEXP_EggRattlesnakeUnfertilized</li><li>AEXP_EggRattlesnakeFertilized</li><li>AEXP_EggWildGooseUnfertilized</li><li>AEXP_EggWildGooseFertilized</li><li>AEXP_EggAnacondaUnfertilized</li><li>AEXP_EggAnacondaFertilized</li><li>AEXP_Leather_Wildebeest</li><li>AEXP_Leather_Platypus</li><li>AEXP_Leather_Lion</li><li>WoolCamel</li><li>AEXP_Coyote</li><li>AEXP_Giraffe</li><li>AEXP_Zebra</li><li>AEXP_Wildebeest</li><li>AEXP_Crocodile</li><li>AEXP_Cheetah</li><li>AEXP_Boombat</li><li>AEXP_Kangaroo</li><li>AEXP_Koala</li><li>AEXP_Platypus</li><li>AEXP_ArcticCoyote</li><li>AEXP_BlackBear</li><li>AEXP_CatAbyssinian</li><li>AEXP_CatBengal</li><li>AEXP_CatBritishShorthair</li><li>AEXP_CatMaineCoon</li><li>AEXP_CatMunchkin</li><li>AEXP_CatNorwegianForest</li><li>AEXP_CatPersian</li><li>AEXP_CatSiamese</li><li>AEXP_CatSomali</li><li>AEXP_CatSphynx</li><li>AEXP_Hyena</li><li>AEXP_DesertTortoise</li><li>AEXP_Lion</li><li>AEXP_GilaMonster</li><li>AEXP_Beagle</li><li>AEXP_Chihuahua</li><li>AEXP_Corgi</li><li>AEXP_FrenchBulldog</li><li>AEXP_GermanShepherd</li><li>AEXP_GreatDane</li><li>AEXP_Poodle</li><li>AEXP_Pug</li><li>AEXP_Rottweiler</li><li>AEXP_Shih-Tzu</li><li>AEXP_WelshTerrier</li><li>AEXP_Camel</li><li>AEXP_Rattlesnake</li><li>AEXP_Megascorpion</li><li>AEXP_RedPanda</li><li>AEXP_WildGoose</li><li>AEXP_Beaver</li><li>AEXP_Hedgehog</li><li>AEXP_Jaguar</li><li>AEXP_Lemur</li><li>AEXP_Mandrill</li><li>AEXP_Tapir</li><li>AEXP_Anaconda</li><li>AEXP_IndianElephant</li><li>AEXP_MegaWolverine</li><li>VPER_MeleeWeapon_RunesmithBattleaxe</li><li>VPER_WarriorSpirit</li><li>Building_RTMagneticShield</li><li>Building_RTCircuitBreaker</li><li>Building_RTMakeshiftFuse</li><li>NapalmBomb</li><li>pipelineValve</li><li>ResourceConsole</li><li>FuelPowerplant</li><li>ChemfuelHopper</li><li>ChemfuelSiphon</li><li>RefineryLoadingBay</li><li>SynthyleneRefiner</li><li>NapalmRefiner</li><li>SynthreadRefiner</li><li>SynthamideRefiner</li><li>HyperweaveRefiner</li><li>NeutroamineRefiner</li><li>Autoclave</li><li>Shell_Napalm</li><li>UncuredPlasteel</li><li>Synthamide</li><li>Synthylene</li><li>UncuredComposite</li><li>FiberComposite</li><li>PlantPot_BambooBonsai</li><li>CPD_CoffeeBeans</li><li>Rawtea</li><li>Silage</li><li>VG_Biofuel</li><li>VG_Hivepiece</li><li>Cuptea</li><li>VG_BarleyTea</li><li>Coffee</li><li>Fruitdrink</li><li>Chocomilk</li><li>bowlstew</li><li>bowlstew_Veg</li><li>bowlstew_Meat</li><li>stirfry</li><li>Mealstirfry_Veg</li><li>Mealstirfry_Meat</li><li>VG_Hardtack</li><li>Bamboo</li><li>VG_IronWoodLog</li><li>RawAgave</li><li>RawBerries</li><li>Rawapple</li><li>Rawbanana</li><li>Rawgrape</li><li>Raworange</li><li>Rawpeach</li><li>Rawpineapple</li><li>Rawblueberry</li><li>Rawwatermelon</li><li>Rawdate</li><li>Rawfig</li><li>Rawgooseberry</li><li>Rawcloudberry</li><li>RawCherry</li><li>RawCoconut</li><li>Honey</li><li>Mead</li><li>RawRedLentil</li><li>Rawmushroom</li><li>VG_GardenFish</li><li>Rawsnowbeet</li><li>RawBarley</li><li>Rawbean</li><li>RawOlive</li><li>RawCactusFruit</li><li>VG_FoodShelf</li><li>bakedpolenta</li><li>Bread</li><li>sweetbun</li><li>muffin</li><li>BlueberryPie</li><li>cookie</li><li>pizza</li><li>SaltedMeat</li><li>PickledVeg</li><li>Rawsugarcane</li><li>Flour</li><li>cheese</li><li>Rawwheat</li><li>driedfruit</li><li>VeganEgg</li><li>MakiRoll</li><li>Nigiri</li><li>yogurt</li><li>icecream</li><li>smoothie</li><li>Caramel</li><li>Hardcandy</li><li>Taffy</li><li>Grilledveg</li><li>Grilledsteak</li><li>meatpie</li><li>grilledpolenta</li><li>Porridge</li><li>grilledcheese</li><li>Kabob</li><li>grilledmeat</li><li>Tacos</li><li>Rawtofu</li><li>Oven</li><li>ElectricOven</li><li>HandCanningstove</li><li>Canningstove</li><li>FueledCandyTable</li><li>CandyTable</li><li>CookingTools</li><li>GrindStone</li><li>ElectricGrindStone</li><li>ChunkSalt</li><li>CR_RawCocoaBeans</li><li>CR_RoastedCacaoBeans</li><li>CR_ChocolateLiquor</li><li>CR_MilkChocolate</li><li>CR_ChocolateMilk</li><li>LightColumnMod</li><li>DarkColumnMod</li><li>OrbitalTradeColumnMod</li><li>Wall_TradeDevice</li><li>Wall_FirefoamPopper</li><li>SunColumnMod</li><li>Wall_SunDevice</li><li>Wall_HeatDevice</li><li>IceColumnMod</li><li>Wall_CoolDevice</li><li>DetColumnMod</li><li>FlameColumnMod</li><li>EMPColumnMod</li><li>DeadColumnMod</li><li>ArchotechDroneColumn</li><li>ComponentArchoDrone</li><li>MealCannedFood</li><li>CannedVeg</li><li>CannedMeat</li><li>CannedFruit</li><li>CanningFactory</li><li>RimFridge_SingleRefrigerator</li><li>RimFridge_Refrigerator</li><li>RimFridge_QuadRefrigerator</li><li>RimFridge_SingleWallRefrigerator</li><li>RimFridge_WallRefrigerator</li><li>Raweggplant</li><li>Rawpumpkin</li><li>Rawsquash</li><li>RawTomatoes</li><li>RawCarrots</li><li>RawKiwi</li><li>RawMango</li><li>RawAvocado</li><li>VG_Guacamole</li><li>BS_SurtrSword_Persona</li><li>BS_SkrymirHammer_Persona</li><li>BS_OgreClub</li><li>BS_GiantHammer</li><li>BS_JotunHammer</li><li>BS_SurtrSword</li><li>BS_SkrymirHammer</li><li>BS_JotunJavelin</li><li>BS_GiantPrimitiveBow</li><li>BS_OgreThrowinRock</li><li>BS_JotunRifle</li><li>BS_GiantMinigun</li><li>BS_JotunRocketLauncher</li><li>BS_DarkSoulshard</li><li>BS_Giant_Serum</li><li>BS_Shrink_Serum</li><li>BS_GeneDicombobulator</li><li>BS_GeneGeneIntegrator</li><li>BS_CreateXenogerm</li><li>BS_CreateXenogerm_Endo</li><li>BS_CreateArchiteXenogerm</li><li>BS_CreateArchiteXenogerm_Endo</li><li>BS_GluttonRace</li><li>BS_InsectoidHumanoid_FourArmed</li><li>BS_IndestructibelApparel</li><li>BS_JotunSword</li><li>BS_BarbarianArmor</li><li>BS_Nisse_Cap</li><li>VFEM_Bow_HeavyCrossbow</li><li>ASF_BigSShelf</li><li>ASF_BigShelf</li><li>ASF_Basket</li><li>ASF_ClothingRack</li><li>ASF_FabricHamper</li><li>ASF_Hayloft</li><li>ASF_MeatHook</li><li>ASF_MedCab</li><li>ASF_Pallet</li><li>ASF_Safe</li><li>ASF_Skip</li><li>ASF_TrayRack</li><li>ASF_VeryBigSShelf</li><li>ASF_VeryBigShelf</li><li>ASF_WeaponsCabinet</li><li>ASF_WeaponsLocker</li><li>TVG_TrapMouse</li><li>ArcheryTarget</li><li>ShootingRangeTarget</li><li>MartialArtsTarget</li><li>sbz_LargeGravshipCrate</li><li>sbz_GravshipCrate</li><li>sbz_LongGravshipCrate</li><li>sbz_GravshipGlassShelf</li><li>sbz_GravshipTwoTierShelf</li><li>sbz_GravshipShelf</li><li>sbz_SmallGravshipShelf</li><li>sbz_GravshipWeaponRack</li><li>sbz_Crate</li><li>sbz_MidCrate</li><li>sbz_SmallCrate</li><li>sbz_Pallet</li><li>sbz_MiniPallet</li><li>sbz_OpenShelf</li><li>sbz_TwoTierDisplayShelf</li><li>sbz_DisplayShelf</li><li>sbz_SmallDisplayShelf</li><li>sbz_TallDisplayShelf</li><li>sbz_NarrowTallDisplayShelf</li><li>sbz_WideHangerShelf</li><li>sbz_HangerShelf</li><li>sbz_DisplayCabinet</li><li>sbz_NarrowDisplayCabinet</li><li>sbz_DisplayTable</li><li>sbz_MeatHook</li><li>sbz_TextileRack</li><li>sbz_Safe</li><li>sbz_Drum</li><li>sbz_HorizontalWeaponRack</li><li>sbz_VerticalWeaponRack</li><li>sbz_WeaponRack</li><li>BarrelA</li><li>BarrelB</li><li>BarrelC</li><li>BundleA</li><li>BundleB</li><li>BundleC</li><li>CanisterA</li><li>CanisterB</li><li>CrateA</li><li>CrateB</li><li>CrateC</li><li>CrateD</li><li>CrateE</li><li>CrateF</li><li>CrateG</li><li>MetalCrateA</li><li>MetalCrateB</li><li>MetalCrateC</li><li>MetalCrateD</li><li>PalletCrateA</li><li>PalletCrateB</li><li>CaravanBiofuelRefinery_TWB</li><li>CaravanChair_TWB</li><li>CaravanChemfuelStove_TWB</li><li>CaravanGenerator_TWB</li><li>CaravanLantern_TWB</li><li>CaravanTable_TWB</li><li>BurialUrn</li><li>AdvancedMultiAnalyzer</li><li>ToolCabinetA</li><li>ToolCabinetB</li><li>ToolCabinetC</li><li>KitchenCupboard</li><li>SurgicalLamp</li><li>SurgicalInstruments</li><li>TST_MeditationStone</li><li>TST_DrumStool</li><li>TST_DrumBench</li><li>TST_CushionedPew</li><li>TST_BoxPew</li><li>TST_PrieDieu</li><li>TST_SlabPew</li><li>IceWorld_Mantle</li><li>Gunmar_Apparel_Tribal</li><li>Gunmar_Apparel_ThickPeltArmor</li><li>Gunmar_Apparel_PeltCap</li><li>Gunmar_Apparel_PeltMantle</li><li>Gunmar_Apparel_PeltHandWraps</li><li>Gunmar_Apparel_PeltLeggings</li><li>Gunmar_Apparel_PeltBoots</li><li>Gunmar_Apparel_SunshadePeltCap</li><li>Gunmar_Apparel_SunshadePeltMantle</li><li>Gunmar_Apparel_WovenCap</li><li>Gunmar_Apparel_WovenMantle</li><li>Gunmar_Apparel_WovenHandWraps</li><li>Gunmar_Apparel_WovenLeggings</li><li>Gunmar_Apparel_WovenFootWraps</li><li>Gunmar_War_Bow</li><li>Apparel_KidTribalCape</li><li>Apparel_KidTribalCloak</li><li>Apparel_KidTribalFurCloak</li><li>Apparel_TribalCape</li><li>Apparel_TribalCloak</li><li>Apparel_TribalFurCloak</li><li>River_Tribal_sandals</li><li>River_Tribal_moccasins</li><li>River_Tribal_mukluks</li><li>River_Tribal_mittens</li><li>klvlt_SmokedFish</li><li>Tam_SmokedMeat</li><li>Tam_SmokedInsectMeat</li><li>Tam_SmokedHumanMeat</li><li>Tam_SmokedVeg</li><li>Mallow_dress_shoes</li><li>Mallow_royal_shoes</li><li>Mallow_kid_shoes</li><li>Mallow_kid_socks</li><li>Mallow_clogs</li><li>Mallow_wool_felt_boots</li><li>Mallow_footwraps</li><li>Mallow_summer_socks</li><li>Mallow_winter_socks</li><li>Mallow_riding_boots</li><li>Mallow_stockings</li><li>Mallow_work_boots</li><li>Mallow_school_shoes</li><li>Apparel_NepChildArmor</li><li>Apparel_NepChildVest</li><li>Apparel_NepChildRecon</li><li>Apparel_NepChildHelmetRecon</li><li>IF_MeditrainTable</li><li>IH_Apparel_InsulatedHelmet</li><li>IH_Apparel_InsulatedFlakHelmet</li><li>Apparel_InsultatedPlateArmor</li><li>VFE_Scarecrow</li><li>VFE_Sprinkler</li><li>yy_rocket_launcher</li><li>yy_defense_turret</li><li>yy_towed_artillery</li><li>yy_autoblaster</li><li>yy_fieldgun</li><li>Uranium_Shell</li><li>MedicalIV</li><li>Canopy</li><li>WoodenCanopy</li><li>Teepee</li><li>Tent</li><li>VikingTent</li><li>ModernTent</li><li>FoldingTent</li><li>CampingLuggages</li><li>WoodPile</li><li>FSFStoneTrapSpike</li><li>GrenadeBouquet</li><li>Turret_TeslaStunner</li><li>SmallShelf</li><li>OldSmallShelf</li><li>LT_DoorMatLeather</li><li>LT_DoorMatCheckerLeather</li><li>LT_DoorMatBigLeather</li><li>LT_DoorMatBigCheckerLeather</li><li>LT_DoorMatRed</li><li>LT_DoorMatOrange</li><li>LT_DoorMatGreen</li><li>LT_DoorMatTeal</li><li>LT_DoorMatBlue</li><li>LT_DoorMatBigRed</li><li>LT_DoorMatBigOrange</li><li>LT_DoorMatBigGreen</li><li>LT_DoorMatBigTeal</li><li>LT_DoorMatBigBlue</li><li>WDWoodFiredHeater</li><li>WDChemfuelPoweredHeater</li><li>MechSerumYouth</li><li>RotR_ISR2GNew</li><li>RotR_AISR2GNew</li><li>Museums_Bench_Small</li><li>Museums_Bench_Medium</li><li>Museums_Bench_Large</li><li>BBLK_ChildrensBook</li><li>BBLK_ColoringBook</li><li>PortablePolutionPoweredGenerator</li><li>EW_WasteTap</li><li>EW_WasteBin</li><li>RockMill</li><li>CompostBarrel</li><li>HeavySandbags</li><li>Fertilizer</li><li>CrushedRocks</li><li>PileofDirt</li><li>SandPile</li><li>RFFClay</li><li>RFFBricks</li><li>FPIndustrialBreaker</li><li>FPGWBreaker</li><li>Jewelry_Bracelet</li><li>Jewelry_Necklace</li><li>Jewelry_Ring</li><li>Jewelry_Earring</li><li>Jewelry_EltexBracelet</li><li>Jewelry_PsychicNecklace</li><li>Jewelry_EltexRing</li><li>Jewelry_EltexEarring</li><li>LaserTableSculpting</li><li>Diamond</li><li>Ruby</li><li>Sapphire</li><li>WallHeater</li><li>WallCooler</li><li>WYD_SlaveBelt</li><li>RWE_Map</li><li>VRecyclingE_LargePollutionPump</li><li>VRecyclingE_PollutionFastPump</li><li>VRecyclingE_WasteCrate</li><li>VRecyclingE_RecyclingWorkbench</li><li>VRecyclingE_ElectricRecyclingWorkbench</li><li>VRecyclingE_ReclaimedBiopack</li><li>VRecyclingE_StabilizedAlloypack</li><li>VRecyclingE_Trash</li><li>BasicTrapPunji</li><li>PoisonTrapPunji</li><li>GlassPane</li><li>ManualMountainMiner</li><li>XER_RoundShield</li><li>XER_HeaterShield</li><li>XER_BallisticShield</li><li>ABooks_BookOfCondiments</li><li>ABooks_AberrantGrimoire</li><li>ABooks_PsycasterGuide</li><li>ABooks_HermeticMysteries</li><li>ABooks_ReligiousText</li><li>ABooks_AdventuringLogs</li><li>ABooks_ArmyManual</li><li>ABooks_BookOfPortents</li><li>ABooks_BotanicalCompendium</li><li>ABooks_TheChickenBook</li><li>ABooks_DurathreadTechniques</li><li>ABooks_InstructionManual</li><li>ABooks_LustySauridMaid</li><li>ABooks_MedicalJournal</li><li>ABooks_MidasTome</li><li>ABooks_OfficeBinder</li><li>ABooks_PoliticalPamphlet</li><li>ABooks_PsychologyBook</li><li>ABooks_RestaurantGuide</li><li>ABooks_RuinedBook</li><li>ABooks_BurnedBook</li><li>ABooks_SelfHelpBook</li><li>ABooks_SurvivalGuide</li><li>ABooks_TomeOfFire</li><li>ABooks_TrainingManual</li><li>ABooks_TreatiseOfStainlessSteel</li><li>ABooks_TynansBook</li><li>ABooks_ZoologicalCompendium</li><li>ABooks_BookPlinth</li><li>ABooks_StainlessSteel</li><li>ABooks_Durathread</li><li>Apparel_SimpleVest</li><li>TA_Pike</li><li>TA_MailleShirt</li><li>TA_MailleVest</li><li>TA_CloakClosed</li><li>TA_CloakSemi</li><li>TA_CloakOpen</li><li>TA_KidCloak</li><li>TA_KidHood</li><li>TA_PeasantTunic</li><li>TA_KidDress</li><li>TA_BannerSpear_BurgundyCross</li><li>TA_BannerSpear_Dutch</li><li>TA_BannerSpear_FleurDeLis</li><li>TA_BannerSpear_HRE</li><li>TA_BannerSpear_Muscovite</li><li>TA_BannerSpear_Ottoman</li><li>TA_BannerSpear_PLCommonwealth</li><li>TA_BannerSpear_StAndrewCross</li><li>TA_BannerSpear_StGeorgeCross</li><li>TA_BannerSpear_Swede</li><li>TA_Bardiche</li><li>TA_BoardingAxe</li><li>TA_Halberd</li><li>TA_Hanger</li><li>TA_Rapier</li><li>TA_HussarSaber</li><li>TA_Sidesword</li><li>TA_WarPick</li><li>TA_Yatagan</li><li>TA_Zweihander</li><li>TA_Arquebus</li><li>TA_MilitaryMusket</li><li>TA_OttomanMiquelet</li><li>TA_SnaphaunceRifle</li><li>TA_TurkBow</li><li>TA_WheellockCarbine</li><li>TA_WheellockHandMortar</li><li>TA_WheellockPistol</li><li>TA_WarScytheWeapon</li><li>TA_Bazubands</li><li>TA_Gauntlets</li><li>TA_HussarWings</li><li>TA_MusketeerBandolier</li><li>TA_RapierBaldrick</li><li>TA_RapierSash</li><li>TA_HussarSaberScabbard</li><li>TM_SashBelt</li><li>TA_TallBoots</li><li>TA_TallGloves</li><li>TA_BuffCoat</li><li>TA_BuffVest</li><li>TA_Cuirass</li><li>TA_Gorget</li><li>TA_Krug</li><li>TA_PaddedDoublet</li><li>TA_PaddedVest</li><li>TA_PikemanPlate</li><li>TA_ThreeQuartersPlate</li><li>TA_Yushman</li><li>TA_CassockClosed</li><li>TA_CassockShoulder</li><li>TA_Doublet</li><li>TA_DoubletVest</li><li>TA_LongcoatClosed</li><li>TA_LongcoatOpen</li><li>TA_ShirtSashBelt</li><li>TA_ShirtSashBeltWhite</li><li>TA_FeltHat</li><li>TA_HatCavalier</li><li>TA_MusketeerHat</li><li>TA_LandsknechtHat</li><li>TA_Bonnet</li><li>TA_Turban</li><li>TA_TurbanWhite</li><li>TA_JanissaryHat</li><li>TA_FurCap</li><li>TA_NobleFurCap</li><li>TA_Burgonet</li><li>TA_BurgonetVisored_off</li><li>TA_BurgonetVisored_on</li><li>TA_CloseHelmet_off</li><li>TA_CloseHelmet_on</li><li>TA_LobstertailHelmet</li><li>TA_HussarHelmet</li><li>TA_SipahiHelmet</li><li>TA_Morion</li><li>TA_Cabasset</li><li>CM_Tradeable_Trinkets_Thing_Trinket_Tribal</li><li>CM_Tradeable_Trinkets_Thing_Trinket_Doll</li><li>CM_Tradeable_Trinkets_Thing_Trinket_Industrial</li><li>CM_Tradeable_Trinkets_Thing_Trinket_Spacer</li><li>TradeGoodsCheap</li><li>TradeGoodsCustom</li><li>TradeGoodsSimple</li><li>TradeGoodsAdvanced</li><li>BS_BionicStriderLeg</li><li>BS_BionicLocomotiveSpine</li><li>BS_AndroidFuelRefinery</li><li>BS_AndroidFuel</li><li>BS_AndroidChargingStation</li><li>AM_CubicCrib</li><li>VCE_Ketchup</li><li>VCE_HotSauce</li><li>VCEF_Crayfish</li><li>VCEF_ButterFish</li><li>VCEF_FreshwaterStingray</li><li>VCEF_FlyingFish</li><li>VCEF_Arapaima</li><li>VCEF_ShortfinMakoShark</li><li>G_CentaurFourArm</li><li>G_CentaurFourArmWinged</li><li>G_CentaurSixArm</li><li>G_CentaurSixArmWinged</li><li>G_CentaurWinged</li><li>G_SnekFourArm</li><li>G_SnekFourArmWinged</li><li>G_SnekSixArm</li><li>G_SnekSixArmWinged</li><li>G_SnekWinged</li><li>G_SpooderFourArm</li><li>G_SpooderFourArmWinged</li><li>G_SpooderSixArm</li><li>G_SpooderSixArmWinged</li><li>G_SpooderWinged</li><li>G_FourArmTailed</li><li>G_FourArmTailedWinged</li><li>G_FourArmWinged</li><li>G_SixArmTailed</li><li>G_SixArmTailedWinged</li><li>G_SixArmWinged</li><li>G_TailedWinged</li><li>M_MechaCentaurFourArm</li><li>M_MechaCentaurFourArmWinged</li><li>M_MechaCentaurSixArm</li><li>M_MechaCentaurSixArmWinged</li><li>M_MechaCentaurWinged</li><li>M_MechaSnekFourArm</li><li>M_MechaSnekFourArmWinged</li><li>M_MechaSnekSixArm</li><li>M_MechaSnekSixArmWinged</li><li>M_MechaSnekWinged</li><li>M_MechaSpooderFourArm</li><li>M_MechaSpooderFourArmWinged</li><li>M_MechaSpooderSixArm</li><li>M_MechaSpooderSixArmWinged</li><li>M_MechaSpooderWinged</li><li>M_MechaFourArmTailed</li><li>M_MechaFourArmTailedWinged</li><li>M_MechaFourArmWinged</li><li>M_MechaSixArmTailed</li><li>M_MechaSixArmTailedWinged</li><li>M_MechaSixArmWinged</li><li>M_MechaTailedWinged</li><li>M_MechaCentaur</li><li>M_MechaSnek</li><li>M_MechaSpooder</li><li>M_MechaFourArm</li><li>M_MechaSixArm</li><li>M_MechaTailed</li><li>M_MechaWinged</li><li>Meat_Bear_Grizzly</li><li>Meat_Cassowary</li><li>Meat_Cougar</li><li>Meat_Panther</li><li>Meat_Lynx</li><li>Meat_Cat</li><li>Meat_YorkshireTerrier</li><li>Meat_GuineaPig</li><li>Meat_LabradorRetriever</li><li>Meat_Husky</li><li>Meat_Monkey</li><li>Meat_Chicken</li><li>Meat_Duck</li><li>Meat_Turkey</li><li>Meat_Cow</li><li>Meat_Boomalope</li><li>Meat_Muffalo</li><li>Meat_Bison</li><li>Meat_Dromedary</li><li>Meat_Goat</li><li>Meat_Elk</li><li>Meat_Yak</li><li>Meat_Caribou</li><li>Meat_Horse</li><li>Meat_Donkey</li><li>Meat_Elephant</li><li>Meat_Rhinoceros</li><li>Meat_Hare</li><li>Meat_Megaspider</li><li>Meat_Thrumbo</li><li>Meat_Cobra</li><li>Meat_Tortoise</li><li>Meat_Alphabeaver</li><li>Meat_Pig</li><li>Meat_Ibex</li><li>Meat_Deer</li><li>Meat_Gazelle</li><li>Meat_Chinchilla</li><li>Meat_Sheep</li><li>Meat_Alpaca</li><li>Meat_Megasloth</li><li>Meat_Capybara</li><li>Meat_Squirrel</li><li>Meat_Rat</li><li>Meat_Boomrat</li><li>Meat_Raccoon</li><li>Meat_Iguana</li><li>Meat_Warg</li><li>Meat_Wolf_Timber</li><li>Meat_Fox_Fennec</li><li>Meat_Human</li><li>Meat_Dryad_Basic</li><li>Meat_WasteRat</li><li>Meat_Toxalope</li><li>Meat_BogHound</li><li>Meat_MonitorLizard</li><li>Meat_PrairieDog</li><li>Meat_Porcupine</li><li>Meat_Mastodon</li><li>Meat_Cat_Scimitar</li><li>Meat_Wolverine</li><li>Meat_Wolf_Great</li><li>Meat_Moose</li><li>Meat_AlphaThrumbo</li><li>Meat_Muskox</li><li>Meat_Tiger</li><li>Meat_Mink</li><li>Meat_Gorilla</li><li>Meat_Badger</li><li>Meat_Panda</li><li>Meat_Hippo</li><li>Meat_Megavole</li><li>Meat_Armadillo</li><li>Meat_Alligator</li><li>Meat_Bullfrog</li><li>Meat_ColossusToad</li><li>Meat_LavaSnail</li><li>Meat_Walrus</li><li>Meat_SeaLion</li><li>Meat_Seal</li><li>Meat_HermitCrab</li><li>Meat_StoneCrab</li><li>Meat_SeaTurtle</li><li>Meat_Otter</li><li>Meat_AA_ArcticLion</li><li>Meat_AA_Atispec</li><li>Meat_AA_Behemoth</li><li>Meat_AA_BoulderMit</li><li>Meat_AA_DevilSheep</li><li>Meat_AA_Frostling</li><li>Meat_AA_Gallatross</li><li>Meat_AA_Gigantelope</li><li>Meat_AA_Groundrunner</li><li>Meat_AA_Helixien</li><li>Meat_AA_MeadowAve</li><li>Meat_AA_NightMule</li><li>Meat_AA_Nightling</li><li>Meat_AA_OvergrownColossus</li><li>Meat_AA_RaptorShrimp</li><li>Meat_AA_Razorjack</li><li>Meat_AA_RipperHound</li><li>Meat_AA_RoughPlatedMonitor</li><li>Meat_AA_SandSquid</li><li>Meat_AA_Skyeel</li><li>Meat_AEXP_Giraffe</li><li>Meat_AEXP_Crocodile</li><li>Meat_AEXP_Cheetah</li><li>Meat_AEXP_Kangaroo</li><li>Meat_AEXP_Koala</li><li>Meat_AEXP_Platypus</li><li>Meat_AEXP_Hyena</li><li>Meat_AEXP_Lion</li><li>Meat_AEXP_Beagle</li><li>Meat_AEXP_RedPanda</li><li>Meat_AEXP_Hedgehog</li><li>Meat_AEXP_Jaguar</li><li>Meat_AEXP_Lemur</li><li>Meat_AEXP_MegaWolverine</li><li>Techprint_CataphractArmor</li><li>Techprint_JumpPack</li><li>Techprint_BrainWiring</li><li>Techprint_SpecializedLimbs</li><li>Techprint_CompactWeaponry</li><li>Techprint_VenomSynthesis</li><li>Techprint_ArtificialMetabolism</li><li>Techprint_NeuralComputation</li><li>Techprint_SkinHardening</li><li>Techprint_HealingFactors</li><li>Techprint_FleshShaping</li><li>Techprint_MolecularAnalysis</li><li>Techprint_CircadianInfluence</li><li>Techprint_XR_Orkish_Lore</li><li>Techprint_Biopsylink</li><li>Neurotrainer_Shooting</li><li>Neurotrainer_Melee</li><li>Neurotrainer_Construction</li><li>Neurotrainer_Mining</li><li>Neurotrainer_Cooking</li><li>Neurotrainer_Plants</li><li>Neurotrainer_Animals</li><li>Neurotrainer_Crafting</li><li>Neurotrainer_Artistic</li><li>Neurotrainer_Medicine</li><li>Neurotrainer_Social</li><li>Neurotrainer_Intellectual</li><li>Psytrainer_VPE_WordofTrust</li><li>Psytrainer_VPE_WordofProductivity</li><li>Psytrainer_VPE_BlindingPulse</li><li>Psytrainer_VPE_WordofAlliance</li><li>Psytrainer_VPE_GroupLink</li><li>Psytrainer_VPE_WordofPain</li><li>Psytrainer_VPE_MindBreak</li><li>Psytrainer_VPE_WordofProtection</li><li>Psytrainer_VPE_DrainPsyessence</li><li>Psytrainer_VPE_MassHallucination</li><li>Psytrainer_VPE_Burden</li><li>Psytrainer_VPE_Stun</li><li>Psytrainer_VPE_PsychicShock</li><li>Psytrainer_VPE_NeuralHeatDump</li><li>Psytrainer_VPE_Berserk</li><li>Psytrainer_VPE_AggressiveHeatDump</li><li>Psytrainer_VPE_BerserkPulse</li><li>Psytrainer_VPE_PsychicDrone</li><li>Psytrainer_VPE_NeuralHeatDetonation</li><li>Psytrainer_VPE_Neuroquake</li><li>Psytrainer_VPE_PlantTimeskip</li><li>Psytrainer_VPE_TimeskipMeditation</li><li>Psytrainer_VPE_WordofForetelling</li><li>Psytrainer_VPE_CraftTimeskip</li><li>Psytrainer_VPE_Age</li><li>Psytrainer_VPE_RaidPause</li><li>Psytrainer_VPE_SeasonTimeskip</li><li>Psytrainer_VPE_TimeSphere</li><li>Psytrainer_VPE_TimeReversal</li><li>Psytrainer_VPE_Timequake</li><li>Psytrainer_VPE_Flameball</li><li>Psytrainer_VPE_SelfExplosion</li><li>Psytrainer_VPE_Explosion</li><li>Psytrainer_VPE_FireShield</li><li>Psytrainer_VPE_BreatheFlame</li><li>Psytrainer_VPE_EyeBlast</li><li>Psytrainer_VPE_QuenchFlames</li><li>Psytrainer_VPE_MeteorShower</li><li>Psytrainer_VPE_FireBeam</li><li>Psytrainer_VPE_FlameTornado</li><li>Psytrainer_VPE_WordofJoy</li><li>Psytrainer_VPE_WordofLove</li><li>Psytrainer_VPE_WordofSerenity</li><li>Psytrainer_VPE_WordofInspiration</li><li>Psytrainer_VPE_SootheMale</li><li>Psytrainer_VPE_SootheFemale</li><li>Psytrainer_VPE_Bliss</li><li>Psytrainer_VPE_EnergyDump</li><li>Psytrainer_VPE_MindWipe</li><li>Psytrainer_VPE_ReunionFarskip</li><li>Psytrainer_VPE_IceBreath</li><li>Psytrainer_VPE_IceSpike</li><li>Psytrainer_VPE_IceShield</li><li>Psytrainer_VPE_FrostRay</li><li>Psytrainer_VPE_IceCrystal</li><li>Psytrainer_VPE_ColdZone</li><li>Psytrainer_VPE_IceBlock</li><li>Psytrainer_VPE_SnapFreeze</li><li>Psytrainer_VPE_IceWall</li><li>Psytrainer_VPE_Blizzard</li><li>Psytrainer_VPE_Mindcontrol</li><li>Psytrainer_VPE_PsychicGuidance</li><li>Psytrainer_VPE_TransmuteStone</li><li>Psytrainer_VPE_HeatFocus</li><li>Psytrainer_VPE_LuckTransfer</li><li>Psytrainer_VPE_BendProbability</li><li>Psytrainer_VPE_LocationSwap</li><li>Psytrainer_VPE_HealthSwap</li><li>Psytrainer_VPE_Transmutation</li><li>Psytrainer_VPE_SkillRoll</li><li>Psytrainer_VPE_WordofFear</li><li>Psytrainer_VPE_Liferot</li><li>Psytrainer_VPE_StealVitality</li><li>Psytrainer_VPE_ParalysisPulse</li><li>Psytrainer_VPE_Corpsetalk</li><li>Psytrainer_VPE_Ghostwalk</li><li>Psytrainer_VPE_ConsumeBodies</li><li>Psytrainer_VPE_Deathshield</li><li>Psytrainer_VPE_Enthrall</li><li>Psytrainer_VPE_Resurrect</li><li>Psytrainer_VPE_Darkvision</li><li>Psytrainer_VPE_Darkness</li><li>Psytrainer_VPE_Obscure</li><li>Psytrainer_VPE_Eclipse</li><li>Psytrainer_VPE_Shadowskip</li><li>Psytrainer_VPE_Decoy</li><li>Psytrainer_VPE_ShadowFocus</li><li>Psytrainer_VPE_IntensifyShadows</li><li>Psytrainer_VPE_Assassinate</li><li>Psytrainer_VPE_Nightstep</li><li>Psytrainer_VPE_Painblock</li><li>Psytrainer_VPE_WordofHealing</li><li>Psytrainer_VPE_Stabilize</li><li>Psytrainer_VPE_WordofImmunity</li><li>Psytrainer_VPE_Overshield</li><li>Psytrainer_VPE_Focus</li><li>Psytrainer_VPE_Skipshield</li><li>Psytrainer_VPE_Invisibility</li><li>Psytrainer_VPE_RegrowLimbs</li><li>Psytrainer_VPE_GuardianSkipbarrier</li><li>Psytrainer_VPE_SolarPinhole</li><li>Psytrainer_VPE_Chunkskip</li><li>Psytrainer_VPE_Waterskip</li><li>Psytrainer_VPE_ChaosSkip</li><li>Psytrainer_VPE_Skip</li><li>Psytrainer_VPE_Wallraise</li><li>Psytrainer_VPE_Smokepop</li><li>Psytrainer_VPE_MassChaosSkip</li><li>Psytrainer_VPE_Skipdoor</li><li>Psytrainer_VPE_Farskip</li><li>Psytrainer_VPE_Bolt</li><li>Psytrainer_VPE_ChainBolt</li><li>Psytrainer_VPE_Thunderbolt</li><li>Psytrainer_VPE_StaticAura</li><li>Psytrainer_VPE_Recharge</li><li>Psytrainer_VPE_BallLightning</li><li>Psytrainer_VPE_StaticPulse</li><li>Psytrainer_VPE_Vortex</li><li>Psytrainer_VPE_Hurricane</li><li>Psytrainer_VPE_Flashstorm</li><li>Psytrainer_VPE_EnchantQuality</li><li>Psytrainer_VPE_Mend</li><li>Psytrainer_VPE_ConjureHeatPearls</li><li>Psytrainer_VPE_Haywire</li><li>Psytrainer_VPE_Power</li><li>Psytrainer_VPE_RockConstruct</li><li>Psytrainer_VPE_SteelConstruct</li><li>Psytrainer_VPE_CraftPsyRing</li><li>Psytrainer_VPE_WordofProgress</li><li>Psytrainer_VPE_ReverseEngineer</li><li>Psytrainer_VPE_SpeedBoost</li><li>Psytrainer_VPE_BladeFocus</li><li>Psytrainer_VPE_FiringFocus</li><li>Psytrainer_VPE_PowerLeap</li><li>Psytrainer_VPE_AdrenalineRush</li><li>Psytrainer_VPE_ControlledFrenzy</li><li>Psytrainer_VPE_GuidedShot</li><li>Psytrainer_VPE_Beckon</li><li>Psytrainer_VPE_Killskip</li><li>Psytrainer_VPE_MassBeckon</li><li>Psytrainer_VPE_BrambleMaze</li><li>Psytrainer_VPE_CropBurst</li><li>Psytrainer_VPE_WordofAnimals</li><li>Psytrainer_VPE_ManhunterPulse</li><li>Psytrainer_VPE_TreeSprout</li><li>Psytrainer_VPE_ShieldAnimals</li><li>Psytrainer_VPE_AnimalAllies</li><li>Psytrainer_VPE_Shrineshield</li><li>Psytrainer_VPE_EssenceTransfer</li><li>Psytrainer_VPE_SummonPack</li><li>Psytrainer_AAVPE_VenomSpit</li><li>Psytrainer_AAVPE_SummonBlackScarab</li><li>Psytrainer_AAVPE_SummonBlackSpelopede</li><li>Psytrainer_AAVPE_StrengthenInsect</li><li>Psytrainer_AAVPE_SummonBlackSpider</li><li>Psytrainer_AAVPE_SummonMammothWorm</li><li>Psytrainer_AAVPE_SummonBlackQueen</li><li>Psytrainer_AAVPE_SummonHive</li><li>Psytrainer_AAVPE_SummonEyeling</li><li>Psytrainer_AAVPE_OcularSprout</li><li>Psytrainer_AAVPE_StrikeEyes</li><li>Psytrainer_AAVPE_EyeEruption</li><li>Psytrainer_AAVPE_SummonOcularOriginator</li><li>Psytrainer_AAVPE_SummonEyelingHorde</li><li>Psytrainer_AAVPE_GreaterOcularSprout</li><li>Psytrainer_AAVPE_Slice</li><li>Psytrainer_AAVPE_ClawFrenzy</li><li>Psytrainer_AAVPE_DisablingStrike</li><li>Psytrainer_AAVPE_Skewer</li><li>Psytrainer_AAVPE_Charge</li><li>Psytrainer_AAVPE_ChargeAndSkewer</li><li>Psytrainer_AAVPE_EmpBlow</li><li>Psytrainer_AAVPE_SpinCut</li><li>Psytrainer_AAVPE_LegSkip</li><li>Psytrainer_AAVPE_KO</li><li>Psytrainer_AAVPE_FatalBlow</li><li>Psytrainer_AAVPE_ChemfuelNodules</li><li>Psytrainer_AAVPE_Hover</li><li>Psytrainer_AAVPE_FungalSkin</li><li>Psytrainer_AAVPE_WebSlinging</li><li>Psytrainer_AAVPE_LightSustenance</li><li>Psytrainer_AAVPE_AcidSpit</li><li>Psytrainer_AAVPE_Laser</li><li>Psytrainer_AAVPE_Electrify</li><li>Psytrainer_AAVPE_Regeneration</li><li>Psytrainer_VPEP_BrainCut</li><li>Psytrainer_VPEP_BrainLeech</li><li>Psytrainer_VPEP_Subjugation</li><li>Psytrainer_VPEP_Degrade</li><li>Psytrainer_VPEP_Puppet</li><li>Psytrainer_VPEP_SummonPuppet</li><li>Psytrainer_VPEP_MindSplit</li><li>Psytrainer_VPEP_PuppetSwarm</li><li>Psytrainer_VPEP_Ascension</li><li>Psytrainer_VPEP_MindJump</li><li>Psytrainer_HVT_WordOfEnnui</li><li>Psytrainer_HVT_WordOfVerve</li><li>Psytrainer_HVT_ExciseTrait</li><li>Psytrainer_HVT_Joyzone</li><li>Psytrainer_HVT_Viciousness</li><li>Psytrainer_HVT_WordOfGenius</li><li>Psytrainer_HVT_MoveUnseen</li><li>Psytrainer_HVT_Wimpzone</li><li>Psytrainer_HVT_MuscularInnervation</li><li>Psytrainer_HVT_TabulaRasa</li><li>Psytrainer_VPER_Etch_Runecircle</li><li>Psytrainer_VPER_Invoke_Stun</li><li>Psytrainer_VPER_Invoke_Speed</li><li>Psytrainer_VPER_Invoke_Turret</li><li>Psytrainer_VPER_Invoke_Defense</li><li>Psytrainer_VPER_Invoke_Explosion</li><li>Psytrainer_VPER_Invoke_Wrath</li><li>Psytrainer_VPER_Invoke_Summon</li><li>Psytrainer_VPER_Etch_Runecircle_Greater</li><li>Psytrainer_VPER_Invoke_Heal</li><li>Psytrainer_VPEH_Bloodfocus</li><li>Psytrainer_VPEH_BloodShard</li><li>Psytrainer_VPEH_BloodSpew</li><li>Psytrainer_VPEH_CloseWounds</li><li>Psytrainer_VPEH_Hemodrain</li><li>Psytrainer_VPEH_CorpseExplosion</li><li>Psytrainer_VPEH_WordofOffering</li><li>Psytrainer_VPEH_SanguineSpear</li><li>Psytrainer_VPEH_BloodRite</li><li>Psytrainer_VPEH_Bloodstorm</li></keys><values><li><records>
AAAgQw==
</records><thingDef>TextBook</thingDef></li><li><records>
AAAWQw==
</records><thingDef>Schematic</thingDef></li><li><records>
AAAgQw==
</records><thingDef>Novel</thingDef></li><li><records>
AABAQQ==
</records><thingDef>Beer</thingDef></li><li><records>
AAAgQA==
</records><thingDef>Wort</thingDef></li><li><records>
AABwQQ==
</records><thingDef>Ambrosia</thingDef></li><li><records>
AABUQg==
</records><thingDef>GoJuice</thingDef></li><li><records>
AACMQg==
</records><thingDef>Luciferium</thingDef></li><li><records>
AACQQQ==
</records><thingDef>Penoxycyline</thingDef></li><li><records>
AABgQQ==
</records><thingDef>Flake</thingDef></li><li><records>
AAAgQQ==
</records><thingDef>PsychiteTea</thingDef></li><li><records>
AACoQQ==
</records><thingDef>Yayo</thingDef></li><li><records>
AAAwQQ==
</records><thingDef>SmokeleafJoint</thingDef></li><li><records>
AAAMQg==
</records><thingDef>WakeUp</thingDef></li><li><records>
AIAiRQ==
</records><thingDef>PsychicAmplifier</thingDef></li><li><records>
MzMnQg==
</records><thingDef>Urn</thingDef></li><li><records>
zcwkQw==
</records><thingDef>SculptureSmall</thingDef></li><li><records>
AACbQw==
</records><thingDef>SculptureLarge</thingDef></li><li><records>
AICTRA==
</records><thingDef>SculptureGrand</thingDef></li><li><records>
j8K5Qg==
</records><thingDef>Bed</thingDef></li><li><records>
ZmYvQw==
</records><thingDef>DoubleBed</thingDef></li><li><records>
AABcRA==
</records><thingDef>RoyalBed</thingDef></li><li><records>
AADIQw==
</records><thingDef>HospitalBed</thingDef></li><li><records>
7FGkQg==
</records><thingDef>Bedroll</thingDef></li><li><records>
w/UtQw==
</records><thingDef>BedrollDouble</thingDef></li><li><records>
jZdKQg==
</records><thingDef>AnimalSleepingBox</thingDef></li><li><records>
SOGiQg==
</records><thingDef>AnimalBed</thingDef></li><li><records>
4XpOQg==
</records><thingDef>Stool</thingDef></li><li><records>
mpntQg==
</records><thingDef>DiningChair</thingDef></li><li><records>
AACHQw==
</records><thingDef>Armchair</thingDef></li><li><records>
AADrQw==
</records><thingDef>Couch</thingDef></li><li><records>
ZmZ+Qg==
</records><thingDef>EndTable</thingDef></li><li><records>
zcxqQg==
</records><thingDef>Table1x2c</thingDef></li><li><records>
zczSQg==
</records><thingDef>Table2x2c</thingDef></li><li><records>
AABIQw==
</records><thingDef>Table2x4c</thingDef></li><li><records>
AABSQw==
</records><thingDef>Table3x3c</thingDef></li><li><records>
mpkjQg==
</records><thingDef>PlantPot</thingDef></li><li><records>
7FEcQg==
</records><thingDef>StandingLamp</thingDef></li><li><records>
QmCaQg==
</records><thingDef>SunLamp</thingDef></li><li><records>
BoHtQQ==
</records><thingDef>WallLamp</thingDef></li><li><records>
7FHCQg==
</records><thingDef>FloodLight</thingDef></li><li><records>
MzMnQg==
</records><thingDef>Shelf</thingDef></li><li><records>
MzOnQQ==
</records><thingDef>ShelfSmall</thingDef></li><li><records>
MzMnQg==
</records><thingDef>Bookcase</thingDef></li><li><records>
MzOnQQ==
</records><thingDef>BookcaseSmall</thingDef></li><li><records>
ZmbWQg==
</records><thingDef>Dresser</thingDef></li><li><records>
SOGiQQ==
</records><thingDef>HorseshoesPin</thingDef></li><li><records>
pHAhQg==
</records><thingDef>HoopstoneRing</thingDef></li><li><records>
MzO3Qg==
</records><thingDef>GameOfUrBoard</thingDef></li><li><records>
zcwoQw==
</records><thingDef>ChessTable</thingDef></li><li><records>
AABwQw==
</records><thingDef>PokerTable</thingDef></li><li><records>
AAC0Qw==
</records><thingDef>BilliardsTable</thingDef></li><li><records>
AICdQw==
</records><thingDef>TubeTelevision</thingDef></li><li><records>
AABmRA==
</records><thingDef>FlatscreenTelevision</thingDef></li><li><records>
AKC5RA==
</records><thingDef>MegascreenTelevision</thingDef></li><li><records>
AACvQw==
</records><thingDef>Telescope</thingDef></li><li><records>
AABIQw==
</records><thingDef>Gloomlight</thingDef></li><li><records>
zcw8Qg==
</records><thingDef>EggBox</thingDef></li><li><records>
j8LdQg==
</records><thingDef>OrbitalTradeBeacon</thingDef></li><li><records>
ZuYzQw==
</records><thingDef>FirefoamPopper</thingDef></li><li><records>
AAB/RA==
</records><thingDef>MultiAnalyzer</thingDef></li><li><records>
AABXQw==
</records><thingDef>VitalsMonitor</thingDef></li><li><records>
AIDAQw==
</records><thingDef>ToolCabinet</thingDef></li><li><records>
16N4Qg==
</records><thingDef>PenMarker</thingDef></li><li><records>
AABIQg==
</records><thingDef>GlowPod</thingDef></li><li><records>
SOFHQw==
</records><thingDef>Battery</thingDef></li><li><records>
AAB/Qw==
</records><thingDef>TableSculpting</thingDef></li><li><records>
MzMdQw==
</records><thingDef>TableButcher</thingDef></li><li><records>
MzMdQw==
</records><thingDef>HandTailoringBench</thingDef></li><li><records>
AACgQw==
</records><thingDef>ElectricTailoringBench</thingDef></li><li><records>
AABIQw==
</records><thingDef>FueledSmithy</thingDef></li><li><records>
AICTQw==
</records><thingDef>ElectricSmithy</thingDef></li><li><records>
AIDjQw==
</records><thingDef>TableMachining</thingDef></li><li><records>
AABhQw==
</records><thingDef>ElectricStove</thingDef></li><li><records>
MzMfQw==
</records><thingDef>FueledStove</thingDef></li><li><records>
AABXQw==
</records><thingDef>TableStonecutter</thingDef></li><li><records>
AABSQw==
</records><thingDef>Brewery</thingDef></li><li><records>
AIDeQw==
</records><thingDef>DrugLab</thingDef></li><li><records>
AADIQw==
</records><thingDef>ElectricSmelter</thingDef></li><li><records>
AABSQw==
</records><thingDef>SimpleResearchBench</thingDef></li><li><records>
16NkQg==
</records><thingDef>FermentingBarrel</thingDef></li><li><records>
AACRQw==
</records><thingDef>DeepDrill</thingDef></li><li><records>
NV4qQQ==
</records><thingDef>Sandbags</thingDef></li><li><records>
exQmQg==
</records><thingDef>TrapSpike</thingDef></li><li><records>
exTmQg==
</records><thingDef>TrapIED_HighExplosive</thingDef></li><li><records>
exTmQg==
</records><thingDef>TrapIED_Incendiary</thingDef></li><li><records>
exTmQg==
</records><thingDef>TrapIED_EMP</thingDef></li><li><records>
exTmQg==
</records><thingDef>TrapIED_Smoke</thingDef></li><li><records>
exTmQg==
</records><thingDef>TrapIED_Firefoam</thingDef></li><li><records>
AKCWRA==
</records><thingDef>TrapIED_AntigrainWarhead</thingDef></li><li><records>
AICTQw==
</records><thingDef>Turret_MiniTurret</thingDef></li><li><records>
AABhRA==
</records><thingDef>Turret_Mortar</thingDef></li><li><records>
AMAZRA==
</records><thingDef>Turret_FoamTurret</thingDef></li><li><records>
AICiRA==
</records><thingDef>PsychicEmanator</thingDef></li><li><records>
AACWRA==
</records><thingDef>VanometricPowerCell</thingDef></li><li><records>
AIC7RA==
</records><thingDef>InfiniteChemreactor</thingDef></li><li><records>
mpkCQw==
</records><thingDef>Heater</thingDef></li><li><records>
AAAvRA==
</records><thingDef>PsychicAnimalPulser</thingDef></li><li><records>
AAAWRA==
</records><thingDef>PsychicSoothePulser</thingDef></li><li><records>
AAB6RQ==
</records><thingDef>AIPersonaCore</thingDef></li><li><records>
AICiRA==
</records><thingDef>MechSerumHealer</thingDef></li><li><records>
AIDURA==
</records><thingDef>MechSerumResurrector</thingDef></li><li><records>
AAB6RA==
</records><thingDef>TechprofSubpersonaCore</thingDef></li><li><records>
AABIRA==
</records><thingDef>ThrumboHorn</thingDef></li><li><records>
AACgQg==
</records><thingDef>ElephantTusk</thingDef></li><li><records>
AADAQQ==
</records><thingDef>MealSurvivalPack</thingDef></li><li><records>
AAAgQQ==
</records><thingDef>MealNutrientPaste</thingDef></li><li><records>
AABwQQ==
</records><thingDef>MealSimple</thingDef></li><li><records>
AACgQQ==
</records><thingDef>MealFine</thingDef></li><li><records>
AACgQQ==
</records><thingDef>MealFine_Veg</thingDef></li><li><records>
AACgQQ==
</records><thingDef>MealFine_Meat</thingDef></li><li><records>
AAAgQg==
</records><thingDef>MealLavish</thingDef></li><li><records>
AAAgQg==
</records><thingDef>MealLavish_Veg</thingDef></li><li><records>
AAAgQg==
</records><thingDef>MealLavish_Meat</thingDef></li><li><records>
zcyMPw==
</records><thingDef>Kibble</thingDef></li><li><records>
MzOzPw==
</records><thingDef>Pemmican</thingDef></li><li><records>
AABAQA==
</records><thingDef>Chocolate</thingDef></li><li><records>
MzPzPw==
</records><thingDef>Milk</thingDef></li><li><records>
AABgQA==
</records><thingDef>InsectJelly</thingDef></li><li><records>
AACgQA==
</records><thingDef>Skull</thingDef></li><li><records>
AADgQA==
</records><thingDef>EggChickenUnfertilized</thingDef></li><li><records>
AADgQA==
</records><thingDef>EggChickenFertilized</thingDef></li><li><records>
AACgQQ==
</records><thingDef>EggCobraFertilized</thingDef></li><li><records>
AABgQQ==
</records><thingDef>EggCobraUnfertilized</thingDef></li><li><records>
AADIQQ==
</records><thingDef>EggIguanaFertilized</thingDef></li><li><records>
AACIQQ==
</records><thingDef>EggIguanaUnfertilized</thingDef></li><li><records>
AAC4QQ==
</records><thingDef>EggTortoiseFertilized</thingDef></li><li><records>
AACIQQ==
</records><thingDef>EggTortoiseUnfertilized</thingDef></li><li><records>
AACYQQ==
</records><thingDef>EggCassowaryFertilized</thingDef></li><li><records>
AABgQQ==
</records><thingDef>EggCassowaryUnfertilized</thingDef></li><li><records>
AACQQQ==
</records><thingDef>EggEmuFertilized</thingDef></li><li><records>
AABAQQ==
</records><thingDef>EggEmuUnfertilized</thingDef></li><li><records>
AAC4QQ==
</records><thingDef>EggOstrichFertilized</thingDef></li><li><records>
AABwQQ==
</records><thingDef>EggOstrichUnfertilized</thingDef></li><li><records>
AAAwQQ==
</records><thingDef>EggTurkeyFertilized</thingDef></li><li><records>
AADgQA==
</records><thingDef>EggTurkeyUnfertilized</thingDef></li><li><records>
AADgQA==
</records><thingDef>EggDuckUnfertilized</thingDef></li><li><records>
AADgQA==
</records><thingDef>EggDuckFertilized</thingDef></li><li><records>
AAAQQQ==
</records><thingDef>EggGooseUnfertilized</thingDef></li><li><records>
AAAwQQ==
</records><thingDef>EggGooseFertilized</thingDef></li><li><records>
AAAgQQ==
</records><thingDef>MedicineHerbal</thingDef></li><li><records>
AACQQQ==
</records><thingDef>MedicineIndustrial</thingDef></li><li><records>
AABIQg==
</records><thingDef>MedicineUltratech</thingDef></li><li><records>
AAAAQg==
</records><thingDef>ComponentIndustrial</thingDef></li><li><records>
AABIQw==
</records><thingDef>ComponentSpacer</thingDef></li><li><records>
AADAQA==
</records><thingDef>Neutroamine</thingDef></li><li><records>
MzMTQA==
</records><thingDef>Chemfuel</thingDef></li><li><records>
AAAWRA==
</records><thingDef>ReinforcedBarrel</thingDef></li><li><records>
zcyMPw==
</records><thingDef>RawPotatoes</thingDef></li><li><records>
zcyMPw==
</records><thingDef>RawFungus</thingDef></li><li><records>
zcyMPw==
</records><thingDef>RawRice</thingDef></li><li><records>
zcyMPw==
</records><thingDef>RawCorn</thingDef></li><li><records>
mpkZPw==
</records><thingDef>Hay</thingDef></li><li><records>
ZmamPw==
</records><thingDef>RawHops</thingDef></li><li><records>
MzPzPw==
</records><thingDef>PsychoidLeaves</thingDef></li><li><records>
zczMPw==
</records><thingDef>SmokeleafLeaves</thingDef></li><li><records>
AABcQg==
</records><thingDef>Shell_HighExplosive</thingDef></li><li><records>
AABcQg==
</records><thingDef>Shell_Incendiary</thingDef></li><li><records>
AABcQg==
</records><thingDef>Shell_EMP</thingDef></li><li><records>
AABcQg==
</records><thingDef>Shell_Smoke</thingDef></li><li><records>
AABcQg==
</records><thingDef>Shell_Firefoam</thingDef></li><li><records>
AACWRA==
</records><thingDef>Shell_AntigrainWarhead</thingDef></li><li><records>
AAAgQQ==
</records><thingDef>Gold</thingDef></li><li><records>
MzPzPw==
</records><thingDef>Steel</thingDef></li><li><records>
AAAQQQ==
</records><thingDef>Plasteel</thingDef></li><li><records>
mpmZPw==
</records><thingDef>WoodLog</thingDef></li><li><records>
AADAQA==
</records><thingDef>Uranium</thingDef></li><li><records>
AACgQA==
</records><thingDef>Jade</thingDef></li><li><records>
AADAPw==
</records><thingDef>Cloth</thingDef></li><li><records>
AACAQA==
</records><thingDef>Synthread</thingDef></li><li><records>
AACwQA==
</records><thingDef>DevilstrandCloth</thingDef></li><li><records>
AAAQQQ==
</records><thingDef>Hyperweave</thingDef></li><li><records>
zcwsQA==
</records><thingDef>WoolSheep</thingDef></li><li><records>
MzNzQA==
</records><thingDef>WoolAlpaca</thingDef></li><li><records>
zcwsQA==
</records><thingDef>WoolMegasloth</thingDef></li><li><records>
zcwsQA==
</records><thingDef>WoolMuffalo</thingDef></li><li><records>
zcwsQA==
</records><thingDef>WoolBison</thingDef></li><li><records>
ZmYGQA==
</records><thingDef>Leather_Plain</thingDef></li><li><records>
AAAAQA==
</records><thingDef>Leather_Dog</thingDef></li><li><records>
AABAQA==
</records><thingDef>Leather_Wolf</thingDef></li><li><records>
AABAQA==
</records><thingDef>Leather_Panthera</thingDef></li><li><records>
MzMTQA==
</records><thingDef>Leather_Camel</thingDef></li><li><records>
MzMTQA==
</records><thingDef>Leather_Bluefur</thingDef></li><li><records>
mplZQA==
</records><thingDef>Leather_Bear</thingDef></li><li><records>
AACgQA==
</records><thingDef>Leather_GuineaPig</thingDef></li><li><records>
ZmaGQA==
</records><thingDef>Leather_Human</thingDef></li><li><records>
MzPzPw==
</records><thingDef>Leather_Pig</thingDef></li><li><records>
MzPzPw==
</records><thingDef>Leather_Light</thingDef></li><li><records>
ZmbmPw==
</records><thingDef>Leather_Bird</thingDef></li><li><records>
AADQQA==
</records><thingDef>Leather_Chinchilla</thingDef></li><li><records>
AABgQA==
</records><thingDef>Leather_Fox</thingDef></li><li><records>
ZmYGQA==
</records><thingDef>Leather_Lizard</thingDef></li><li><records>
AABAQA==
</records><thingDef>Leather_Elephant</thingDef></li><li><records>
MzNTQA==
</records><thingDef>Leather_Heavy</thingDef></li><li><records>
ZmaGQA==
</records><thingDef>Leather_Rhinoceros</thingDef></li><li><records>
AABgQQ==
</records><thingDef>Leather_Thrumbo</thingDef></li><li><records>
AADAPw==
</records><thingDef>Leather_Patch</thingDef></li><li><records>
AADDQw==
</records><thingDef>Apparel_ShieldBelt</thingDef></li><li><records>
hethQg==
</records><thingDef>Apparel_CowboyHat</thingDef></li><li><records>
hes5Qg==
</records><thingDef>Apparel_BowlerHat</thingDef></li><li><records>
MzPzQg==
</records><thingDef>Apparel_TribalHeaddress</thingDef></li><li><records>
rkcxQg==
</records><thingDef>Apparel_Tuque</thingDef></li><li><records>
MzNzQg==
</records><thingDef>Apparel_WarMask</thingDef></li><li><records>
9ig0Qg==
</records><thingDef>Apparel_WarVeil</thingDef></li><li><records>
PQq3Qg==
</records><thingDef>Apparel_SimpleHelmet</thingDef></li><li><records>
AICEQw==
</records><thingDef>Apparel_AdvancedHelmet</thingDef></li><li><records>
AMAeRA==
</records><thingDef>Apparel_PowerArmorHelmet</thingDef></li><li><records>
AEADRA==
</records><thingDef>Apparel_ArmorHelmetRecon</thingDef></li><li><records>
AAB6Qw==
</records><thingDef>Apparel_PsychicFoilHelmet</thingDef></li><li><records>
MzPzQg==
</records><thingDef>Apparel_HatHood</thingDef></li><li><records>
PQq3QQ==
</records><thingDef>Apparel_ClothMask</thingDef></li><li><records>
w/UuQw==
</records><thingDef>Apparel_SmokepopBelt</thingDef></li><li><records>
w/UXQw==
</records><thingDef>Apparel_FirefoampopPack</thingDef></li><li><records>
AIAJRA==
</records><thingDef>Apparel_PsychicShockLance</thingDef></li><li><records>
AIAiRA==
</records><thingDef>Apparel_PsychicInsanityLance</thingDef></li><li><records>
w/X8Qg==
</records><thingDef>Apparel_TribalA</thingDef></li><li><records>
zcw8Qw==
</records><thingDef>Apparel_Parka</thingDef></li><li><records>
H4WrQg==
</records><thingDef>Apparel_Pants</thingDef></li><li><records>
H4WrQg==
</records><thingDef>Apparel_BasicShirt</thingDef></li><li><records>
pHDHQg==
</records><thingDef>Apparel_CollarShirt</thingDef></li><li><records>
AABEQw==
</records><thingDef>Apparel_Duster</thingDef></li><li><records>
MzMlQw==
</records><thingDef>Apparel_Jacket</thingDef></li><li><records>
AIDtQw==
</records><thingDef>Apparel_PlateArmor</thingDef></li><li><records>
AABhQw==
</records><thingDef>Apparel_FlakVest</thingDef></li><li><records>
AABhQw==
</records><thingDef>Apparel_FlakPants</thingDef></li><li><records>
AACRQw==
</records><thingDef>Apparel_FlakJacket</thingDef></li><li><records>
AGD+RA==
</records><thingDef>Apparel_PowerArmor</thingDef></li><li><records>
AIDARA==
</records><thingDef>Apparel_ArmorRecon</thingDef></li><li><records>
AABcQw==
</records><thingDef>Apparel_Cape</thingDef></li><li><records>
AAAyQw==
</records><thingDef>Apparel_Robe</thingDef></li><li><records>
ZmZmPw==
</records><thingDef>BlocksSandstone</thingDef></li><li><records>
ZmZmPw==
</records><thingDef>BlocksGranite</thingDef></li><li><records>
ZmZmPw==
</records><thingDef>BlocksLimestone</thingDef></li><li><records>
ZmZmPw==
</records><thingDef>BlocksSlate</thingDef></li><li><records>
ZmZmPw==
</records><thingDef>BlocksMarble</thingDef></li><li><records>
mpkpQA==
</records><thingDef>Dye</thingDef></li><li><records>
AAAvRA==
</records><thingDef>Bear_Grizzly</thingDef></li><li><records>
AAAvRA==
</records><thingDef>Bear_Polar</thingDef></li><li><records>
AAB6Qw==
</records><thingDef>Ostrich</thingDef></li><li><records>
AABIQw==
</records><thingDef>Emu</thingDef></li><li><records>
AABIQw==
</records><thingDef>Cassowary</thingDef></li><li><records>
AADIQw==
</records><thingDef>Cougar</thingDef></li><li><records>
AADIQw==
</records><thingDef>Panther</thingDef></li><li><records>
AAB6Qw==
</records><thingDef>Lynx</thingDef></li><li><records>
AADIQg==
</records><thingDef>Cat</thingDef></li><li><records>
AADIQg==
</records><thingDef>YorkshireTerrier</thingDef></li><li><records>
AAAWQw==
</records><thingDef>GuineaPig</thingDef></li><li><records>
AAB6Qw==
</records><thingDef>LabradorRetriever</thingDef></li><li><records>
AAB6Qw==
</records><thingDef>Husky</thingDef></li><li><records>
AADIQg==
</records><thingDef>Monkey</thingDef></li><li><records>
AABIQg==
</records><thingDef>Chicken</thingDef></li><li><records>
AABwQg==
</records><thingDef>Duck</thingDef></li><li><records>
AADIQg==
</records><thingDef>Turkey</thingDef></li><li><records>
AAC0Qg==
</records><thingDef>Goose</thingDef></li><li><records>
AACWQw==
</records><thingDef>Cow</thingDef></li><li><records>
AACvQw==
</records><thingDef>Boomalope</thingDef></li><li><records>
AACWQw==
</records><thingDef>Muffalo</thingDef></li><li><records>
AACvQw==
</records><thingDef>Bison</thingDef></li><li><records>
AACWQw==
</records><thingDef>Dromedary</thingDef></li><li><records>
AABIQw==
</records><thingDef>Goat</thingDef></li><li><records>
AACWQw==
</records><thingDef>Elk</thingDef></li><li><records>
AACgQw==
</records><thingDef>Yak</thingDef></li><li><records>
AACWQw==
</records><thingDef>Caribou</thingDef></li><li><records>
AIAJRA==
</records><thingDef>Horse</thingDef></li><li><records>
AACgQw==
</records><thingDef>Donkey</thingDef></li><li><records>
AAAWRA==
</records><thingDef>Elephant</thingDef></li><li><records>
AAAvRA==
</records><thingDef>Rhinoceros</thingDef></li><li><records>
AABIQg==
</records><thingDef>Hare</thingDef></li><li><records>
AABIQg==
</records><thingDef>Snowhare</thingDef></li><li><records>
AADIQg==
</records><thingDef>Megascarab</thingDef></li><li><records>
AABIQw==
</records><thingDef>Spelopede</thingDef></li><li><records>
AAD6Qw==
</records><thingDef>Megaspider</thingDef></li><li><records>
AAB6RQ==
</records><thingDef>Thrumbo</thingDef></li><li><records>
AAAWQw==
</records><thingDef>Cobra</thingDef></li><li><records>
AABIQw==
</records><thingDef>Tortoise</thingDef></li><li><records>
AAB6Qw==
</records><thingDef>Alphabeaver</thingDef></li><li><records>
AABIQw==
</records><thingDef>Pig</thingDef></li><li><records>
AABIQw==
</records><thingDef>WildBoar</thingDef></li><li><records>
AAB6Qw==
</records><thingDef>Ibex</thingDef></li><li><records>
AAB6Qw==
</records><thingDef>Deer</thingDef></li><li><records>
AAAWQw==
</records><thingDef>Gazelle</thingDef></li><li><records>
AAAWQw==
</records><thingDef>Chinchilla</thingDef></li><li><records>
AABSQw==
</records><thingDef>Sheep</thingDef></li><li><records>
AACvQw==
</records><thingDef>Alpaca</thingDef></li><li><records>
AAAvRA==
</records><thingDef>Megasloth</thingDef></li><li><records>
AAAWQw==
</records><thingDef>Capybara</thingDef></li><li><records>
AAAMQg==
</records><thingDef>Squirrel</thingDef></li><li><records>
AAAMQg==
</records><thingDef>Rat</thingDef></li><li><records>
AADIQg==
</records><thingDef>Boomrat</thingDef></li><li><records>
AADIQg==
</records><thingDef>Raccoon</thingDef></li><li><records>
AADIQg==
</records><thingDef>Iguana</thingDef></li><li><records>
AADhQw==
</records><thingDef>Warg</thingDef></li><li><records>
AACvQw==
</records><thingDef>Wolf_Timber</thingDef></li><li><records>
AACvQw==
</records><thingDef>Wolf_Arctic</thingDef></li><li><records>
AABIQw==
</records><thingDef>Fox_Fennec</thingDef></li><li><records>
AABIQw==
</records><thingDef>Fox_Red</thingDef></li><li><records>
AABIQw==
</records><thingDef>Fox_Arctic</thingDef></li><li><records>
AMDaRA==
</records><thingDef>Human</thingDef></li><li><records>
AAAvRQ==
</records><thingDef>ArchotechEye</thingDef></li><li><records>
AAAvRQ==
</records><thingDef>ArchotechArm</thingDef></li><li><records>
AAAvRQ==
</records><thingDef>ArchotechLeg</thingDef></li><li><records>
AMCARA==
</records><thingDef>BionicEye</thingDef></li><li><records>
AMCARA==
</records><thingDef>BionicArm</thingDef></li><li><records>
AMCARA==
</records><thingDef>BionicLeg</thingDef></li><li><records>
AMCARA==
</records><thingDef>BionicSpine</thingDef></li><li><records>
AMCARA==
</records><thingDef>BionicHeart</thingDef></li><li><records>
AEBERA==
</records><thingDef>BionicStomach</thingDef></li><li><records>
AADIQw==
</records><thingDef>DeathAcidifier</thingDef></li><li><records>
AEBERA==
</records><thingDef>BionicEar</thingDef></li><li><records>
AEANRA==
</records><thingDef>BionicTongue</thingDef></li><li><records>
AEBERA==
</records><thingDef>BionicJaw</thingDef></li><li><records>
AACWRA==
</records><thingDef>Heart</thingDef></li><li><records>
AAB6RA==
</records><thingDef>Lung</thingDef></li><li><records>
AABhRA==
</records><thingDef>Kidney</thingDef></li><li><records>
AACWRA==
</records><thingDef>Liver</thingDef></li><li><records>
AACCQw==
</records><thingDef>SimpleProstheticLeg</thingDef></li><li><records>
AACCQw==
</records><thingDef>SimpleProstheticArm</thingDef></li><li><records>
AABmQw==
</records><thingDef>SimpleProstheticHeart</thingDef></li><li><records>
AABcQw==
</records><thingDef>CochlearImplant</thingDef></li><li><records>
AIDAQw==
</records><thingDef>PowerClaw</thingDef></li><li><records>
AABcQw==
</records><thingDef>Joywire</thingDef></li><li><records>
AABcQw==
</records><thingDef>Painstopper</thingDef></li><li><records>
AADsQg==
</records><thingDef>MeleeWeapon_BreachAxe</thingDef></li><li><records>
MzPzQg==
</records><thingDef>MeleeWeapon_Mace</thingDef></li><li><records>
MzMPQw==
</records><thingDef>MeleeWeapon_Gladius</thingDef></li><li><records>
AICEQw==
</records><thingDef>MeleeWeapon_LongSword</thingDef></li><li><records>
16OoQg==
</records><thingDef>MeleeWeapon_Club</thingDef></li><li><records>
w/WEQg==
</records><thingDef>MeleeWeapon_Knife</thingDef></li><li><records>
AADsQg==
</records><thingDef>MeleeWeapon_Ikwa</thingDef></li><li><records>
MzNBQw==
</records><thingDef>MeleeWeapon_Spear</thingDef></li><li><records>
ZmYHQw==
</records><thingDef>Gun_Revolver</thingDef></li><li><records>
AAALQw==
</records><thingDef>Gun_Autopistol</thingDef></li><li><records>
AABcQw==
</records><thingDef>Gun_MachinePistol</thingDef></li><li><records>
AACqQw==
</records><thingDef>Gun_IncendiaryLauncher</thingDef></li><li><records>
AAC+Qw==
</records><thingDef>Gun_SmokeLauncher</thingDef></li><li><records>
AID8Qw==
</records><thingDef>Gun_EmpLauncher</thingDef></li><li><records>
AAB/Qw==
</records><thingDef>Gun_BoltActionRifle</thingDef></li><li><records>
AAB/Qw==
</records><thingDef>Gun_PumpShotgun</thingDef></li><li><records>
AIDKQw==
</records><thingDef>Gun_ChainShotgun</thingDef></li><li><records>
AICxQw==
</records><thingDef>Gun_HeavySMG</thingDef></li><li><records>
AIDUQw==
</records><thingDef>Gun_LMG</thingDef></li><li><records>
AADwQw==
</records><thingDef>Gun_AssaultRifle</thingDef></li><li><records>
AIAERA==
</records><thingDef>Gun_SniperRifle</thingDef></li><li><records>
AACRRA==
</records><thingDef>Gun_Minigun</thingDef></li><li><records>
AICEQw==
</records><thingDef>Weapon_GrenadeFrag</thingDef></li><li><records>
AAB1Qw==
</records><thingDef>Weapon_GrenadeMolotov</thingDef></li><li><records>
AICdQw==
</records><thingDef>Weapon_GrenadeEMP</thingDef></li><li><records>
rkeJQg==
</records><thingDef>Bow_Short</thingDef></li><li><records>
MzMlQw==
</records><thingDef>Pila</thingDef></li><li><records>
AADEQg==
</records><thingDef>Bow_Recurve</thingDef></li><li><records>
ZmYEQw==
</records><thingDef>Bow_Great</thingDef></li><li><records>
AIB8RA==
</records><thingDef>Gun_ChargeRifle</thingDef></li><li><records>
AGCpRA==
</records><thingDef>Gun_ChargeLance</thingDef></li><li><records>
AACWRA==
</records><thingDef>OrbitalTargeterBombardment</thingDef></li><li><records>
AACWRA==
</records><thingDef>OrbitalTargeterPowerBeam</thingDef></li><li><records>
AABIRA==
</records><thingDef>TornadoGenerator</thingDef></li><li><records>
AAB6RA==
</records><thingDef>PsychicSensitizer</thingDef></li><li><records>
AABIRA==
</records><thingDef>PsychicHarmonizer</thingDef></li><li><records>
AAB6RA==
</records><thingDef>PsychicReader</thingDef></li><li><records>
AMCARA==
</records><thingDef>Neurocalculator</thingDef></li><li><records>
AMCARA==
</records><thingDef>LearningAssistant</thingDef></li><li><records>
AIBPRA==
</records><thingDef>GastroAnalyzer</thingDef></li><li><records>
AMCARA==
</records><thingDef>Immunoenhancer</thingDef></li><li><records>
AMCARA==
</records><thingDef>Coagulator</thingDef></li><li><records>
AMCARA==
</records><thingDef>HealingEnhancer</thingDef></li><li><records>
AMCARA==
</records><thingDef>ToughskinGland</thingDef></li><li><records>
AGC4RA==
</records><thingDef>ArmorskinGland</thingDef></li><li><records>
AADwRA==
</records><thingDef>StoneskinGland</thingDef></li><li><records>
AIBPRA==
</records><thingDef>AestheticShaper</thingDef></li><li><records>
AEASRA==
</records><thingDef>AestheticNose</thingDef></li><li><records>
AMCARA==
</records><thingDef>LoveEnhancer</thingDef></li><li><records>
AMCARA==
</records><thingDef>DetoxifierStomach</thingDef></li><li><records>
AMCARA==
</records><thingDef>ReprocessorStomach</thingDef></li><li><records>
AMCARA==
</records><thingDef>NuclearStomach</thingDef></li><li><records>
AMCARA==
</records><thingDef>CircadianAssistant</thingDef></li><li><records>
AMCARA==
</records><thingDef>CircadianHalfCycler</thingDef></li><li><records>
AABSQw==
</records><thingDef>Mindscrew</thingDef></li><li><records>
AIDUQw==
</records><thingDef>DrillArm</thingDef></li><li><records>
AIDUQw==
</records><thingDef>FieldHand</thingDef></li><li><records>
AICxQw==
</records><thingDef>HandTalon</thingDef></li><li><records>
AICxQw==
</records><thingDef>ElbowBlade</thingDef></li><li><records>
AICxQw==
</records><thingDef>KneeSpike</thingDef></li><li><records>
AICxQw==
</records><thingDef>VenomFangs</thingDef></li><li><records>
AICxQw==
</records><thingDef>VenomTalon</thingDef></li><li><records>
AIC2Qw==
</records><thingDef>Drape</thingDef></li><li><records>
MzPPQg==
</records><thingDef>Brazier</thingDef></li><li><records>
MzPPQg==
</records><thingDef>DarklightBrazier</thingDef></li><li><records>
AICOQw==
</records><thingDef>Throne</thingDef></li><li><records>
AOC6RA==
</records><thingDef>GrandThrone</thingDef></li><li><records>
AADIQw==
</records><thingDef>UnstablePowerCell</thingDef></li><li><records>
j8LdQg==
</records><thingDef>ShipLandingBeacon</thingDef></li><li><records>
AICxQw==
</records><thingDef>NatureShrine_Small</thingDef></li><li><records>
AIAxRA==
</records><thingDef>NatureShrine_Large</thingDef></li><li><records>
AECcRQ==
</records><thingDef>AnimusStone</thingDef></li><li><records>
AIC2Qw==
</records><thingDef>Harp</thingDef></li><li><records>
AMAZRA==
</records><thingDef>Harpsichord</thingDef></li><li><records>
AIBURA==
</records><thingDef>Piano</thingDef></li><li><records>
AEAhRA==
</records><thingDef>Apparel_PackJump</thingDef></li><li><records>
AADXQw==
</records><thingDef>Apparel_PackBroadshield</thingDef></li><li><records>
AAD6Qw==
</records><thingDef>Apparel_PsyfocusHelmet</thingDef></li><li><records>
AAD6Qw==
</records><thingDef>Apparel_EltexSkullcap</thingDef></li><li><records>
AADIQw==
</records><thingDef>Apparel_PsyfocusShirt</thingDef></li><li><records>
AAD6Qw==
</records><thingDef>Apparel_PsyfocusVest</thingDef></li><li><records>
AAAWRA==
</records><thingDef>Apparel_PsyfocusRobe</thingDef></li><li><records>
mpkXQw==
</records><thingDef>Apparel_ShirtRuffle</thingDef></li><li><records>
MzMFQw==
</records><thingDef>Apparel_Corset</thingDef></li><li><records>
MzMFQw==
</records><thingDef>Apparel_VestRoyal</thingDef></li><li><records>
AACHQw==
</records><thingDef>Apparel_RobeRoyal</thingDef></li><li><records>
MzPzQg==
</records><thingDef>Apparel_HatLadies</thingDef></li><li><records>
MzPzQg==
</records><thingDef>Apparel_HatTop</thingDef></li><li><records>
zcwAQw==
</records><thingDef>Apparel_Coronet</thingDef></li><li><records>
MzNBQw==
</records><thingDef>Apparel_Crown</thingDef></li><li><records>
AAAqQw==
</records><thingDef>Apparel_CrownStellic</thingDef></li><li><records>
zcyoQg==
</records><thingDef>Apparel_Beret</thingDef></li><li><records>
AMAFRQ==
</records><thingDef>Apparel_ArmorReconPrestige</thingDef></li><li><records>
AABcRA==
</records><thingDef>Apparel_ArmorHelmetReconPrestige</thingDef></li><li><records>
AMAoRQ==
</records><thingDef>Apparel_ArmorMarinePrestige</thingDef></li><li><records>
AAB/RA==
</records><thingDef>Apparel_ArmorMarineHelmetPrestige</thingDef></li><li><records>
AABDRQ==
</records><thingDef>Apparel_ArmorCataphract</thingDef></li><li><records>
AEA6RA==
</records><thingDef>Apparel_ArmorHelmetCataphract</thingDef></li><li><records>
APB/RQ==
</records><thingDef>Apparel_ArmorCataphractPrestige</thingDef></li><li><records>
AAClRA==
</records><thingDef>Apparel_ArmorHelmetCataphractPrestige</thingDef></li><li><records>
AGALRQ==
</records><thingDef>Apparel_ArmorLocust</thingDef></li><li><records>
ABAQRQ==
</records><thingDef>Apparel_ArmorMarineGrenadier</thingDef></li><li><records>
AIBZRQ==
</records><thingDef>Apparel_ArmorCataphractPhoenix</thingDef></li><li><records>
AICsQw==
</records><thingDef>Apparel_Gunlink</thingDef></li><li><records>
AACvQw==
</records><thingDef>BroadshieldCore</thingDef></li><li><records>
AIA7RQ==
</records><thingDef>MeleeWeapon_MonoSwordBladelink</thingDef></li><li><records>
AIA7RQ==
</records><thingDef>MeleeWeapon_ZeusHammerBladelink</thingDef></li><li><records>
AIA7RQ==
</records><thingDef>MeleeWeapon_PlasmaSwordBladelink</thingDef></li><li><records>
Zmb6Qg==
</records><thingDef>MeleeWeapon_Axe</thingDef></li><li><records>
AIC2Qw==
</records><thingDef>MeleeWeapon_Warhammer</thingDef></li><li><records>
AAD6RA==
</records><thingDef>MeleeWeapon_MonoSword</thingDef></li><li><records>
AAD6RA==
</records><thingDef>MeleeWeapon_Zeushammer</thingDef></li><li><records>
AAD6RA==
</records><thingDef>MeleeWeapon_PlasmaSword</thingDef></li><li><records>
AACWRA==
</records><thingDef>OrbitalTargeterMechCluster</thingDef></li><li><records>
AAD6RA==
</records><thingDef>MeleeWeapon_PsyfocusStaff</thingDef></li><li><records>
AACbQw==
</records><thingDef>SculptureTerror</thingDef></li><li><records>
AICJQw==
</records><thingDef>SleepAccelerator</thingDef></li><li><records>
AIDjQw==
</records><thingDef>BiosculpterPod</thingDef></li><li><records>
AAB1Qw==
</records><thingDef>NeuralSupercharger</thingDef></li><li><records>
AAAeQw==
</records><thingDef>ChristmasTree</thingDef></li><li><records>
AAAEQw==
</records><thingDef>CannibalPlatter</thingDef></li><li><records>
mpnVQg==
</records><thingDef>Effigy</thingDef></li><li><records>
mpntQg==
</records><thingDef>SacrificialFlag</thingDef></li><li><records>
AAAKQw==
</records><thingDef>Pyre</thingDef></li><li><records>
AACbQw==
</records><thingDef>Burnbong</thingDef></li><li><records>
NDMjQw==
</records><thingDef>IncenseShrine</thingDef></li><li><records>
AADsQg==
</records><thingDef>Lectern</thingDef></li><li><records>
AABhQw==
</records><thingDef>StylingStation</thingDef></li><li><records>
H4X7Qg==
</records><thingDef>GibbetCage</thingDef></li><li><records>
MzO5Qg==
</records><thingDef>LightBall</thingDef></li><li><records>
AABcQw==
</records><thingDef>Loudspeaker</thingDef></li><li><records>
j8L1Qg==
</records><thingDef>Drum</thingDef></li><li><records>
AABSQw==
</records><thingDef>Pew</thingDef></li><li><records>
16MoQw==
</records><thingDef>KneelSheet</thingDef></li><li><records>
XI9qQg==
</records><thingDef>KneelPillow</thingDef></li><li><records>
w/VDQg==
</records><thingDef>PlantPot_Bonsai</thingDef></li><li><records>
j8J1Qg==
</records><thingDef>SlabBed</thingDef></li><li><records>
M7MsQw==
</records><thingDef>SlabDoubleBed</thingDef></li><li><records>
PQpzQg==
</records><thingDef>Skullspike</thingDef></li><li><records>
9ig0Qg==
</records><thingDef>Apparel_Headwrap</thingDef></li><li><records>
w/WEQg==
</records><thingDef>Apparel_Broadwrap</thingDef></li><li><records>
zcwUQg==
</records><thingDef>Apparel_VisageMask</thingDef></li><li><records>
zcwUQg==
</records><thingDef>Apparel_Slicecap</thingDef></li><li><records>
hethQg==
</records><thingDef>Apparel_Collar</thingDef></li><li><records>
mpldQg==
</records><thingDef>Apparel_AuthorityCap</thingDef></li><li><records>
9ig0Qg==
</records><thingDef>Apparel_Tailcap</thingDef></li><li><records>
hethQg==
</records><thingDef>Apparel_Shadecone</thingDef></li><li><records>
rkcxQg==
</records><thingDef>Apparel_Flophat</thingDef></li><li><records>
MzMlQw==
</records><thingDef>Apparel_BodyStrap</thingDef></li><li><records>
ZmYGQw==
</records><thingDef>Apparel_Burka</thingDef></li><li><records>
rkdZQg==
</records><thingDef>Apparel_TortureCrown</thingDef></li><li><records>
rkcxQg==
</records><thingDef>Apparel_Blindfold</thingDef></li><li><records>
AABNQw==
</records><thingDef>MorbidSlab_Medium</thingDef></li><li><records>
AICYQw==
</records><thingDef>MorbidSlab_Broad</thingDef></li><li><records>
AABNQw==
</records><thingDef>TotemicSlab_Medium</thingDef></li><li><records>
AICYQw==
</records><thingDef>TotemicSlab_Broad</thingDef></li><li><records>
mplBQw==
</records><thingDef>SpikecoreFloorStar_Medium</thingDef></li><li><records>
AACRQw==
</records><thingDef>SpikecoreFloorStar_Broad</thingDef></li><li><records>
mpkZQw==
</records><thingDef>RusticRug_Medium</thingDef></li><li><records>
AABmQw==
</records><thingDef>RusticRug_Broad</thingDef></li><li><records>
AABNQw==
</records><thingDef>AnimalistSlab_Medium</thingDef></li><li><records>
AICYQw==
</records><thingDef>AnimalistSlab_Broad</thingDef></li><li><records>
AAD6Qw==
</records><thingDef>RelicInertCup</thingDef></li><li><records>
AAD6Qw==
</records><thingDef>RelicInertPendant</thingDef></li><li><records>
AAD6Qw==
</records><thingDef>RelicInertBox</thingDef></li><li><records>
AAD6Qw==
</records><thingDef>RelicInertTablet</thingDef></li><li><records>
AAD6Qw==
</records><thingDef>RelicInertFragment</thingDef></li><li><records>
AAD6Qw==
</records><thingDef>RelicInertSwordHandle</thingDef></li><li><records>
AAD6Qw==
</records><thingDef>RelicInertArk</thingDef></li><li><records>
AAD6Qw==
</records><thingDef>RelicInertCube</thingDef></li><li><records>
AACMQg==
</records><thingDef>GauranlenSeed</thingDef></li><li><records>
AEBnRA==
</records><thingDef>DetoxifierLung</thingDef></li><li><records>
AACHRA==
</records><thingDef>DetoxifierKidney</thingDef></li><li><records>
AAD6Qw==
</records><thingDef>Mechlink</thingDef></li><li><records>
AACWRA==
</records><thingDef>ControlSublink</thingDef></li><li><records>
AACWRA==
</records><thingDef>ControlSublinkHigh</thingDef></li><li><records>
AACWRA==
</records><thingDef>RemoteRepairer</thingDef></li><li><records>
AACWRA==
</records><thingDef>MechFormfeeder</thingDef></li><li><records>
AACWRA==
</records><thingDef>RemoteShielder</thingDef></li><li><records>
AACWRA==
</records><thingDef>RepairProbe</thingDef></li><li><records>
AICTQw==
</records><thingDef>DeathrestCasket</thingDef></li><li><records>
AAC0Qw==
</records><thingDef>Hemopump</thingDef></li><li><records>
AIAJRA==
</records><thingDef>HemogenAmplifier</thingDef></li><li><records>
AMAARA==
</records><thingDef>GlucosoidPump</thingDef></li><li><records>
ACCZRA==
</records><thingDef>PsychofluidPump</thingDef></li><li><records>
AIAxRA==
</records><thingDef>DeathrestAccelerator</thingDef></li><li><records>
7FEkQw==
</records><thingDef>ToyBox</thingDef></li><li><records>
zcx6Qg==
</records><thingDef>SchoolDesk</thingDef></li><li><records>
j8L1Qg==
</records><thingDef>BabyDecoration</thingDef></li><li><records>
j8JNQg==
</records><thingDef>Crib</thingDef></li><li><records>
ZmYGQg==
</records><thingDef>Blackboard</thingDef></li><li><records>
AAARQw==
</records><thingDef>GeneBank</thingDef></li><li><records>
ZuY8Qw==
</records><thingDef>PollutionPump</thingDef></li><li><records>
SOHCQQ==
</records><thingDef>SanguphageMeetingTorch</thingDef></li><li><records>
AICsQw==
</records><thingDef>MechBooster</thingDef></li><li><records>
exTmQg==
</records><thingDef>TrapIED_ToxGas</thingDef></li><li><records>
AICdQw==
</records><thingDef>SubcoreEncoder</thingDef></li><li><records>
AACgPw==
</records><thingDef>BabyFood</thingDef></li><li><records>
AACgQA==
</records><thingDef>HemogenPack</thingDef></li><li><records>
AABIQw==
</records><thingDef>SubcoreBasic</thingDef></li><li><records>
AACWQw==
</records><thingDef>SubcoreRegular</thingDef></li><li><records>
AAB6RA==
</records><thingDef>SubcoreHigh</thingDef></li><li><records>
AAD6Qw==
</records><thingDef>SignalChip</thingDef></li><li><records>
AAB6RA==
</records><thingDef>PowerfocusChip</thingDef></li><li><records>
AIC7RA==
</records><thingDef>NanostructuringChip</thingDef></li><li><records>
AAB6RA==
</records><thingDef>DeathrestCapacitySerum</thingDef></li><li><records>
AABcQg==
</records><thingDef>Shell_Toxic</thingDef></li><li><records>
AABAPw==
</records><thingDef>RawToxipotato</thingDef></li><li><records>
AADIQg==
</records><thingDef>Genepack</thingDef></li><li><records>
AACgQQ==
</records><thingDef>Xenogerm</thingDef></li><li><records>
AAAvRA==
</records><thingDef>ArchiteCapsule</thingDef></li><li><records>
AABIQg==
</records><thingDef>HumanOvum</thingDef></li><li><records>
AABIQg==
</records><thingDef>HumanEmbryo</thingDef></li><li><records>
ZmaGQg==
</records><thingDef>Apparel_KidRomper</thingDef></li><li><records>
mG4yQg==
</records><thingDef>Apparel_KidShirt</thingDef></li><li><records>
mG4yQg==
</records><thingDef>Apparel_KidPants</thingDef></li><li><records>
exTOQg==
</records><thingDef>Apparel_KidParka</thingDef></li><li><records>
exSCQg==
</records><thingDef>Apparel_KidTribal</thingDef></li><li><records>
zcw8Qg==
</records><thingDef>Apparel_KidHelmet</thingDef></li><li><records>
AABmQw==
</records><thingDef>Apparel_AirwireHeadset</thingDef></li><li><records>
AAC0Qw==
</records><thingDef>Apparel_ArrayHeadset</thingDef></li><li><records>
ADAYRQ==
</records><thingDef>Apparel_IntegratorHeadset</thingDef></li><li><records>
AEChRA==
</records><thingDef>Apparel_ArmorHelmetMechCommander</thingDef></li><li><records>
ALimRQ==
</records><thingDef>Apparel_ArmorHelmetMechlordHelmet</thingDef></li><li><records>
MzPTQg==
</records><thingDef>Apparel_GasMask</thingDef></li><li><records>
AIDFQw==
</records><thingDef>Apparel_PackControl</thingDef></li><li><records>
AKCqRA==
</records><thingDef>Apparel_PackBandwidth</thingDef></li><li><records>
w3UQQw==
</records><thingDef>Apparel_PackTox</thingDef></li><li><records>
ADjbRQ==
</records><thingDef>Apparel_MechlordSuit</thingDef></li><li><records>
mpkiQw==
</records><thingDef>Apparel_Bandolier</thingDef></li><li><records>
ZmZWQg==
</records><thingDef>Apparel_Sash</thingDef></li><li><records>
AACWRA==
</records><thingDef>PoluxSeed</thingDef></li><li><records>
AAAMQg==
</records><thingDef>WasteRat</thingDef></li><li><records>
AACvQw==
</records><thingDef>Toxalope</thingDef></li><li><records>
AAC+Qw==
</records><thingDef>Gun_ToxbombLauncher</thingDef></li><li><records>
AICdQw==
</records><thingDef>Weapon_GrenadeTox</thingDef></li><li><records>
AAA0Qg==
</records><thingDef>Flamebow</thingDef></li><li><records>
AKCMRA==
</records><thingDef>Gun_BeamGraser</thingDef></li><li><records>
AAB6Qw==
</records><thingDef>Tome</thingDef></li><li><records>
zcypQg==
</records><thingDef>GhoulPlating</thingDef></li><li><records>
ZmY/Qg==
</records><thingDef>GhoulBarbs</thingDef></li><li><records>
PQq9Qg==
</records><thingDef>AdrenalHeart</thingDef></li><li><records>
PQq9Qg==
</records><thingDef>CorrosiveHeart</thingDef></li><li><records>
PQq9Qg==
</records><thingDef>MetalbloodHeart</thingDef></li><li><records>
AODsRA==
</records><thingDef>RevenantVertebrae</thingDef></li><li><records>
ZmamQg==
</records><thingDef>HoldingPlatform</thingDef></li><li><records>
AACQQQ==
</records><thingDef>DirtCubeSculpture</thingDef></li><li><records>
AACQQQ==
</records><thingDef>StoneCubeSculpture</thingDef></li><li><records>
AACQQQ==
</records><thingDef>SandCubeSculpture</thingDef></li><li><records>
AACQQQ==
</records><thingDef>ScrapCubeSculpture</thingDef></li><li><records>
mhkFQw==
</records><thingDef>ElectricInhibitor</thingDef></li><li><records>
AADXQw==
</records><thingDef>ShardInhibitor</thingDef></li><li><records>
M7OBQg==
</records><thingDef>ProximityDetector</thingDef></li><li><records>
AID3Qw==
</records><thingDef>FrenzyInducer</thingDef></li><li><records>
AEAIRA==
</records><thingDef>SleepSuppressor</thingDef></li><li><records>
exTmQg==
</records><thingDef>TrapIED_Deadlife</thingDef></li><li><records>
ZiYgQw==
</records><thingDef>Electroharvester</thingDef></li><li><records>
zcxHQw==
</records><thingDef>BioferriteShaper</thingDef></li><li><records>
AEA1RA==
</records><thingDef>SerumCentrifuge</thingDef></li><li><records>
ZmYNQw==
</records><thingDef>BioferriteHarvester</thingDef></li><li><records>
AIDUQw==
</records><thingDef>ShardBeacon</thingDef></li><li><records>
AEADRA==
</records><thingDef>ShardAnimalPulser</thingDef></li><li><records>
AABIRA==
</records><thingDef>BiomutationPulser</thingDef></li><li><records>
AABcQg==
</records><thingDef>Shell_Deadlife</thingDef></li><li><records>
AABwQg==
</records><thingDef>VoidsightSerum</thingDef></li><li><records>
AABIQw==
</records><thingDef>MetalbloodSerum</thingDef></li><li><records>
AABIQw==
</records><thingDef>JuggernautSerum</thingDef></li><li><records>
AACgQg==
</records><thingDef>MindNumbSerum</thingDef></li><li><records>
AABwQg==
</records><thingDef>GhoulResurrectionSerum</thingDef></li><li><records>
AABAPw==
</records><thingDef>Bioferrite</thingDef></li><li><records>
AABgQA==
</records><thingDef>Leather_Dread</thingDef></li><li><records>
AADIQw==
</records><thingDef>Shard</thingDef></li><li><records>
AAB6RA==
</records><thingDef>RevenantSpine</thingDef></li><li><records>
AAAAPw==
</records><thingDef>Meat_Twisted</thingDef></li><li><records>
AACWRA==
</records><thingDef>GoldenCube</thingDef></li><li><records>
AAD6RA==
</records><thingDef>MonolithFragment</thingDef></li><li><records>
MzNzQg==
</records><thingDef>Apparel_CultistMask</thingDef></li><li><records>
zcxaQg==
</records><thingDef>Apparel_CeremonialCultistMask</thingDef></li><li><records>
CtegQg==
</records><thingDef>Apparel_DisruptorFlarePack</thingDef></li><li><records>
AABrQw==
</records><thingDef>Apparel_PackTurret</thingDef></li><li><records>
AIDeQw==
</records><thingDef>Apparel_DeadlifePack</thingDef></li><li><records>
AAD/Qw==
</records><thingDef>Apparel_ShardPsychicShockLance</thingDef></li><li><records>
AIAERA==
</records><thingDef>Apparel_ShardPsychicInsanityLance</thingDef></li><li><records>
AIBURA==
</records><thingDef>Apparel_BiomutationLance</thingDef></li><li><records>
AAAeQw==
</records><thingDef>Apparel_LabCoat</thingDef></li><li><records>
AAAWRA==
</records><thingDef>HarbingerSeed</thingDef></li><li><records>
AMDaRA==
</records><thingDef>CreepJoiner</thingDef></li><li><records>
AID3Qw==
</records><thingDef>Gun_HellcatRifle</thingDef></li><li><records>
AIAERA==
</records><thingDef>Gun_Incinerator</thingDef></li><li><records>
mZl5Qg==
</records><thingDef>NerveSpiker</thingDef></li><li><records>
AAA0Qw==
</records><thingDef>Map</thingDef></li><li><records>
AAAgQQ==
</records><thingDef>Drug_Psilocap</thingDef></li><li><records>
PQrcQg==
</records><thingDef>BloodWarmer</thingDef></li><li><records>
AEASRA==
</records><thingDef>PilotAssistant</thingDef></li><li><records>
AMCZRA==
</records><thingDef>VacskinGland</thingDef></li><li><records>
AABNQw==
</records><thingDef>Statue</thingDef></li><li><records>
H4WOQg==
</records><thingDef>Building_OutfitStand</thingDef></li><li><records>
PQp1Qg==
</records><thingDef>Building_KidOutfitStand</thingDef></li><li><records>
AAD6RA==
</records><thingDef>GravEngine</thingDef></li><li><records>
AEDJRA==
</records><thingDef>GravFieldExtender</thingDef></li><li><records>
AAC5Qw==
</records><thingDef>PilotConsole</thingDef></li><li><records>
AID8Qw==
</records><thingDef>SmallThruster</thingDef></li><li><records>
AAA+RA==
</records><thingDef>LargeThruster</thingDef></li><li><records>
AMDBRA==
</records><thingDef>FuelOptimizer</thingDef></li><li><records>
AMAyRQ==
</records><thingDef>SignalJammer</thingDef></li><li><records>
AID3RA==
</records><thingDef>GravcorePowerCell</thingDef></li><li><records>
AMBzRA==
</records><thingDef>PilotSubpersonaCore</thingDef></li><li><records>
AMAPRQ==
</records><thingDef>GravshipShieldGenerator</thingDef></li><li><records>
zcwsQQ==
</records><thingDef>AncientMiningCharge</thingDef></li><li><records>
AABIQw==
</records><thingDef>OxygenPump</thingDef></li><li><records>
w/U0Qw==
</records><thingDef>HunterDroneTrap</thingDef></li><li><records>
AACgQg==
</records><thingDef>WaspDroneTrap</thingDef></li><li><records>
AADwQg==
</records><thingDef>MastodonTusk</thingDef></li><li><records>
AIA7RQ==
</records><thingDef>AlphaThrumboHorn</thingDef></li><li><records>
AADIQw==
</records><thingDef>SentienceCatalyst</thingDef></li><li><records>
AADQQQ==
</records><thingDef>EggMonitorLizardFertilized</thingDef></li><li><records>
AAAQQQ==
</records><thingDef>EggMonitorLizardUnfertilized</thingDef></li><li><records>
AADQQQ==
</records><thingDef>EggFlamingoFertilized</thingDef></li><li><records>
AADgQA==
</records><thingDef>EggFlamingoUnfertilized</thingDef></li><li><records>
AACQQQ==
</records><thingDef>EggHeronFertilized</thingDef></li><li><records>
AADgQA==
</records><thingDef>EggHeronUnfertilized</thingDef></li><li><records>
AABwQQ==
</records><thingDef>EggSwanFertilized</thingDef></li><li><records>
AADgQA==
</records><thingDef>EggSwanUnfertilized</thingDef></li><li><records>
AAAwQQ==
</records><thingDef>EggSparrowFertilized</thingDef></li><li><records>
AADgQA==
</records><thingDef>EggSparrowUnfertilized</thingDef></li><li><records>
AAAwQQ==
</records><thingDef>EggCrowFertilized</thingDef></li><li><records>
AADgQA==
</records><thingDef>EggCrowUnfertilized</thingDef></li><li><records>
AAAwQQ==
</records><thingDef>EggBluebirdFertilized</thingDef></li><li><records>
AADgQA==
</records><thingDef>EggBluebirdUnfertilized</thingDef></li><li><records>
AAAwQQ==
</records><thingDef>EggQuailFertilized</thingDef></li><li><records>
AADgQA==
</records><thingDef>EggQuailUnfertilized</thingDef></li><li><records>
AAAwQQ==
</records><thingDef>EggMacawFertilized</thingDef></li><li><records>
AADgQA==
</records><thingDef>EggMacawUnfertilized</thingDef></li><li><records>
AADQQQ==
</records><thingDef>EggPeacockFertilized</thingDef></li><li><records>
AADgQA==
</records><thingDef>EggPeacockUnfertilized</thingDef></li><li><records>
AACAQQ==
</records><thingDef>EggVultureFertilized</thingDef></li><li><records>
AADgQA==
</records><thingDef>EggVultureUnfertilized</thingDef></li><li><records>
AADIQQ==
</records><thingDef>EggPenguinFertilized</thingDef></li><li><records>
AADgQA==
</records><thingDef>EggPenguinUnfertilized</thingDef></li><li><records>
AACgQQ==
</records><thingDef>EggSeaTurtleFertilized</thingDef></li><li><records>
AAAQQQ==
</records><thingDef>EggSeaTurtleUnfertilized</thingDef></li><li><records>
AACgQQ==
</records><thingDef>EggAlligatorFertilized</thingDef></li><li><records>
AACIQQ==
</records><thingDef>EggAlligatorUnfertilized</thingDef></li><li><records>
zcwsQA==
</records><thingDef>WoolMastodon</thingDef></li><li><records>
zcwsQA==
</records><thingDef>WoolMuskox</thingDef></li><li><records>
AADQQA==
</records><thingDef>Fish_Salmon</thingDef></li><li><records>
AADQQA==
</records><thingDef>Fish_Bass</thingDef></li><li><records>
AADQQA==
</records><thingDef>Fish_Tilapia</thingDef></li><li><records>
AADQQA==
</records><thingDef>Fish_Cod</thingDef></li><li><records>
AADQQA==
</records><thingDef>Fish_Bluefish</thingDef></li><li><records>
AADIQQ==
</records><thingDef>Fish_Guppy</thingDef></li><li><records>
AAAIQg==
</records><thingDef>Fish_Frostfish</thingDef></li><li><records>
AADQQQ==
</records><thingDef>Fish_Catfish</thingDef></li><li><records>
AAAgQg==
</records><thingDef>Fish_Piranha</thingDef></li><li><records>
AABIQQ==
</records><thingDef>Fish_Dogfish</thingDef></li><li><records>
AADgQQ==
</records><thingDef>Fish_Marlin</thingDef></li><li><records>
AAAAQg==
</records><thingDef>Fish_Tuna</thingDef></li><li><records>
AACwQQ==
</records><thingDef>Fish_Flounder</thingDef></li><li><records>
AACAPw==
</records><thingDef>Fish_Toxfish</thingDef></li><li><records>
AACAQA==
</records><thingDef>GravlitePanel</thingDef></li><li><records>
AEAcRQ==
</records><thingDef>ShuttleEngine</thingDef></li><li><records>
AACgQA==
</records><thingDef>Obsidian</thingDef></li><li><records>
AABAQA==
</records><thingDef>Leather_Mastodon</thingDef></li><li><records>
AACAQA==
</records><thingDef>Leather_Sealskin</thingDef></li><li><records>
AACgQQ==
</records><thingDef>Leather_AlphaThrumbo</thingDef></li><li><records>
ZmamQA==
</records><thingDef>Leather_Mink</thingDef></li><li><records>
zcxsQA==
</records><thingDef>Leather_Hippo</thingDef></li><li><records>
zcxMQA==
</records><thingDef>Leather_Armadillo</thingDef></li><li><records>
ZmYHQw==
</records><thingDef>Gun_Revolver_Unique</thingDef></li><li><records>
AAB/Qw==
</records><thingDef>Gun_BoltActionRifle_Unique</thingDef></li><li><records>
AIDKQw==
</records><thingDef>Gun_ChainShotgun_Unique</thingDef></li><li><records>
AICxQw==
</records><thingDef>Gun_HeavySMG_Unique</thingDef></li><li><records>
AIDUQw==
</records><thingDef>Gun_LMG_Unique</thingDef></li><li><records>
AADwQw==
</records><thingDef>Gun_AssaultRifle_Unique</thingDef></li><li><records>
AIAERA==
</records><thingDef>Gun_SniperRifle_Unique</thingDef></li><li><records>
AACRRA==
</records><thingDef>Gun_Minigun_Unique</thingDef></li><li><records>
ZmYEQw==
</records><thingDef>Bow_Great_Unique</thingDef></li><li><records>
AIB8RA==
</records><thingDef>Gun_ChargeRifle_Unique</thingDef></li><li><records>
AGCpRA==
</records><thingDef>Gun_ChargeLance_Unique</thingDef></li><li><records>
AID3Qw==
</records><thingDef>Gun_HellcatRifle_Unique</thingDef></li><li><records>
AGCaRA==
</records><thingDef>Gun_BeamRepeater_Unique</thingDef></li><li><records>
AABCQw==
</records><thingDef>Apparel_VacsuitHelmet</thingDef></li><li><records>
AICYQw==
</records><thingDef>Apparel_PackHunter</thingDef></li><li><records>
AECcRQ==
</records><thingDef>Apparel_CerebrexNode</thingDef></li><li><records>
AAAbRA==
</records><thingDef>Apparel_Vacsuit</thingDef></li><li><records>
AICsQw==
</records><thingDef>Apparel_VacsuitChildren</thingDef></li><li><records>
AAAAQA==
</records><thingDef>BlocksVacstone</thingDef></li><li><records>
AIAiRA==
</records><thingDef>ArcheanSeed</thingDef></li><li><records>
AABcQw==
</records><thingDef>BogHound</thingDef></li><li><records>
AAAvQw==
</records><thingDef>MonitorLizard</thingDef></li><li><records>
AADwQQ==
</records><thingDef>PrairieDog</thingDef></li><li><records>
AAAMQg==
</records><thingDef>Porcupine</thingDef></li><li><records>
AAA5RA==
</records><thingDef>Mastodon</thingDef></li><li><records>
AAD6Qw==
</records><thingDef>Cat_Scimitar</thingDef></li><li><records>
AAAWQw==
</records><thingDef>Wolverine</thingDef></li><li><records>
AAD6Qw==
</records><thingDef>Wolf_Great</thingDef></li><li><records>
AIC7Qw==
</records><thingDef>Moose</thingDef></li><li><records>
AMDaRQ==
</records><thingDef>AlphaThrumbo</thingDef></li><li><records>
AAC5Qw==
</records><thingDef>Muskox</thingDef></li><li><records>
AADhQw==
</records><thingDef>Tiger</thingDef></li><li><records>
AAAgQw==
</records><thingDef>Mink</thingDef></li><li><records>
AAAWRA==
</records><thingDef>Gorilla</thingDef></li><li><records>
AADIQg==
</records><thingDef>Badger</thingDef></li><li><records>
AADIQw==
</records><thingDef>Panda</thingDef></li><li><records>
AAAWRA==
</records><thingDef>Hippo</thingDef></li><li><records>
AAB6Qw==
</records><thingDef>Megavole</thingDef></li><li><records>
AADIQg==
</records><thingDef>Armadillo</thingDef></li><li><records>
AACvQw==
</records><thingDef>Alligator</thingDef></li><li><records>
AABwQg==
</records><thingDef>Bullfrog</thingDef></li><li><records>
AABcQw==
</records><thingDef>ColossusToad</thingDef></li><li><records>
AAA0Qw==
</records><thingDef>LavaSnail</thingDef></li><li><records>
AADwQQ==
</records><thingDef>Sparrow</thingDef></li><li><records>
AADwQQ==
</records><thingDef>Crow</thingDef></li><li><records>
AADwQQ==
</records><thingDef>Bluebird</thingDef></li><li><records>
AADwQQ==
</records><thingDef>Quail</thingDef></li><li><records>
AAC0Qg==
</records><thingDef>Macaw</thingDef></li><li><records>
AADwQg==
</records><thingDef>Flamingo</thingDef></li><li><records>
AADwQg==
</records><thingDef>Heron</thingDef></li><li><records>
AABIQw==
</records><thingDef>Swan</thingDef></li><li><records>
AAA0Qw==
</records><thingDef>Peacock</thingDef></li><li><records>
AADwQg==
</records><thingDef>Vulture</thingDef></li><li><records>
AAAWQw==
</records><thingDef>Penguin</thingDef></li><li><records>
AACWQw==
</records><thingDef>Walrus</thingDef></li><li><records>
AACgQw==
</records><thingDef>SeaLion</thingDef></li><li><records>
AACRQw==
</records><thingDef>Seal</thingDef></li><li><records>
AABwQg==
</records><thingDef>HermitCrab</thingDef></li><li><records>
AACgQg==
</records><thingDef>StoneCrab</thingDef></li><li><records>
AAB6Qw==
</records><thingDef>SeaTurtle</thingDef></li><li><records>
AABwQg==
</records><thingDef>Otter</thingDef></li><li><records>
AAAMQg==
</records><thingDef>Larva</thingDef></li><li><records>
AAD6RA==
</records><thingDef>HiveQueen</thingDef></li><li><records>
AADwQg==
</records><thingDef>Locust</thingDef></li><li><records>
AGCaRA==
</records><thingDef>Gun_BeamRepeater</thingDef></li><li><records>
AMDaRA==
</records><thingDef>BS_Centaur</thingDef></li><li><records>
AMDaRA==
</records><thingDef>BS_HumanFouramed</thingDef></li><li><records>
AMDaRA==
</records><thingDef>BS_Naga</thingDef></li><li><records>
AAD6RA==
</records><thingDef>BS_Marlith</thingDef></li><li><records>
AEAcRQ==
</records><thingDef>BS_UrbMech</thingDef></li><li><records>
AMDaRA==
</records><thingDef>BS_SixArmedHuman</thingDef></li><li><records>
AMDaRA==
</records><thingDef>BS_SpiderPersonRace</thingDef></li><li><records>
AMDaRA==
</records><thingDef>BS_HumanoidWithTail</thingDef></li><li><records>
AMDaRA==
</records><thingDef>BS_HumanoidWithWings</thingDef></li><li><records>
AMDaRA==
</records><thingDef>BS_JustAHead</thingDef></li><li><records>
AIAORA==
</records><thingDef>ASF_CellarStone</thingDef></li><li><records>
AEANRA==
</records><thingDef>ASF_CellarWood</thingDef></li><li><records>
zcy6Qg==
</records><thingDef>ASF_CoveredClayPot</thingDef></li><li><records>
zcySQg==
</records><thingDef>ASF_UncoveredClayPot</thingDef></li><li><records>
AICJQw==
</records><thingDef>ASF_Granary</thingDef></li><li><records>
H4WrQQ==
</records><thingDef>ASF_MeatRack</thingDef></li><li><records>
AADQQg==
</records><thingDef>ASF_StoragePit</thingDef></li><li><records>
AACbQw==
</records><thingDef>ASF_StorageTent</thingDef></li><li><records>
16MgQg==
</records><thingDef>ASF_WeaponRack</thingDef></li><li><records>
pHA1Qg==
</records><thingDef>ASF_WovenBasket</thingDef></li><li><records>
pHC1Qg==
</records><thingDef>ASF_WovenBasketDouble</thingDef></li><li><records>
exQIQw==
</records><thingDef>ASF_WovenBasketTriple</thingDef></li><li><records>
SOGiQg==
</records><thingDef>Doghouse</thingDef></li><li><records>
MzOnQQ==
</records><thingDef>Dogbowl</thingDef></li><li><records>
pHCNQg==
</records><thingDef>meng_pungi_sticks</thingDef></li><li><records>
pHCNQg==
</records><thingDef>meng_pungi_sticks_poison</thingDef></li><li><records>
AAD/Qw==
</records><thingDef>UT_TurretGun</thingDef></li><li><records>
AAB6RA==
</records><thingDef>Ad_Turret_Mortar</thingDef></li><li><records>
AIDUQw==
</records><thingDef>CoalSmelter</thingDef></li><li><records>
ZuYTQw==
</records><thingDef>CoalGrill</thingDef></li><li><records>
XrqGQg==
</records><thingDef>NECCoalLamp</thingDef></li><li><records>
H4X8Qg==
</records><thingDef>NECActiveCooler</thingDef></li><li><records>
16OzQg==
</records><thingDef>CoalStove</thingDef></li><li><records>
MzOzPw==
</records><thingDef>Coal</thingDef></li><li><records>
ZmamPw==
</records><thingDef>Charcoal</thingDef></li><li><records>
AACgQg==
</records><thingDef>XR_Ork_Machete</thingDef></li><li><records>
AABFQw==
</records><thingDef>VHE_TableBarber</thingDef></li><li><records>
AAABQw==
</records><thingDef>VWE_SmokeGrenade</thingDef></li><li><records>
AICdQw==
</records><thingDef>VWE_FlashGrenade</thingDef></li><li><records>
AABEQw==
</records><thingDef>VWE_MeleeWeapon_Shovel</thingDef></li><li><records>
H4X3Qg==
</records><thingDef>VWE_MeleeWeapon_Baton</thingDef></li><li><records>
exT2Qg==
</records><thingDef>VWE_MeleeWeapon_CombatKnife</thingDef></li><li><records>
zcwoQw==
</records><thingDef>VWE_MeleeWeapon_Hammer</thingDef></li><li><records>
AICEQw==
</records><thingDef>VWE_MeleeWeapon_BattleAxe</thingDef></li><li><records>
AACRQw==
</records><thingDef>VWE_MeleeWeapon_Halberd</thingDef></li><li><records>
CtevQg==
</records><thingDef>VWE_MeleeWeapon_Axe</thingDef></li><li><records>
AAB6RA==
</records><thingDef>Gun_TripleRocket</thingDef></li><li><records>
AAB6RA==
</records><thingDef>Gun_DoomsdayRocket</thingDef></li><li><records>
AAB6RA==
</records><thingDef>VWE_Gun_RocketLauncher</thingDef></li><li><records>
AAAQQw==
</records><thingDef>VWE_Bow_Compound</thingDef></li><li><records>
AAALQw==
</records><thingDef>VWE_Gun_HandCannon</thingDef></li><li><records>
mpkuQw==
</records><thingDef>VWE_CombatHandgun</thingDef></li><li><records>
MzMyQw==
</records><thingDef>VWE_SawedOffShotgun</thingDef></li><li><records>
AICYQw==
</records><thingDef>VWE_Gun_GrenadeLauncher</thingDef></li><li><records>
AADIQw==
</records><thingDef>VWE_Gun_Flamethrower</thingDef></li><li><records>
AICYQw==
</records><thingDef>VWE_Gun_FireExtinguisher</thingDef></li><li><records>
AAB1Qw==
</records><thingDef>VWE_Gun_SemiAutomaticRifle</thingDef></li><li><records>
AAB1Qw==
</records><thingDef>VWE_Gun_LeverActionRifle</thingDef></li><li><records>
AABmQw==
</records><thingDef>VWE_Gun_LightSMG</thingDef></li><li><records>
AICnQw==
</records><thingDef>VWE_Gun_SMG</thingDef></li><li><records>
AADwQw==
</records><thingDef>VWE_Gun_HMG</thingDef></li><li><records>
AADwQw==
</records><thingDef>VWE_Gun_ServiceRifle</thingDef></li><li><records>
AADwQw==
</records><thingDef>VWE_Gun_BattleRifle</thingDef></li><li><records>
AADwQw==
</records><thingDef>VWE_Gun_Carbine</thingDef></li><li><records>
AIAxRA==
</records><thingDef>VWE_Gun_MarksmanRifle</thingDef></li><li><records>
AMCARA==
</records><thingDef>VWE_Gun_AntiMaterialRifle</thingDef></li><li><records>
AABXQw==
</records><thingDef>VWE_Bow_Crossbow</thingDef></li><li><records>
AABmQw==
</records><thingDef>VWE_Gun_Musket</thingDef></li><li><records>
zcwkQw==
</records><thingDef>VWE_Gun_Flintlock</thingDef></li><li><records>
uB7BQg==
</records><thingDef>VWE_Throwing_Knives</thingDef></li><li><records>
w/XzQg==
</records><thingDef>VWE_Tool_Whip</thingDef></li><li><records>
16PsQg==
</records><thingDef>VWE_Bow_Long</thingDef></li><li><records>
AEAXRA==
</records><thingDef>VWE_Gun_ChargePistol</thingDef></li><li><records>
AIB8RA==
</records><thingDef>VWE_Gun_ChargeShotgun</thingDef></li><li><records>
AEBiRA==
</records><thingDef>VWE_Gun_ChargeSMG</thingDef></li><li><records>
AIDURA==
</records><thingDef>VWE_Gun_ChargeLMG</thingDef></li><li><records>
AMCZRA==
</records><thingDef>VWE_Gun_ChargeSniperRifle</thingDef></li><li><records>
ALBMRQ==
</records><thingDef>VWE_Gun_ChargeMinigun</thingDef></li><li><records>
AMDaRQ==
</records><thingDef>VWE_Gun_ChargeRocketLauncher</thingDef></li><li><records>
AAAgQQ==
</records><thingDef>Chemshine</thingDef></li><li><records>
AIC2Qw==
</records><thingDef>ChemBoiler</thingDef></li><li><records>
16NkQg==
</records><thingDef>Building_ChemshineBarrel</thingDef></li><li><records>
4XomQg==
</records><thingDef>StoolBar</thingDef></li><li><records>
zcyqQg==
</records><thingDef>TableCircular</thingDef></li><li><records>
MzMZQw==
</records><thingDef>TableFaro</thingDef></li><li><records>
Zmb2Qg==
</records><thingDef>TableFiveFingerFilet</thingDef></li><li><records>
AAB1Qw==
</records><thingDef>Turret_GatlingGun</thingDef></li><li><records>
rkdZQg==
</records><thingDef>VFES_Headgear_Bandana</thingDef></li><li><records>
FK5nQg==
</records><thingDef>VFES_Headgear_Sombrero</thingDef></li><li><records>
zcxkQg==
</records><thingDef>VFES_Headgear_FlatCap</thingDef></li><li><records>
pHDbQg==
</records><thingDef>Apparel_Vest</thingDef></li><li><records>
mpkEQw==
</records><thingDef>Apparel_GreatDress</thingDef></li><li><records>
M7MSQw==
</records><thingDef>VFES_Gun_DoubleActionRevolver</thingDef></li><li><records>
AICEQw==
</records><thingDef>VFES_Gun_DoubleBarreledShotgun</thingDef></li><li><records>
AACRQw==
</records><thingDef>VFES_Gun_HuntingRifle</thingDef></li><li><records>
AIDFQw==
</records><thingDef>VFES_Weapon_GrenadeDynamite</thingDef></li><li><records>
Ctf7Qg==
</records><thingDef>VFES_Tomahawk</thingDef></li><li><records>
rkfZQg==
</records><thingDef>VAEA_Apparel_Backpack</thingDef></li><li><records>
PQpfQg==
</records><thingDef>VAEA_Apparel_BattleBanner</thingDef></li><li><records>
ZmaeQg==
</records><thingDef>VAEA_Apparel_MedicBag</thingDef></li><li><records>
cD0KQQ==
</records><thingDef>VAEA_Apparel_Quiver</thingDef></li><li><records>
mpnHQg==
</records><thingDef>VAEA_Apparel_ToolBelt</thingDef></li><li><records>
mpnTQg==
</records><thingDef>VAEA_Apparel_AmmoPack</thingDef></li><li><records>
PQrzQg==
</records><thingDef>VAEA_Apparel_ExplosiveBelt</thingDef></li><li><records>
AADDQw==
</records><thingDef>VAEA_Apparel_RangedShieldBelt</thingDef></li><li><records>
AIDURA==
</records><thingDef>VAEA_Apparel_RessurectorBelt</thingDef></li><li><records>
rkfpQg==
</records><thingDef>VAEA_Apparel_MiniTurretPack</thingDef></li><li><records>
AAAnQw==
</records><thingDef>VPE_Eltex</thingDef></li><li><records>
AAD6Qw==
</records><thingDef>VPE_Apparel_EltexMask</thingDef></li><li><records>
AABIRA==
</records><thingDef>VPE_Apparel_EltexCape</thingDef></li><li><records>
AABSRA==
</records><thingDef>VPE_Apparel_PlateArmorPrestige</thingDef></li><li><records>
AACWRA==
</records><thingDef>VPE_Psyring</thingDef></li><li><records>
AAAWQw==
</records><thingDef>VPE_SteelConstruct</thingDef></li><li><records>
AAAWQw==
</records><thingDef>VPE_RockConstruct</thingDef></li><li><records>
AAAWQw==
</records><thingDef>VPE_SummonedSkeleton</thingDef></li><li><records>
AMA3RA==
</records><thingDef>VPE_MeleeWeapon_EltexDagger</thingDef></li><li><records>
AABIRA==
</records><thingDef>VPE_MeleeWeapon_EltexMace</thingDef></li><li><records>
AIBPRA==
</records><thingDef>VPE_MeleeWeapon_EltexSword</thingDef></li><li><records>
AAC0Qw==
</records><thingDef>AM_BanquetTable</thingDef></li><li><records>
j8K5Qg==
</records><thingDef>AM_CubicBed</thingDef></li><li><records>
ZmYvQw==
</records><thingDef>AM_DoubleCubicBed</thingDef></li><li><records>
AADIQw==
</records><thingDef>AM_CubicHospitalBed</thingDef></li><li><records>
j8K5Qg==
</records><thingDef>AM_HoraxianBed</thingDef></li><li><records>
ZmYvQw==
</records><thingDef>AM_DoubleHoraxianBed</thingDef></li><li><records>
AABNQw==
</records><thingDef>AM_CubicSlab_Medium</thingDef></li><li><records>
AICYQw==
</records><thingDef>AM_CubicSlab_Broad</thingDef></li><li><records>
AABNQw==
</records><thingDef>AM_FleshSlab_Medium</thingDef></li><li><records>
AICYQw==
</records><thingDef>AM_FleshSlab_Broad</thingDef></li><li><records>
AABNQw==
</records><thingDef>AM_HoraxianSlab_Medium</thingDef></li><li><records>
AICYQw==
</records><thingDef>AM_HoraxianSlab_Broad</thingDef></li><li><records>
AAA0RQ==
</records><thingDef>AM_Pyramid</thingDef></li><li><records>
AMCFRA==
</records><thingDef>AM_GrandGate</thingDef></li><li><records>
AMBQRA==
</records><thingDef>AM_FuturisticObelisk</thingDef></li><li><records>
AMBQRA==
</records><thingDef>AM_FuturisticStele</thingDef></li><li><records>
ALCLRg==
</records><thingDef>AM_FuturisticPyramid</thingDef></li><li><records>
AOCXRg==
</records><thingDef>AM_GreatPyramid</thingDef></li><li><records>
AOAXRg==
</records><thingDef>AM_Sphynx</thingDef></li><li><records>
AECSRA==
</records><thingDef>AM_Megalith</thingDef></li><li><records>
zcy+Qg==
</records><thingDef>AM_StoneBedroll</thingDef></li><li><records>
MzMxQw==
</records><thingDef>AM_DoubleStoneBedroll</thingDef></li><li><records>
H4V7Qg==
</records><thingDef>AM_AncientBed</thingDef></li><li><records>
ZmYRQw==
</records><thingDef>AM_AncientDoubleBed</thingDef></li><li><records>
AADDQw==
</records><thingDef>AM_AncientOperatingTable</thingDef></li><li><records>
AAB/Qw==
</records><thingDef>AM_AncientLockerBank</thingDef></li><li><records>
zcxqQg==
</records><thingDef>AM_Neolithic_StoneTable_1x2c</thingDef></li><li><records>
zczSQg==
</records><thingDef>AM_Neolithic_StoneTable_2x2c</thingDef></li><li><records>
AABIQw==
</records><thingDef>AM_Neolithic_StoneTable_2x4c</thingDef></li><li><records>
AABSQw==
</records><thingDef>AM_Neolithic_StoneTable_3x3c</thingDef></li><li><records>
zcxqQg==
</records><thingDef>AM_Neolithic_WoodenTable_1x2c</thingDef></li><li><records>
zczSQg==
</records><thingDef>AM_Neolithic_WoodenTable_2x2c</thingDef></li><li><records>
AABIQw==
</records><thingDef>AM_Neolithic_WoodenTable_2x4c</thingDef></li><li><records>
AABSQw==
</records><thingDef>AM_Neolithic_WoodenTable_3x3c</thingDef></li><li><records>
ZmaGQg==
</records><thingDef>AM_TrapBlunt</thingDef></li><li><records>
MzO5Qg==
</records><thingDef>AM_AnimalDatabase</thingDef></li><li><records>
ZmbCQQ==
</records><thingDef>AM_Apparel_Eyepatch</thingDef></li><li><records>
AABNQw==
</records><thingDef>AM_JewishSlab_Medium</thingDef></li><li><records>
AICYQw==
</records><thingDef>AM_JewishSlab_Broad</thingDef></li><li><records>
AABNQw==
</records><thingDef>AM_KemeticSlab_Medium</thingDef></li><li><records>
AICYQw==
</records><thingDef>AM_KemeticSlab_Broad</thingDef></li><li><records>
AABNQw==
</records><thingDef>AM_HinduSlab_Medium</thingDef></li><li><records>
AICYQw==
</records><thingDef>AM_HinduSlab_Broad</thingDef></li><li><records>
AABNQw==
</records><thingDef>AM_SteampunkSlab_Medium</thingDef></li><li><records>
AICYQw==
</records><thingDef>AM_SteampunkSlab_Broad</thingDef></li><li><records>
AABNQw==
</records><thingDef>AM_CorsairSlab_Medium</thingDef></li><li><records>
AICYQw==
</records><thingDef>AM_CorsairSlab_Broad</thingDef></li><li><records>
AABNQw==
</records><thingDef>AM_JainSlab_Medium</thingDef></li><li><records>
AICYQw==
</records><thingDef>AM_JainSlab_Broad</thingDef></li><li><records>
AABNQw==
</records><thingDef>AM_SikhSlab_Medium</thingDef></li><li><records>
AICYQw==
</records><thingDef>AM_SikhSlab_Broad</thingDef></li><li><records>
AABNQw==
</records><thingDef>AM_IslamicSlab_Medium</thingDef></li><li><records>
AICYQw==
</records><thingDef>AM_IslamicSlab_Broad</thingDef></li><li><records>
AABNQw==
</records><thingDef>AM_ChristianSlab_Medium</thingDef></li><li><records>
AICYQw==
</records><thingDef>AM_ChristianSlab_Broad</thingDef></li><li><records>
AABNQw==
</records><thingDef>AM_BuddhistSlab_Medium</thingDef></li><li><records>
AICYQw==
</records><thingDef>AM_BuddhistSlab_Broad</thingDef></li><li><records>
AAB6Qw==
</records><thingDef>AM_UnshackledDryad</thingDef></li><li><records>
AICTQw==
</records><thingDef>AM_RumBurialSpot</thingDef></li><li><records>
H4WrQg==
</records><thingDef>AM_SkyBurialSpot</thingDef></li><li><records>
MzMnQg==
</records><thingDef>AM_Urn</thingDef></li><li><records>
AADsQg==
</records><thingDef>AM_MummyMale</thingDef></li><li><records>
AADsQg==
</records><thingDef>AM_MummyFemale</thingDef></li><li><records>
AABwQQ==
</records><thingDef>AM_CorpseRumBasic</thingDef></li><li><records>
AABIQg==
</records><thingDef>AM_CorpseRumFine</thingDef></li><li><records>
AAAWQw==
</records><thingDef>AA_BlackScarab_Temporary</thingDef></li><li><records>
AAB6Qw==
</records><thingDef>AA_BlackSpelopede_Temporary</thingDef></li><li><records>
AIAJRA==
</records><thingDef>AA_BlackSpider_Temporary</thingDef></li><li><records>
AAAWRA==
</records><thingDef>AA_MammothWorm_Temporary</thingDef></li><li><records>
AAB6RA==
</records><thingDef>AA_BlackLarvae</thingDef></li><li><records>
AIC7RA==
</records><thingDef>AAVPE_BlackQueen</thingDef></li><li><records>
AIBURA==
</records><thingDef>AA_OcularOriginator</thingDef></li><li><records>
AADIQg==
</records><thingDef>AA_Summoned_Eyeling</thingDef></li><li><records>
AABIQg==
</records><thingDef>AA_DarkGlowPod</thingDef></li><li><records>
AAAgRA==
</records><thingDef>AA_BlueGelBattery</thingDef></li><li><records>
AKC+RA==
</records><thingDef>AA_HexaGelBattery</thingDef></li><li><records>
AADIQg==
</records><thingDef>AA_MutantLeg</thingDef></li><li><records>
AADIQg==
</records><thingDef>AA_MutantArm</thingDef></li><li><records>
AADIQg==
</records><thingDef>AA_MutantEye</thingDef></li><li><records>
AADIQg==
</records><thingDef>AA_TheOmniscientEye</thingDef></li><li><records>
AADIQg==
</records><thingDef>AA_TheRecalcitrantEye</thingDef></li><li><records>
AADIQg==
</records><thingDef>AA_TheQuiescentEye</thingDef></li><li><records>
AADIQg==
</records><thingDef>AA_TheNumbingEye</thingDef></li><li><records>
AADIQg==
</records><thingDef>AA_TheSpasmodicEye</thingDef></li><li><records>
AADIQg==
</records><thingDef>AA_TheMeretriciousEye</thingDef></li><li><records>
AADIQg==
</records><thingDef>AA_TheHeuristicEye</thingDef></li><li><records>
AAAQQQ==
</records><thingDef>AA_IronhuskEggUnfertilized</thingDef></li><li><records>
AAAQQQ==
</records><thingDef>AA_MammothWormEggUnfertilized</thingDef></li><li><records>
AAAQQQ==
</records><thingDef>AA_CrepuscularBeetleEggUnfertilized</thingDef></li><li><records>
AAAQQQ==
</records><thingDef>AA_GreatDevourerEggUnfertilized</thingDef></li><li><records>
AAAQQQ==
</records><thingDef>AA_MegalouseEggUnfertilized</thingDef></li><li><records>
AAAQQQ==
</records><thingDef>AA_BedBugEggUnfertilized</thingDef></li><li><records>
AAAQQQ==
</records><thingDef>AA_AnimaliskEggFertilized</thingDef></li><li><records>
AAAQQQ==
</records><thingDef>AA_FeraliskEggUnfertilized</thingDef></li><li><records>
AADIQg==
</records><thingDef>AA_EggNightlingFertilized</thingDef></li><li><records>
AABwQQ==
</records><thingDef>AA_EggNightlingUnfertilized</thingDef></li><li><records>
AACYQQ==
</records><thingDef>AA_EggMeadowAveFertilized</thingDef></li><li><records>
AABwQQ==
</records><thingDef>AA_EggMeadowAveUnfertilized</thingDef></li><li><records>
AACYQQ==
</records><thingDef>AA_EggDesertAveFertilized</thingDef></li><li><records>
AAAMQg==
</records><thingDef>AA_EggNightAveFertilized</thingDef></li><li><records>
AAAHQw==
</records><thingDef>AA_EggRoyalAveFertilized</thingDef></li><li><records>
AAAgQQ==
</records><thingDef>AA_EggRoughPlatedMonitorFertilized</thingDef></li><li><records>
AAAAPw==
</records><thingDef>AA_AtispecEggFertilized</thingDef></li><li><records>
AAAAPw==
</records><thingDef>AA_AtispecEggUnfertilized</thingDef></li><li><records>
AAAAPw==
</records><thingDef>AA_AngelMothEggFertilized</thingDef></li><li><records>
AAAAPw==
</records><thingDef>AA_ButterflyEggUnfertilized</thingDef></li><li><records>
AAAAPw==
</records><thingDef>AA_DrainerEggFertilized</thingDef></li><li><records>
AADgQA==
</records><thingDef>AA_FireWaspEggFertilized</thingDef></li><li><records>
AADgQA==
</records><thingDef>AA_FireWaspEggUnfertilized</thingDef></li><li><records>
AAAgQQ==
</records><thingDef>AA_EggFlamingoPhoenixFertilized</thingDef></li><li><records>
AAAQQQ==
</records><thingDef>AA_EggCrescendoAnoleFertilized</thingDef></li><li><records>
AADgQA==
</records><thingDef>AA_EggCrescendoAnoleUnfertilized</thingDef></li><li><records>
AAA0Qg==
</records><thingDef>AA_EggPedigreedRaptorFertilized</thingDef></li><li><records>
AABwQQ==
</records><thingDef>AA_EggPedigreedRaptorUnfertilized</thingDef></li><li><records>
AAAAPw==
</records><thingDef>AA_EmpressButterflyEggFertilized</thingDef></li><li><records>
AAAQQQ==
</records><thingDef>AA_EggGiantCrownedSilkieUnfertilized</thingDef></li><li><records>
AAAQQQ==
</records><thingDef>AA_EggGiantCrownedSilkieFertilized</thingDef></li><li><records>
AAAAQA==
</records><thingDef>AA_AerofleetMeat</thingDef></li><li><records>
AAAAQA==
</records><thingDef>AA_OcularJellyMeat</thingDef></li><li><records>
AAAAPw==
</records><thingDef>AB_RawRedSlime</thingDef></li><li><records>
zcyMPw==
</records><thingDef>AA_CactusMeat</thingDef></li><li><records>
AAAQQQ==
</records><thingDef>AA_BlackInsectJelly</thingDef></li><li><records>
AAAgQQ==
</records><thingDef>AA_CactipineQuill</thingDef></li><li><records>
AACQQA==
</records><thingDef>AA_BlueMilk</thingDef></li><li><records>
MzODQA==
</records><thingDef>AA_GowMilk</thingDef></li><li><records>
AACAPw==
</records><thingDef>AA_DisgustingMealNutrientPaste</thingDef></li><li><records>
AACWRA==
</records><thingDef>AA_GallatrossHorn</thingDef></li><li><records>
mpmZPw==
</records><thingDef>GU_RedWood</thingDef></li><li><records>
AACgQA==
</records><thingDef>AA_SkySteel</thingDef></li><li><records>
AACCQg==
</records><thingDef>AA_UraniumCrystals</thingDef></li><li><records>
AACAPw==
</records><thingDef>AA_BlueGel</thingDef></li><li><records>
AADAQA==
</records><thingDef>AA_Hexagel</thingDef></li><li><records>
AAAoQg==
</records><thingDef>AA_HexagelCore</thingDef></li><li><records>
mpm5Pw==
</records><thingDef>AA_AgariluxRawFungus</thingDef></li><li><records>
mpm5Pw==
</records><thingDef>AA_RottingMoundItem</thingDef></li><li><records>
AABIQg==
</records><thingDef>AA_HugeAnimaPearl</thingDef></li><li><records>
AACQQA==
</records><thingDef>AA_NightMilk</thingDef></li><li><records>
AACwQA==
</records><thingDef>AA_BlackTruffles</thingDef></li><li><records>
ZmbGQA==
</records><thingDef>AA_Leather_Behemoth</thingDef></li><li><records>
AABAQA==
</records><thingDef>AA_Leather_Aerofleet</thingDef></li><li><records>
MzNzQA==
</records><thingDef>AA_ArcticLion_Leather</thingDef></li><li><records>
MzNzQA==
</records><thingDef>AA_SandLion_Leather</thingDef></li><li><records>
AABAQA==
</records><thingDef>Leather_Chitin</thingDef></li><li><records>
AABAQA==
</records><thingDef>Leather_IronChitin</thingDef></li><li><records>
ZmaGQA==
</records><thingDef>Leather_RaptorPlates</thingDef></li><li><records>
MzNzQA==
</records><thingDef>Leather_Cactus</thingDef></li><li><records>
ZmaGQA==
</records><thingDef>Leather_BlackChitin</thingDef></li><li><records>
AACAQQ==
</records><thingDef>Leather_Gallatross</thingDef></li><li><records>
AABgQA==
</records><thingDef>Leather_Night</thingDef></li><li><records>
zcwsQA==
</records><thingDef>AA_ChameleonYakWoolTemperate</thingDef></li><li><records>
zcwsQA==
</records><thingDef>AA_ChameleonYakWoolWinter</thingDef></li><li><records>
zcwsQA==
</records><thingDef>AA_ChameleonYakWoolJungle</thingDef></li><li><records>
zcwsQA==
</records><thingDef>AA_ChameleonYakWoolDesert</thingDef></li><li><records>
AACAQA==
</records><thingDef>AA_CinderSilk</thingDef></li><li><records>
AACwQA==
</records><thingDef>AA_MothSilk</thingDef></li><li><records>
AACAQA==
</records><thingDef>AA_GiantCrownedSilkieSilk</thingDef></li><li><records>
zcwsQA==
</records><thingDef>AA_GreyCoatedMouflonWool</thingDef></li><li><records>
zcwsQA==
</records><thingDef>AA_NightWool</thingDef></li><li><records>
AAAWQw==
</records><thingDef>AA_AcanthamoebaGiganteaSmall</thingDef></li><li><records>
AACvQw==
</records><thingDef>AA_AcanthamoebaGiganteaLarge</thingDef></li><li><records>
AAAvRA==
</records><thingDef>AA_AcanthamoebaGiganteaHuge</thingDef></li><li><records>
AADwQg==
</records><thingDef>AA_Aerofleet</thingDef></li><li><records>
AADIQw==
</records><thingDef>AA_ColossalAerofleet</thingDef></li><li><records>
AABIQw==
</records><thingDef>AA_Agaripawn</thingDef></li><li><records>
AADhQw==
</records><thingDef>AA_Agaripod</thingDef></li><li><records>
AABwQQ==
</records><thingDef>AA_AngelMothLarva</thingDef></li><li><records>
AADhQw==
</records><thingDef>AA_AngelMoth</thingDef></li><li><records>
AIAiRA==
</records><thingDef>AA_AnimaColossus</thingDef></li><li><records>
AAD6Qw==
</records><thingDef>AA_Animalisk</thingDef></li><li><records>
AACWQw==
</records><thingDef>AA_AnimusVox</thingDef></li><li><records>
AAAWRA==
</records><thingDef>AA_ArcticLion</thingDef></li><li><records>
AABwQQ==
</records><thingDef>AA_LarvalAtispec</thingDef></li><li><records>
AACWRA==
</records><thingDef>AA_Atispec</thingDef></li><li><records>
AAB6Qw==
</records><thingDef>AA_AuroraSylph</thingDef></li><li><records>
AAD6Qw==
</records><thingDef>AA_Barbslinger</thingDef></li><li><records>
AADIQg==
</records><thingDef>AA_BedBug</thingDef></li><li><records>
AFBDRw==
</records><thingDef>AA_Behemoth</thingDef></li><li><records>
AAAWQw==
</records><thingDef>AA_BlackScarab</thingDef></li><li><records>
AAB6Qw==
</records><thingDef>AA_BlackSpelopede</thingDef></li><li><records>
AIAJRA==
</records><thingDef>AA_BlackSpider</thingDef></li><li><records>
AAD6Qw==
</records><thingDef>AA_Blizzarisk</thingDef></li><li><records>
AABhRA==
</records><thingDef>AA_BlizzariskClutchMother</thingDef></li><li><records>
AADhQw==
</records><thingDef>AA_BloodShrimp</thingDef></li><li><records>
AIAJRA==
</records><thingDef>AA_Bobeene</thingDef></li><li><records>
AACvQw==
</records><thingDef>AA_BoulderMit</thingDef></li><li><records>
AIC7RA==
</records><thingDef>AA_SummitCrab</thingDef></li><li><records>
AACvQw==
</records><thingDef>AA_Bumbledrone</thingDef></li><li><records>
AACvQw==
</records><thingDef>AA_BumbledroneHierophant</thingDef></li><li><records>
AADhQw==
</records><thingDef>AA_BumbledroneQueen</thingDef></li><li><records>
AADIQg==
</records><thingDef>AA_Cactipine</thingDef></li><li><records>
AACvQw==
</records><thingDef>AA_ChameleonYak</thingDef></li><li><records>
AADhQw==
</records><thingDef>AA_ChemfuelMyrmidon</thingDef></li><li><records>
AMAPRA==
</records><thingDef>AA_Cinderlisk</thingDef></li><li><records>
AAAWRA==
</records><thingDef>AA_CrepuscularBeetle</thingDef></li><li><records>
AADhQw==
</records><thingDef>AA_CrescendoAnole</thingDef></li><li><records>
AAB6Qw==
</records><thingDef>AA_CrystalMit</thingDef></li><li><records>
AAB6RA==
</records><thingDef>AA_CrystallineCaracal</thingDef></li><li><records>
AABIQw==
</records><thingDef>AA_DarkVandal</thingDef></li><li><records>
AIA7RA==
</records><thingDef>AA_Darkbeast</thingDef></li><li><records>
AACvQw==
</records><thingDef>AA_DecayDrake</thingDef></li><li><records>
AADIQw==
</records><thingDef>AA_DesertAve</thingDef></li><li><records>
AABIRA==
</records><thingDef>AA_DevilSheep</thingDef></li><li><records>
AABwQQ==
</records><thingDef>AA_DrainerLarva</thingDef></li><li><records>
AAB6Qw==
</records><thingDef>AA_Drainer</thingDef></li><li><records>
AAD6Qw==
</records><thingDef>AA_Dunealisk</thingDef></li><li><records>
AABhRA==
</records><thingDef>AA_DunealiskClutchMother</thingDef></li><li><records>
AIA7RA==
</records><thingDef>AA_DuskProwler</thingDef></li><li><records>
AAAMQg==
</records><thingDef>AA_DuskRat</thingDef></li><li><records>
AABIQg==
</records><thingDef>AA_EmpressButterflyLarva</thingDef></li><li><records>
AIAiRA==
</records><thingDef>AA_EmpressButterfly</thingDef></li><li><records>
AIAJRA==
</records><thingDef>AA_EngorgedTentacularAberration</thingDef></li><li><records>
AIAJRA==
</records><thingDef>AA_Erin</thingDef></li><li><records>
AADIQg==
</records><thingDef>AA_Eyeling</thingDef></li><li><records>
AAD6Qw==
</records><thingDef>AA_Feralisk</thingDef></li><li><records>
AABhRA==
</records><thingDef>AA_FeraliskClutchMother</thingDef></li><li><records>
AACvQw==
</records><thingDef>AA_FireWasp</thingDef></li><li><records>
AAAMQg==
</records><thingDef>AA_FissionMouse</thingDef></li><li><records>
AAAMQg==
</records><thingDef>AA_FissionMouseSecond</thingDef></li><li><records>
AAAMQg==
</records><thingDef>AA_FissionMouseThird</thingDef></li><li><records>
AABIQw==
</records><thingDef>AA_FlamingoPhoenix</thingDef></li><li><records>
AADIQw==
</records><thingDef>AA_FrostAve</thingDef></li><li><records>
AIC7Qw==
</records><thingDef>AA_FrostLynx</thingDef></li><li><records>
AADwQg==
</records><thingDef>AA_Frostmite</thingDef></li><li><records>
AAAWRA==
</records><thingDef>AA_FrostboundBehemoth</thingDef></li><li><records>
AIA7RA==
</records><thingDef>AA_Frostling</thingDef></li><li><records>
AAAWQw==
</records><thingDef>AA_FungalHusk</thingDef></li><li><records>
AEAcRg==
</records><thingDef>AA_Gallatross</thingDef></li><li><records>
AGDqRQ==
</records><thingDef>AA_GallatrossMoribund</thingDef></li><li><records>
AIC7Qw==
</records><thingDef>AA_Genix</thingDef></li><li><records>
AADIQw==
</records><thingDef>AA_GiantCrownedSilkie</thingDef></li><li><records>
AACvQw==
</records><thingDef>AA_Gigantelope</thingDef></li><li><records>
AADIQw==
</records><thingDef>AA_GreatDevourer</thingDef></li><li><records>
AAD6Qg==
</records><thingDef>AA_GreenGoo</thingDef></li><li><records>
AIAiRA==
</records><thingDef>AA_GreyCoatedMouflon</thingDef></li><li><records>
AAB6Qw==
</records><thingDef>AA_Groundrunner</thingDef></li><li><records>
AIA7RA==
</records><thingDef>AA_Helixien</thingDef></li><li><records>
AAA0Qw==
</records><thingDef>AA_InfectedAerofleet</thingDef></li><li><records>
AIA7RA==
</records><thingDef>AA_IronhuskBeetle</thingDef></li><li><records>
AAD6Qw==
</records><thingDef>AA_Junglelisk</thingDef></li><li><records>
AIAJRA==
</records><thingDef>AA_Lockjaw</thingDef></li><li><records>
AACgQA==
</records><thingDef>AA_Locusts</thingDef></li><li><records>
AAB6RA==
</records><thingDef>AA_LuciferBug</thingDef></li><li><records>
AAAWRA==
</records><thingDef>AA_MammothWorm</thingDef></li><li><records>
AADhQw==
</records><thingDef>AA_Mantrap</thingDef></li><li><records>
AIAJRA==
</records><thingDef>AA_MatureFleshbeast</thingDef></li><li><records>
AADIQw==
</records><thingDef>AA_MeadowAve</thingDef></li><li><records>
AADIQw==
</records><thingDef>AA_MegaLouse</thingDef></li><li><records>
AAAWQw==
</records><thingDef>AA_Metallovore</thingDef></li><li><records>
AAB6RA==
</records><thingDef>AA_Mime</thingDef></li><li><records>
AAAMQg==
</records><thingDef>AA_Murkling</thingDef></li><li><records>
AIAJRA==
</records><thingDef>AA_MycoidColossus</thingDef></li><li><records>
AIAdRA==
</records><thingDef>AA_Needlepost</thingDef></li><li><records>
AAB6Qw==
</records><thingDef>AA_Needleroll</thingDef></li><li><records>
AACvQw==
</records><thingDef>AA_NightMule</thingDef></li><li><records>
AADIQw==
</records><thingDef>AA_NightAve</thingDef></li><li><records>
AIA7RA==
</records><thingDef>AA_Nightling</thingDef></li><li><records>
AIAJRA==
</records><thingDef>AA_NightRam</thingDef></li><li><records>
AAB6Qw==
</records><thingDef>AA_OcularJelly</thingDef></li><li><records>
AIA7RA==
</records><thingDef>AA_OcularNightling</thingDef></li><li><records>
AIAJRA==
</records><thingDef>AA_OvergrownColossus</thingDef></li><li><records>
AAB6Qw==
</records><thingDef>AA_PebbleMit</thingDef></li><li><records>
AECDRA==
</records><thingDef>AA_PedigreedRaptor</thingDef></li><li><records>
AAB6Qw==
</records><thingDef>AA_PhoenixOwlcat</thingDef></li><li><records>
AAAWQw==
</records><thingDef>AA_Plasmorph</thingDef></li><li><records>
AEAcRQ==
</records><thingDef>AA_Radyak</thingDef></li><li><records>
AIA7RA==
</records><thingDef>AA_RaptorShrimp</thingDef></li><li><records>
AAAWQw==
</records><thingDef>AA_Ravager</thingDef></li><li><records>
AADhQw==
</records><thingDef>AA_RayHound</thingDef></li><li><records>
AACvQw==
</records><thingDef>AA_Razorjack</thingDef></li><li><records>
AAAWQw==
</records><thingDef>AA_RedGoo</thingDef></li><li><records>
AAB6Qw==
</records><thingDef>AA_RedSpore</thingDef></li><li><records>
AIAJRA==
</records><thingDef>AA_RipperHound</thingDef></li><li><records>
AACvQw==
</records><thingDef>AA_RoughPlatedMonitor</thingDef></li><li><records>
AIA7RA==
</records><thingDef>AA_RoyalAve</thingDef></li><li><records>
AAAWRA==
</records><thingDef>AA_SandLion</thingDef></li><li><records>
AADhQw==
</records><thingDef>AA_SandProwler</thingDef></li><li><records>
AACvQw==
</records><thingDef>AA_SandSquid</thingDef></li><li><records>
AIAJRA==
</records><thingDef>AA_ShadowCharger</thingDef></li><li><records>
AACvQw==
</records><thingDef>AA_ShockGoat</thingDef></li><li><records>
AIA7RA==
</records><thingDef>AA_Skiphound</thingDef></li><li><records>
AAAWQw==
</records><thingDef>AA_Skyeel</thingDef></li><li><records>
AIAiRA==
</records><thingDef>AA_Slurrypede</thingDef></li><li><records>
AACgQA==
</records><thingDef>AA_SmallButterfly</thingDef></li><li><records>
AACvQw==
</records><thingDef>AA_SpinedGow</thingDef></li><li><records>
AAAMQg==
</records><thingDef>AA_Swarmling</thingDef></li><li><records>
AAAWQw==
</records><thingDef>AA_TarGuzzler</thingDef></li><li><records>
AIBURA==
</records><thingDef>AA_TeratogenicOriginator</thingDef></li><li><records>
AAB6Qw==
</records><thingDef>AA_Terramorph</thingDef></li><li><records>
AAB6RQ==
</records><thingDef>AA_TetraSlug</thingDef></li><li><records>
AIAiRA==
</records><thingDef>AA_Thermadon</thingDef></li><li><records>
AIA7RA==
</records><thingDef>AA_Thunderbeast</thingDef></li><li><records>
AACvQw==
</records><thingDef>AA_Thunderox</thingDef></li><li><records>
AACWRA==
</records><thingDef>AA_UnblinkingEye</thingDef></li><li><records>
AABIQw==
</records><thingDef>AA_Wildpawn</thingDef></li><li><records>
AADIQw==
</records><thingDef>AA_Wildpod</thingDef></li><li><records>
AIA7RA==
</records><thingDef>AA_WindBeast</thingDef></li><li><records>
16OYQg==
</records><thingDef>Conga</thingDef></li><li><records>
16OOQg==
</records><thingDef>Ogolupe</thingDef></li><li><records>
16OOQg==
</records><thingDef>Ranat</thingDef></li><li><records>
16MAQw==
</records><thingDef>TCS_ConversionStaff</thingDef></li><li><records>
AAAKQw==
</records><thingDef>FuneralPyre</thingDef></li><li><records>
AAB6RQ==
</records><thingDef>HVT_PersonalityNeuroformatter</thingDef></li><li><records>
AADIQw==
</records><thingDef>AG_RuinedHospitalBed</thingDef></li><li><records>
zcxsQA==
</records><thingDef>AG_AncientShelf</thingDef></li><li><records>
AABXQw==
</records><thingDef>AG_ForsakenForge</thingDef></li><li><records>
AADIQg==
</records><thingDef>AG_Alphapack</thingDef></li><li><records>
AADIQg==
</records><thingDef>AG_Mixedpack</thingDef></li><li><records>
AADIQg==
</records><thingDef>AG_GeneRemover</thingDef></li><li><records>
AADIQg==
</records><thingDef>AG_Endogenefier</thingDef></li><li><records>
AADIQg==
</records><thingDef>AG_Xenogenefier</thingDef></li><li><records>
AADIQg==
</records><thingDef>AG_XenotypeNullifier</thingDef></li><li><records>
AADIQg==
</records><thingDef>AG_XenotypeInjector</thingDef></li><li><records>
AADIQg==
</records><thingDef>AG_GermlineMutator</thingDef></li><li><records>
AADIQg==
</records><thingDef>AG_GenepackTweaker</thingDef></li><li><records>
AADIQg==
</records><thingDef>AG_GenepackDisruptor</thingDef></li><li><records>
AAD6Qw==
</records><thingDef>AG_ArchoGeneRemover</thingDef></li><li><records>
AAD6Qw==
</records><thingDef>AG_ArchoEndogenefier</thingDef></li><li><records>
AADIQg==
</records><thingDef>AG_ArchoXenogenefier</thingDef></li><li><records>
AADIQg==
</records><thingDef>AG_HumanEgg</thingDef></li><li><records>
AAAAQA==
</records><thingDef>AG_Ultima</thingDef></li><li><records>
AACbQw==
</records><thingDef>AG_Forsaken_Hood</thingDef></li><li><records>
ZuYrQw==
</records><thingDef>AG_Forsaken_Hood_Child</thingDef></li><li><records>
AMAoRA==
</records><thingDef>AG_ForsakenCloak</thingDef></li><li><records>
AIDUQw==
</records><thingDef>AG_ForsakenCloak_Child</thingDef></li><li><records>
AABNRA==
</records><thingDef>AG_ForsakenMarineHelmet</thingDef></li><li><records>
AABhRA==
</records><thingDef>AG_ForsakenMarineHelmetPsy</thingDef></li><li><records>
ALBbRQ==
</records><thingDef>AG_ForsakenMarineArmor</thingDef></li><li><records>
AODYRA==
</records><thingDef>AG_ForsakenSniper</thingDef></li><li><records>
AODdRA==
</records><thingDef>AG_ForsakenShotgun</thingDef></li><li><records>
ACDuRA==
</records><thingDef>AG_ForsakenAssaultRifle</thingDef></li><li><records>
AAB/RA==
</records><thingDef>AG_ForsakenLongBlade</thingDef></li><li><records>
AAB/RA==
</records><thingDef>AG_ForsakenBattleAxe</thingDef></li><li><records>
AAAMRA==
</records><thingDef>AG_ForsakenBulkSword</thingDef></li><li><records>
AABXQw==
</records><thingDef>AG_ForsakenSpear</thingDef></li><li><records>
Zmb6Qg==
</records><thingDef>AG_ForsakenBow</thingDef></li><li><records>
AMCPRA==
</records><thingDef>AG_ForsakenHydra</thingDef></li><li><records>
4XoSQw==
</records><thingDef>VWE_MeleeWeapon_HeavyClub</thingDef></li><li><records>
w/VUQg==
</records><thingDef>VWE_MeleeWeapon_LightClub</thingDef></li><li><records>
H4XTQg==
</records><thingDef>VWE_MeleeWeapon_TribalAxe</thingDef></li><li><records>
w/UsQg==
</records><thingDef>VWE_MeleeWeapon_Shiv</thingDef></li><li><records>
mpl5QQ==
</records><thingDef>VWE_Sling</thingDef></li><li><records>
H4VTQg==
</records><thingDef>VWE_Throwing_Shards</thingDef></li><li><records>
7FE8Qw==
</records><thingDef>VWE_Weapon_FireBomb</thingDef></li><li><records>
mpmZPw==
</records><thingDef>VCE_RawApple</thingDef></li><li><records>
mpmZPw==
</records><thingDef>VCE_RawPeach</thingDef></li><li><records>
mpmZPw==
</records><thingDef>VCE_RawCherry</thingDef></li><li><records>
mpmZPw==
</records><thingDef>VCE_RawPlum</thingDef></li><li><records>
MzOzPw==
</records><thingDef>VCE_RawPrunes</thingDef></li><li><records>
mpmZPw==
</records><thingDef>VCE_RawPear</thingDef></li><li><records>
mpmZPw==
</records><thingDef>VCE_RawPricklyPear</thingDef></li><li><records>
mpmZPw==
</records><thingDef>VCE_Bearberry</thingDef></li><li><records>
mpmZPw==
</records><thingDef>VCE_RawBanana</thingDef></li><li><records>
mpmZPw==
</records><thingDef>VCE_RawOrange</thingDef></li><li><records>
zcyMPw==
</records><thingDef>VCE_RawOnion</thingDef></li><li><records>
AADAPw==
</records><thingDef>VCE_RawPumpkin</thingDef></li><li><records>
zcyMPw==
</records><thingDef>VCE_RawPepper</thingDef></li><li><records>
zcyMPw==
</records><thingDef>VCE_RawPeas</thingDef></li><li><records>
zcyMPw==
</records><thingDef>VCE_RawEggplant</thingDef></li><li><records>
zcyMPw==
</records><thingDef>VCE_RawCabbage</thingDef></li><li><records>
zcyMPw==
</records><thingDef>VCE_RawBeets</thingDef></li><li><records>
zcyMPw==
</records><thingDef>VCE_RawTomatoes</thingDef></li><li><records>
SOEBQw==
</records><thingDef>VCE_ElectricPot</thingDef></li><li><records>
SGEpQw==
</records><thingDef>VCE_Grill</thingDef></li><li><records>
ZuZBQw==
</records><thingDef>VCE_DeepFrier</thingDef></li><li><records>
AABmQw==
</records><thingDef>VCE_CanningMachine</thingDef></li><li><records>
mpkbQw==
</records><thingDef>VCE_CondimentPrepTable</thingDef></li><li><records>
16NkQg==
</records><thingDef>VCE_CheesePress</thingDef></li><li><records>
AABwQQ==
</records><thingDef>VCE_SimpleBake</thingDef></li><li><records>
AACgQQ==
</records><thingDef>VCE_FineBake</thingDef></li><li><records>
AAAgQg==
</records><thingDef>VCE_LavishBake</thingDef></li><li><records>
AACMQg==
</records><thingDef>VCE_GourmetBake</thingDef></li><li><records>
AADAPw==
</records><thingDef>VCE_CannedProduce</thingDef></li><li><records>
AABgQA==
</records><thingDef>VCE_CannedAP</thingDef></li><li><records>
AAAAQA==
</records><thingDef>VCE_CannedFish</thingDef></li><li><records>
AAAgQQ==
</records><thingDef>VCE_Cheese</thingDef></li><li><records>
w/WoPw==
</records><thingDef>VCE_AgaveNectar</thingDef></li><li><records>
mplBQQ==
</records><thingDef>VCE_RawSugar</thingDef></li><li><records>
MzPTQA==
</records><thingDef>VCE_RawSpices</thingDef></li><li><records>
rkfhPw==
</records><thingDef>VCE_Salt</thingDef></li><li><records>
ZmZ2QA==
</records><thingDef>VCE_Mayo</thingDef></li><li><records>
zcwMQQ==
</records><thingDef>VCE_InsectJellyPreserves</thingDef></li><li><records>
AADgQA==
</records><thingDef>VCE_SmokeleafButter</thingDef></li><li><records>
MzNTQA==
</records><thingDef>VCE_ChocolateSyrup</thingDef></li><li><records>
AIC7RA==
</records><thingDef>VCE_DigestibleResurrectorNanites</thingDef></li><li><records>
AABwQQ==
</records><thingDef>VCE_SimpleDessert</thingDef></li><li><records>
AACgQQ==
</records><thingDef>VCE_FineDessert</thingDef></li><li><records>
AAAgQg==
</records><thingDef>VCE_LavishDessert</thingDef></li><li><records>
AACWQg==
</records><thingDef>VCE_GourmetDessert</thingDef></li><li><records>
AACMQg==
</records><thingDef>VCE_MealGourmet</thingDef></li><li><records>
AABwQQ==
</records><thingDef>VCE_SimpleGrill</thingDef></li><li><records>
AABgQQ==
</records><thingDef>VCE_RuinedSimpleGrill</thingDef></li><li><records>
AACgQQ==
</records><thingDef>VCE_FineGrill</thingDef></li><li><records>
AACQQQ==
</records><thingDef>VCE_RuinedFineGrill</thingDef></li><li><records>
AAAgQg==
</records><thingDef>VCE_LavishGrill</thingDef></li><li><records>
AAAMQg==
</records><thingDef>VCE_RuinedLavishGrill</thingDef></li><li><records>
AACWQg==
</records><thingDef>VCE_GourmetGrill</thingDef></li><li><records>
AABwQg==
</records><thingDef>VCE_RuinedGourmetGrill</thingDef></li><li><records>
MzPzPw==
</records><thingDef>VCE_Flour</thingDef></li><li><records>
AABAQQ==
</records><thingDef>VCE_CookedSoupSimple</thingDef></li><li><records>
AACgQQ==
</records><thingDef>VCE_CookedSoupFine</thingDef></li><li><records>
AAAgQg==
</records><thingDef>VCE_CookedSoupLavish</thingDef></li><li><records>
AACMQg==
</records><thingDef>VCE_CookedSoupGourmet</thingDef></li><li><records>
AADQQA==
</records><thingDef>VCEF_RawAnchovy</thingDef></li><li><records>
AAAAQQ==
</records><thingDef>VCEF_RawAngelfish</thingDef></li><li><records>
AADQQA==
</records><thingDef>VCEF_RawAnglerfish</thingDef></li><li><records>
AADQQA==
</records><thingDef>VCEF_RawClownfish</thingDef></li><li><records>
AADQQA==
</records><thingDef>VCEF_RawEel</thingDef></li><li><records>
AAAMQg==
</records><thingDef>VCEF_RawGoldfish</thingDef></li><li><records>
AADQQA==
</records><thingDef>VCEF_RawHaddock</thingDef></li><li><records>
AADQQA==
</records><thingDef>VCEF_RawHalibut</thingDef></li><li><records>
AADQQA==
</records><thingDef>VCEF_RawHerring</thingDef></li><li><records>
zcwMQA==
</records><thingDef>VCEF_RawKoi</thingDef></li><li><records>
AAAgQQ==
</records><thingDef>VCEF_RawLobster</thingDef></li><li><records>
AADQQA==
</records><thingDef>VCEF_RawMackerel</thingDef></li><li><records>
AADQQA==
</records><thingDef>VCEF_RawMinnow</thingDef></li><li><records>
AADQQA==
</records><thingDef>VCEF_RawPerch</thingDef></li><li><records>
AADQQA==
</records><thingDef>VCEF_RawPufferfish</thingDef></li><li><records>
AADQQA==
</records><thingDef>VCEF_RawSprat</thingDef></li><li><records>
AADQQQ==
</records><thingDef>VCEF_RawSwordfish</thingDef></li><li><records>
AADQQA==
</records><thingDef>VCEF_RawTrout</thingDef></li><li><records>
MzMXQw==
</records><thingDef>VBE_WritersTable</thingDef></li><li><records>
AABNQw==
</records><thingDef>VBE_TypewritersTable</thingDef></li><li><records>
4XqcQQ==
</records><thingDef>VBE_Newspaper</thingDef></li><li><records>
zcwsQQ==
</records><thingDef>VME_TackleBox</thingDef></li><li><records>
mpnVQg==
</records><thingDef>VME_WickerMan</thingDef></li><li><records>
AAD6Qw==
</records><thingDef>VME_Bonfire</thingDef></li><li><records>
AADwQw==
</records><thingDef>VME_MechanoidEffigy</thingDef></li><li><records>
AABcQw==
</records><thingDef>VME_Obelisk</thingDef></li><li><records>
AABNQw==
</records><thingDef>VME_TaoistSlab_Medium</thingDef></li><li><records>
AICYQw==
</records><thingDef>VME_TaoistSlab_Broad</thingDef></li><li><records>
AABNQw==
</records><thingDef>VME_EsotericismSlab_Medium</thingDef></li><li><records>
AICYQw==
</records><thingDef>VME_EsotericismSlab_Broad</thingDef></li><li><records>
AABNQw==
</records><thingDef>VME_EldritchSlab_Medium</thingDef></li><li><records>
AICYQw==
</records><thingDef>VME_EldritchSlab_Broad</thingDef></li><li><records>
AABNQw==
</records><thingDef>VME_SerketistSlab_Medium</thingDef></li><li><records>
AICYQw==
</records><thingDef>VME_SerketistSlab_Broad</thingDef></li><li><records>
AADIQw==
</records><thingDef>VFE_LargeBattery</thingDef></li><li><records>
SOHaQg==
</records><thingDef>VFE_SmallBattery</thingDef></li><li><records>
AADhQw==
</records><thingDef>VFE_AdvancedBattery</thingDef></li><li><records>
AABcRA==
</records><thingDef>VFE_LargeAdvancedBattery</thingDef></li><li><records>
zcziQg==
</records><thingDef>VFE_PortableWoodFiredGenerator</thingDef></li><li><records>
ZmYRQw==
</records><thingDef>VFE_PortableChemfuelPoweredGenerator</thingDef></li><li><records>
AADIQw==
</records><thingDef>VFE_SmallVanometricPowerCell</thingDef></li><li><records>
AAAWRQ==
</records><thingDef>VFE_LargeVanometricPowerCell</thingDef></li><li><records>
AIBURQ==
</records><thingDef>VPE_ArchotechViolenceGenerator</thingDef></li><li><records>
AIA7RQ==
</records><thingDef>VFE_ArchotechSculpture</thingDef></li><li><records>
AACsQg==
</records><thingDef>VFE_Pottery</thingDef></li><li><records>
zcwkQw==
</records><thingDef>VFE_StatueSmall</thingDef></li><li><records>
AABNQw==
</records><thingDef>VFE_Carving</thingDef></li><li><records>
AACvQw==
</records><thingDef>VFE_StatueLarge</thingDef></li><li><records>
AMAoRA==
</records><thingDef>VFE_StatueGrand</thingDef></li><li><records>
AICdRA==
</records><thingDef>VFE_Monument</thingDef></li><li><records>
AMCURA==
</records><thingDef>VFE_Relief</thingDef></li><li><records>
AACHQw==
</records><thingDef>VFE_Pillar</thingDef></li><li><records>
AIDoQw==
</records><thingDef>VFE_Obelisk</thingDef></li><li><records>
AICEQw==
</records><thingDef>VFE_Plinth</thingDef></li><li><records>
AACsQg==
</records><thingDef>VFE_DecorativePlantPot</thingDef></li><li><records>
AACMQw==
</records><thingDef>HologramBase</thingDef></li><li><records>
zczcQg==
</records><thingDef>VFE_RugSmall</thingDef></li><li><records>
AICTQw==
</records><thingDef>VFE_RugLarge</thingDef></li><li><records>
AIAERA==
</records><thingDef>VFE_RugGrand</thingDef></li><li><records>
AABAQQ==
</records><thingDef>VBE_Cider</thingDef></li><li><records>
AAACQw==
</records><thingDef>VBE_LuciferiumPowder</thingDef></li><li><records>
AABwQg==
</records><thingDef>VBE_WakeUpPowder</thingDef></li><li><records>
AAC0Qg==
</records><thingDef>VBE_GoJuiceStock</thingDef></li><li><records>
AADXQw==
</records><thingDef>VBE_Bar</thingDef></li><li><records>
j8LdQg==
</records><thingDef>VBE_SodaFountain</thingDef></li><li><records>
AIAdRA==
</records><thingDef>VBE_AmbrandyDistillery</thingDef></li><li><records>
AIDZQw==
</records><thingDef>VBE_WhiskeyCask</thingDef></li><li><records>
MzNjQg==
</records><thingDef>VBE_TequilaBarrel</thingDef></li><li><records>
mplDQg==
</records><thingDef>VBE_VodkaDrum</thingDef></li><li><records>
cT3bQg==
</records><thingDef>VBE_GinStill</thingDef></li><li><records>
AAAWRA==
</records><thingDef>VBE_Ambrandy</thingDef></li><li><records>
AABAQQ==
</records><thingDef>VBE_Gin</thingDef></li><li><records>
AABwQQ==
</records><thingDef>VBE_Tequila</thingDef></li><li><records>
AAAAQQ==
</records><thingDef>VBE_Vodka</thingDef></li><li><records>
AADwQQ==
</records><thingDef>VBE_Whiskey</thingDef></li><li><records>
AABwQg==
</records><thingDef>VBE_DoubleWhiskey</thingDef></li><li><records>
AAAAQQ==
</records><thingDef>VBE_HotCoffee</thingDef></li><li><records>
AAAQQQ==
</records><thingDef>VBE_IceCoffee</thingDef></li><li><records>
AABQQQ==
</records><thingDef>VBE_EnergyDrink</thingDef></li><li><records>
mpmZPw==
</records><thingDef>VBE_Juice</thingDef></li><li><records>
AABAQQ==
</records><thingDef>VBE_Soda</thingDef></li><li><records>
AAAAQQ==
</records><thingDef>VBE_Tea</thingDef></li><li><records>
AABwQQ==
</records><thingDef>VBE_SimpleCocktail</thingDef></li><li><records>
AACgQQ==
</records><thingDef>VBE_FineCocktail</thingDef></li><li><records>
AAAgQg==
</records><thingDef>VBE_LavishCocktail</thingDef></li><li><records>
AACWQg==
</records><thingDef>VBE_GourmetCocktail</thingDef></li><li><records>
zcyMPw==
</records><thingDef>VBE_RawTobacco</thingDef></li><li><records>
AAAAQQ==
</records><thingDef>VBE_Cigarettes</thingDef></li><li><records>
AABwQg==
</records><thingDef>VBE_Cigars</thingDef></li><li><records>
AEA/RA==
</records><thingDef>VAE_Headgear_RoyalTrooperHelmet</thingDef></li><li><records>
ACDLRA==
</records><thingDef>VAE_Apparel_RoyalTrooperArmor</thingDef></li><li><records>
AICnRA==
</records><thingDef>VAE_Headgear_RoyalSiegeHelmet</thingDef></li><li><records>
AOCDRQ==
</records><thingDef>VAE_Apparel_RoyalSiegeArmor</thingDef></li><li><records>
w/X4Qg==
</records><thingDef>VAE_Footwear_PlateBoots</thingDef></li><li><records>
AADcQw==
</records><thingDef>VAE_Footwear_MarineBoots</thingDef></li><li><records>
MzPPQg==
</records><thingDef>VAE_Handwear_PlateGloves</thingDef></li><li><records>
AADcQw==
</records><thingDef>VAE_Handwear_MarineGloves</thingDef></li><li><records>
AABNQw==
</records><thingDef>VAE_Apparel_GhillieSuit</thingDef></li><li><records>
AAAMRA==
</records><thingDef>VAE_Apparel_HAZMATSuit</thingDef></li><li><records>
AAAoQw==
</records><thingDef>VAE_Apparel_Gambeson</thingDef></li><li><records>
Zmb8Qg==
</records><thingDef>VAE_Apparel_QuiltedVest</thingDef></li><li><records>
AICiQw==
</records><thingDef>VAE_Apparel_LightPlateArmor</thingDef></li><li><records>
mpnZQg==
</records><thingDef>VAE_Apparel_PlateShoulderpads</thingDef></li><li><records>
AABmQw==
</records><thingDef>VAE_Apparel_Chestplate</thingDef></li><li><records>
AAB6Qw==
</records><thingDef>VAE_Apparel_Chainmail</thingDef></li><li><records>
w/X4Qg==
</records><thingDef>VAE_Apparel_PlateHelmet</thingDef></li><li><records>
H4UrQw==
</records><thingDef>VAE_Apparel_WoodenArmor</thingDef></li><li><records>
ZmaYQg==
</records><thingDef>VAE_Headgear_StoneWarMask</thingDef></li><li><records>
AADIQw==
</records><thingDef>VAE_Apparel_RiotArmor</thingDef></li><li><records>
MzM9Qw==
</records><thingDef>VAE_Apparel_RiotHelmet</thingDef></li><li><records>
mpkkQw==
</records><thingDef>VAE_Apparel_Shield_Riot</thingDef></li><li><records>
AIDtQw==
</records><thingDef>VAE_Headgear_TrooperHelmet</thingDef></li><li><records>
AMCPRA==
</records><thingDef>VAE_Apparel_TrooperArmor</thingDef></li><li><records>
AAA5RA==
</records><thingDef>VAE_Headgear_HeavyMarineHelmet</thingDef></li><li><records>
AEBJRQ==
</records><thingDef>VAE_Apparel_HeavyMarineArmor</thingDef></li><li><records>
FK5nQg==
</records><thingDef>VAE_Headgear_Balaclava</thingDef></li><li><records>
Zma3Qg==
</records><thingDef>VAE_Headgear_GhillieHood</thingDef></li><li><records>
mpk4Qw==
</records><thingDef>VAE_Headgear_HAZMATMask</thingDef></li><li><records>
H4WDQg==
</records><thingDef>VAE_Footwear_Boots</thingDef></li><li><records>
rkeJQg==
</records><thingDef>VAE_Footwear_Shoes</thingDef></li><li><records>
ZmZWQg==
</records><thingDef>VAE_Handwear_Gloves</thingDef></li><li><records>
H4WrQg==
</records><thingDef>VAE_Apparel_CasualTShirt</thingDef></li><li><records>
uB4bQw==
</records><thingDef>VAE_Apparel_Hoodie</thingDef></li><li><records>
16OoQg==
</records><thingDef>VAE_Apparel_Shorts</thingDef></li><li><records>
exSqQg==
</records><thingDef>VAE_Apparel_Skirt</thingDef></li><li><records>
mpm1Qg==
</records><thingDef>VAE_Apparel_ShirtandTie</thingDef></li><li><records>
AABEQw==
</records><thingDef>VAE_Apparel_SuitJacket</thingDef></li><li><records>
XI/EQg==
</records><thingDef>VAE_Apparel_Trousers</thingDef></li><li><records>
hethQg==
</records><thingDef>VAE_Headgear_Fedora</thingDef></li><li><records>
CtfXQg==
</records><thingDef>VAE_Apparel_Overalls</thingDef></li><li><records>
H4W/Qg==
</records><thingDef>VAE_Apparel_FleeceShirt</thingDef></li><li><records>
rkftQg==
</records><thingDef>VAE_Apparel_Jeans</thingDef></li><li><records>
w/UEQw==
</records><thingDef>VAE_Apparel_ChefsUniform</thingDef></li><li><records>
AABhQw==
</records><thingDef>VAE_Apparel_MilitaryJacket</thingDef></li><li><records>
KVwTQw==
</records><thingDef>VAE_Apparel_MilitaryUniform</thingDef></li><li><records>
UriSQg==
</records><thingDef>VAE_Apparel_BuildersJacket</thingDef></li><li><records>
MzPfQg==
</records><thingDef>VAE_Apparel_DoctorScrubs</thingDef></li><li><records>
MzMRQw==
</records><thingDef>VAE_Apparel_LabCoat</thingDef></li><li><records>
16OAQg==
</records><thingDef>VAE_Apparel_TankTop</thingDef></li><li><records>
Ctf/Qg==
</records><thingDef>VAE_Apparel_SheriffShirt</thingDef></li><li><records>
hesnQw==
</records><thingDef>VAE_Apparel_Jumpsuit</thingDef></li><li><records>
H4WrQg==
</records><thingDef>VAE_Apparel_Tunic</thingDef></li><li><records>
H4WXQg==
</records><thingDef>VAE_Apparel_Blouse</thingDef></li><li><records>
4Xr0Qg==
</records><thingDef>VAE_Apparel_Apron</thingDef></li><li><records>
AABEQw==
</records><thingDef>VAE_Apparel_PeltCoat</thingDef></li><li><records>
w/WsQg==
</records><thingDef>VAE_Apparel_TribalPoncho</thingDef></li><li><records>
w/WsQg==
</records><thingDef>VAE_Apparel_TribalKilt</thingDef></li><li><records>
rkdZQg==
</records><thingDef>VAE_Headgear_Scarf</thingDef></li><li><records>
hes5Qg==
</records><thingDef>VAE_Headgear_Beret</thingDef></li><li><records>
MzPEQg==
</records><thingDef>VAE_Headgear_Hardhat</thingDef></li><li><records>
UriQQg==
</records><thingDef>VAE_Headgear_SurgicalMask</thingDef></li><li><records>
hes5Qg==
</records><thingDef>VAE_Headgear_BaseballCap</thingDef></li><li><records>
MzO7Qg==
</records><thingDef>VAE_Headgear_Sunglasses</thingDef></li><li><records>
zcy0QQ==
</records><thingDef>VAE_Headgear_Glasses</thingDef></li><li><records>
ZmaGQg==
</records><thingDef>VAE_Headgear_ChefsToque</thingDef></li><li><records>
AADAQQ==
</records><thingDef>AEXP_EggCrocodileUnfertilized</thingDef></li><li><records>
AADAQQ==
</records><thingDef>AEXP_EggCrocodileFertilized</thingDef></li><li><records>
AAAQQQ==
</records><thingDef>AEXP_EggPlatypusUnfertilized</thingDef></li><li><records>
AAAQQQ==
</records><thingDef>AEXP_EggPlatypusFertilized</thingDef></li><li><records>
AAAgQQ==
</records><thingDef>AEXP_EggDesertTortoiseUnfertilized</thingDef></li><li><records>
AADgQQ==
</records><thingDef>AEXP_EggDesertTortoiseFertilized</thingDef></li><li><records>
AABAQQ==
</records><thingDef>AEXP_EggGilaMonsterUnfertilized</thingDef></li><li><records>
AAAAQg==
</records><thingDef>AEXP_EggGilaMonsterFertilized</thingDef></li><li><records>
AADgQQ==
</records><thingDef>AEXP_EggRattlesnakeUnfertilized</thingDef></li><li><records>
AAAgQg==
</records><thingDef>AEXP_EggRattlesnakeFertilized</thingDef></li><li><records>
AAAQQQ==
</records><thingDef>AEXP_EggWildGooseUnfertilized</thingDef></li><li><records>
AAAwQQ==
</records><thingDef>AEXP_EggWildGooseFertilized</thingDef></li><li><records>
AAD6Qg==
</records><thingDef>AEXP_EggAnacondaUnfertilized</thingDef></li><li><records>
AAD6Qg==
</records><thingDef>AEXP_EggAnacondaFertilized</thingDef></li><li><records>
zcxMQA==
</records><thingDef>AEXP_Leather_Wildebeest</thingDef></li><li><records>
AAAQQQ==
</records><thingDef>AEXP_Leather_Platypus</thingDef></li><li><records>
ZmamQA==
</records><thingDef>AEXP_Leather_Lion</thingDef></li><li><records>
zcwsQA==
</records><thingDef>WoolCamel</thingDef></li><li><records>
AAAWQw==
</records><thingDef>AEXP_Coyote</thingDef></li><li><records>
AIAiRA==
</records><thingDef>AEXP_Giraffe</thingDef></li><li><records>
AAAWRA==
</records><thingDef>AEXP_Zebra</thingDef></li><li><records>
AACqQw==
</records><thingDef>AEXP_Wildebeest</thingDef></li><li><records>
AABIRA==
</records><thingDef>AEXP_Crocodile</thingDef></li><li><records>
AADIQw==
</records><thingDef>AEXP_Cheetah</thingDef></li><li><records>
AAAWQw==
</records><thingDef>AEXP_Boombat</thingDef></li><li><records>
AAB6Qw==
</records><thingDef>AEXP_Kangaroo</thingDef></li><li><records>
AACWQg==
</records><thingDef>AEXP_Koala</thingDef></li><li><records>
AADwQg==
</records><thingDef>AEXP_Platypus</thingDef></li><li><records>
AAAWQw==
</records><thingDef>AEXP_ArcticCoyote</thingDef></li><li><records>
AAAvRA==
</records><thingDef>AEXP_BlackBear</thingDef></li><li><records>
AABIQw==
</records><thingDef>AEXP_CatAbyssinian</thingDef></li><li><records>
AABIQw==
</records><thingDef>AEXP_CatBengal</thingDef></li><li><records>
AABIQw==
</records><thingDef>AEXP_CatBritishShorthair</thingDef></li><li><records>
AIA7RA==
</records><thingDef>AEXP_CatMaineCoon</thingDef></li><li><records>
AABIQw==
</records><thingDef>AEXP_CatMunchkin</thingDef></li><li><records>
AABIQw==
</records><thingDef>AEXP_CatNorwegianForest</thingDef></li><li><records>
AABIQw==
</records><thingDef>AEXP_CatPersian</thingDef></li><li><records>
AABIQw==
</records><thingDef>AEXP_CatSiamese</thingDef></li><li><records>
AABIQw==
</records><thingDef>AEXP_CatSomali</thingDef></li><li><records>
AABIQw==
</records><thingDef>AEXP_CatSphynx</thingDef></li><li><records>
AAA5Qw==
</records><thingDef>AEXP_Hyena</thingDef></li><li><records>
AAB6Qw==
</records><thingDef>AEXP_DesertTortoise</thingDef></li><li><records>
AACWRA==
</records><thingDef>AEXP_Lion</thingDef></li><li><records>
AABIQw==
</records><thingDef>AEXP_GilaMonster</thingDef></li><li><records>
AADIQg==
</records><thingDef>AEXP_Beagle</thingDef></li><li><records>
AAClQw==
</records><thingDef>AEXP_Chihuahua</thingDef></li><li><records>
AIAiRA==
</records><thingDef>AEXP_Corgi</thingDef></li><li><records>
AAAWQw==
</records><thingDef>AEXP_FrenchBulldog</thingDef></li><li><records>
AADhQw==
</records><thingDef>AEXP_GermanShepherd</thingDef></li><li><records>
AIAiRA==
</records><thingDef>AEXP_GreatDane</thingDef></li><li><records>
AAB6Qw==
</records><thingDef>AEXP_Poodle</thingDef></li><li><records>
AACWQw==
</records><thingDef>AEXP_Pug</thingDef></li><li><records>
AAB6Qw==
</records><thingDef>AEXP_Rottweiler</thingDef></li><li><records>
AACWQw==
</records><thingDef>AEXP_Shih-Tzu</thingDef></li><li><records>
AAB6Qw==
</records><thingDef>AEXP_WelshTerrier</thingDef></li><li><records>
AACgQw==
</records><thingDef>AEXP_Camel</thingDef></li><li><records>
AABIQw==
</records><thingDef>AEXP_Rattlesnake</thingDef></li><li><records>
AADIQg==
</records><thingDef>AEXP_Megascorpion</thingDef></li><li><records>
AAB6Qw==
</records><thingDef>AEXP_RedPanda</thingDef></li><li><records>
AACWQg==
</records><thingDef>AEXP_WildGoose</thingDef></li><li><records>
AADwQg==
</records><thingDef>AEXP_Beaver</thingDef></li><li><records>
AADIQQ==
</records><thingDef>AEXP_Hedgehog</thingDef></li><li><records>
AADIQw==
</records><thingDef>AEXP_Jaguar</thingDef></li><li><records>
AAAWQw==
</records><thingDef>AEXP_Lemur</thingDef></li><li><records>
AICJQw==
</records><thingDef>AEXP_Mandrill</thingDef></li><li><records>
AICJQw==
</records><thingDef>AEXP_Tapir</thingDef></li><li><records>
AMBBRA==
</records><thingDef>AEXP_Anaconda</thingDef></li><li><records>
AAAWRA==
</records><thingDef>AEXP_IndianElephant</thingDef></li><li><records>
AIBURA==
</records><thingDef>AEXP_MegaWolverine</thingDef></li><li><records>
AAC0RA==
</records><thingDef>VPER_MeleeWeapon_RunesmithBattleaxe</thingDef></li><li><records>
AABIQg==
</records><thingDef>VPER_WarriorSpirit</thingDef></li><li><records>
AAB1RA==
</records><thingDef>Building_RTMagneticShield</thingDef></li><li><records>
mpkmQw==
</records><thingDef>Building_RTCircuitBreaker</thingDef></li><li><records>
mpmPQg==
</records><thingDef>Building_RTMakeshiftFuse</thingDef></li><li><records>
AABSQw==
</records><thingDef>NapalmBomb</thingDef></li><li><records>
exTuQQ==
</records><thingDef>pipelineValve</thingDef></li><li><records>
AIDAQw==
</records><thingDef>ResourceConsole</thingDef></li><li><records>
AMBpRA==
</records><thingDef>FuelPowerplant</thingDef></li><li><records>
16PsQQ==
</records><thingDef>ChemfuelHopper</thingDef></li><li><records>
16PsQQ==
</records><thingDef>ChemfuelSiphon</thingDef></li><li><records>
16PsQQ==
</records><thingDef>RefineryLoadingBay</thingDef></li><li><records>
AIDjQw==
</records><thingDef>SynthyleneRefiner</thingDef></li><li><records>
AIDjQw==
</records><thingDef>NapalmRefiner</thingDef></li><li><records>
AIDyQw==
</records><thingDef>SynthreadRefiner</thingDef></li><li><records>
AAAvRA==
</records><thingDef>SynthamideRefiner</thingDef></li><li><records>
AKCbRA==
</records><thingDef>HyperweaveRefiner</thingDef></li><li><records>
AIBtRA==
</records><thingDef>NeutroamineRefiner</thingDef></li><li><records>
AEAmRA==
</records><thingDef>Autoclave</thingDef></li><li><records>
AABcQg==
</records><thingDef>Shell_Napalm</thingDef></li><li><records>
AAAAQA==
</records><thingDef>UncuredPlasteel</thingDef></li><li><records>
AACwQA==
</records><thingDef>Synthamide</thingDef></li><li><records>
AAAAQA==
</records><thingDef>Synthylene</thingDef></li><li><records>
AAAAQA==
</records><thingDef>UncuredComposite</thingDef></li><li><records>
AAAAQQ==
</records><thingDef>FiberComposite</thingDef></li><li><records>
w/VDQg==
</records><thingDef>PlantPot_BambooBonsai</thingDef></li><li><records>
AACAQA==
</records><thingDef>CPD_CoffeeBeans</thingDef></li><li><records>
AAAAQA==
</records><thingDef>Rawtea</thingDef></li><li><records>
ZmamPw==
</records><thingDef>Silage</thingDef></li><li><records>
AACAQA==
</records><thingDef>VG_Biofuel</thingDef></li><li><records>
AAAWQw==
</records><thingDef>VG_Hivepiece</thingDef></li><li><records>
AAAAQQ==
</records><thingDef>Cuptea</thingDef></li><li><records>
AAAAQQ==
</records><thingDef>VG_BarleyTea</thingDef></li><li><records>
AAAAQQ==
</records><thingDef>Coffee</thingDef></li><li><records>
AADgQA==
</records><thingDef>Fruitdrink</thingDef></li><li><records>
AABwQQ==
</records><thingDef>Chocomilk</thingDef></li><li><records>
AAA0Qg==
</records><thingDef>bowlstew</thingDef></li><li><records>
AAA0Qg==
</records><thingDef>bowlstew_Veg</thingDef></li><li><records>
AAA0Qg==
</records><thingDef>bowlstew_Meat</thingDef></li><li><records>
AADIQQ==
</records><thingDef>stirfry</thingDef></li><li><records>
AADIQQ==
</records><thingDef>Mealstirfry_Veg</thingDef></li><li><records>
AADIQQ==
</records><thingDef>Mealstirfry_Meat</thingDef></li><li><records>
mpmZPw==
</records><thingDef>VG_Hardtack</thingDef></li><li><records>
ZmamPw==
</records><thingDef>Bamboo</thingDef></li><li><records>
zczMPw==
</records><thingDef>VG_IronWoodLog</thingDef></li><li><records>
zcyMPw==
</records><thingDef>RawAgave</thingDef></li><li><records>
mpmZPw==
</records><thingDef>RawBerries</thingDef></li><li><records>
AADAPw==
</records><thingDef>Rawapple</thingDef></li><li><records>
AADAPw==
</records><thingDef>Rawbanana</thingDef></li><li><records>
AADAPw==
</records><thingDef>Rawgrape</thingDef></li><li><records>
AADAPw==
</records><thingDef>Raworange</thingDef></li><li><records>
AADAPw==
</records><thingDef>Rawpeach</thingDef></li><li><records>
AADAPw==
</records><thingDef>Rawpineapple</thingDef></li><li><records>
AADAPw==
</records><thingDef>Rawblueberry</thingDef></li><li><records>
AADAPw==
</records><thingDef>Rawwatermelon</thingDef></li><li><records>
AADAPw==
</records><thingDef>Rawdate</thingDef></li><li><records>
AADAPw==
</records><thingDef>Rawfig</thingDef></li><li><records>
AADAPw==
</records><thingDef>Rawgooseberry</thingDef></li><li><records>
AADAPw==
</records><thingDef>Rawcloudberry</thingDef></li><li><records>
AADAPw==
</records><thingDef>RawCherry</thingDef></li><li><records>
AADAPw==
</records><thingDef>RawCoconut</thingDef></li><li><records>
AAAAQQ==
</records><thingDef>Honey</thingDef></li><li><records>
AAAwQQ==
</records><thingDef>Mead</thingDef></li><li><records>
AAAAQA==
</records><thingDef>RawRedLentil</thingDef></li><li><records>
AAAAQA==
</records><thingDef>Rawmushroom</thingDef></li><li><records>
AAAAQA==
</records><thingDef>VG_GardenFish</thingDef></li><li><records>
mpmZPw==
</records><thingDef>Rawsnowbeet</thingDef></li><li><records>
zcyMPw==
</records><thingDef>RawBarley</thingDef></li><li><records>
mpmZPw==
</records><thingDef>Rawbean</thingDef></li><li><records>
zcyMPw==
</records><thingDef>RawOlive</thingDef></li><li><records>
zcyMPw==
</records><thingDef>RawCactusFruit</thingDef></li><li><records>
AABIQw==
</records><thingDef>VG_FoodShelf</thingDef></li><li><records>
AADIQQ==
</records><thingDef>bakedpolenta</thingDef></li><li><records>
AABwQQ==
</records><thingDef>Bread</thingDef></li><li><records>
AADIQQ==
</records><thingDef>sweetbun</thingDef></li><li><records>
AADIQQ==
</records><thingDef>muffin</thingDef></li><li><records>
AADIQQ==
</records><thingDef>BlueberryPie</thingDef></li><li><records>
AACgQQ==
</records><thingDef>cookie</thingDef></li><li><records>
AADIQQ==
</records><thingDef>pizza</thingDef></li><li><records>
AACgQA==
</records><thingDef>SaltedMeat</thingDef></li><li><records>
AABQQQ==
</records><thingDef>PickledVeg</thingDef></li><li><records>
AAAAQA==
</records><thingDef>Rawsugarcane</thingDef></li><li><records>
AAAAQA==
</records><thingDef>Flour</thingDef></li><li><records>
AABwQQ==
</records><thingDef>cheese</thingDef></li><li><records>
zcyMPw==
</records><thingDef>Rawwheat</thingDef></li><li><records>
AABgQQ==
</records><thingDef>driedfruit</thingDef></li><li><records>
AAAAQA==
</records><thingDef>VeganEgg</thingDef></li><li><records>
AACoQQ==
</records><thingDef>MakiRoll</thingDef></li><li><records>
AACAQQ==
</records><thingDef>Nigiri</thingDef></li><li><records>
AADIQQ==
</records><thingDef>yogurt</thingDef></li><li><records>
AADIQQ==
</records><thingDef>icecream</thingDef></li><li><records>
AADIQQ==
</records><thingDef>smoothie</thingDef></li><li><records>
AADIQQ==
</records><thingDef>Caramel</thingDef></li><li><records>
AADIQQ==
</records><thingDef>Hardcandy</thingDef></li><li><records>
AADIQQ==
</records><thingDef>Taffy</thingDef></li><li><records>
AACQQQ==
</records><thingDef>Grilledveg</thingDef></li><li><records>
AACQQQ==
</records><thingDef>Grilledsteak</thingDef></li><li><records>
AABAQQ==
</records><thingDef>meatpie</thingDef></li><li><records>
AADIQQ==
</records><thingDef>grilledpolenta</thingDef></li><li><records>
AACAQQ==
</records><thingDef>Porridge</thingDef></li><li><records>
AACgQQ==
</records><thingDef>grilledcheese</thingDef></li><li><records>
AACQQQ==
</records><thingDef>Kabob</thingDef></li><li><records>
AADIQQ==
</records><thingDef>grilledmeat</thingDef></li><li><records>
AABwQQ==
</records><thingDef>Tacos</thingDef></li><li><records>
AABgQQ==
</records><thingDef>Rawtofu</thingDef></li><li><records>
Zmb+Qg==
</records><thingDef>Oven</thingDef></li><li><records>
AABcQw==
</records><thingDef>ElectricOven</thingDef></li><li><records>
ZmamQg==
</records><thingDef>HandCanningstove</thingDef></li><li><records>
ZmamQg==
</records><thingDef>Canningstove</thingDef></li><li><records>
MzMCQw==
</records><thingDef>FueledCandyTable</thingDef></li><li><records>
MzMCQw==
</records><thingDef>CandyTable</thingDef></li><li><records>
AADwQw==
</records><thingDef>CookingTools</thingDef></li><li><records>
mpmrQg==
</records><thingDef>GrindStone</thingDef></li><li><records>
zcwlQw==
</records><thingDef>ElectricGrindStone</thingDef></li><li><records>
AACAPw==
</records><thingDef>ChunkSalt</thingDef></li><li><records>
MzMzPw==
</records><thingDef>CR_RawCocoaBeans</thingDef></li><li><records>
zcyMPw==
</records><thingDef>CR_RoastedCacaoBeans</thingDef></li><li><records>
MzMzQA==
</records><thingDef>CR_ChocolateLiquor</thingDef></li><li><records>
ZmaGQA==
</records><thingDef>CR_MilkChocolate</thingDef></li><li><records>
ZmaGQA==
</records><thingDef>CR_ChocolateMilk</thingDef></li><li><records>
AADQQg==
</records><thingDef>LightColumnMod</thingDef></li><li><records>
AAD2Qg==
</records><thingDef>DarkColumnMod</thingDef></li><li><records>
AABhQw==
</records><thingDef>OrbitalTradeColumnMod</thingDef></li><li><records>
AAAbQw==
</records><thingDef>Wall_TradeDevice</thingDef></li><li><records>
zcwcQw==
</records><thingDef>Wall_FirefoamPopper</thingDef></li><li><records>
AIDeQw==
</records><thingDef>SunColumnMod</thingDef></li><li><records>
AAAoQw==
</records><thingDef>Wall_SunDevice</thingDef></li><li><records>
AABXQw==
</records><thingDef>Wall_HeatDevice</thingDef></li><li><records>
AAD/Qw==
</records><thingDef>IceColumnMod</thingDef></li><li><records>
AABXQw==
</records><thingDef>Wall_CoolDevice</thingDef></li><li><records>
AIBAQw==
</records><thingDef>DetColumnMod</thingDef></li><li><records>
AABIQw==
</records><thingDef>FlameColumnMod</thingDef></li><li><records>
AABmQw==
</records><thingDef>EMPColumnMod</thingDef></li><li><records>
AABSQw==
</records><thingDef>DeadColumnMod</thingDef></li><li><records>
AIA7Rg==
</records><thingDef>ArchotechDroneColumn</thingDef></li><li><records>
AAD6RA==
</records><thingDef>ComponentArchoDrone</thingDef></li><li><records>
AACIQQ==
</records><thingDef>MealCannedFood</thingDef></li><li><records>
AACgQA==
</records><thingDef>CannedVeg</thingDef></li><li><records>
AACgQA==
</records><thingDef>CannedMeat</thingDef></li><li><records>
AADAQA==
</records><thingDef>CannedFruit</thingDef></li><li><records>
AACRQw==
</records><thingDef>CanningFactory</thingDef></li><li><records>
ZmaRQg==
</records><thingDef>RimFridge_SingleRefrigerator</thingDef></li><li><records>
XI/fQg==
</records><thingDef>RimFridge_Refrigerator</thingDef></li><li><records>
4Xo4Qw==
</records><thingDef>RimFridge_QuadRefrigerator</thingDef></li><li><records>
ZmaRQg==
</records><thingDef>RimFridge_SingleWallRefrigerator</thingDef></li><li><records>
XI/fQg==
</records><thingDef>RimFridge_WallRefrigerator</thingDef></li><li><records>
zcyMPw==
</records><thingDef>Raweggplant</thingDef></li><li><records>
zcyMPw==
</records><thingDef>Rawpumpkin</thingDef></li><li><records>
zcyMPw==
</records><thingDef>Rawsquash</thingDef></li><li><records>
zcyMPw==
</records><thingDef>RawTomatoes</thingDef></li><li><records>
zcyMPw==
</records><thingDef>RawCarrots</thingDef></li><li><records>
mpmZPw==
</records><thingDef>RawKiwi</thingDef></li><li><records>
mpmZPw==
</records><thingDef>RawMango</thingDef></li><li><records>
mpmZPw==
</records><thingDef>RawAvocado</thingDef></li><li><records>
AABwQQ==
</records><thingDef>VG_Guacamole</thingDef></li><li><records>
AMBaRQ==
</records><thingDef>BS_SurtrSword_Persona</thingDef></li><li><records>
AMBaRQ==
</records><thingDef>BS_SkrymirHammer_Persona</thingDef></li><li><records>
AAB1Qw==
</records><thingDef>BS_OgreClub</thingDef></li><li><records>
AAB1Qw==
</records><thingDef>BS_GiantHammer</thingDef></li><li><records>
AMAeRA==
</records><thingDef>BS_JotunHammer</thingDef></li><li><records>
AEAcRQ==
</records><thingDef>BS_SurtrSword</thingDef></li><li><records>
AEAcRQ==
</records><thingDef>BS_SkrymirHammer</thingDef></li><li><records>
AIDAQw==
</records><thingDef>BS_JotunJavelin</thingDef></li><li><records>
AICTQw==
</records><thingDef>BS_GiantPrimitiveBow</thingDef></li><li><records>
AABIQg==
</records><thingDef>BS_OgreThrowinRock</thingDef></li><li><records>
AEAwRA==
</records><thingDef>BS_JotunRifle</thingDef></li><li><records>
AMDVRA==
</records><thingDef>BS_GiantMinigun</thingDef></li><li><records>
AADDRA==
</records><thingDef>BS_JotunRocketLauncher</thingDef></li><li><records>
AADIQw==
</records><thingDef>BS_DarkSoulshard</thingDef></li><li><records>
AADXQw==
</records><thingDef>BS_Giant_Serum</thingDef></li><li><records>
AADXQw==
</records><thingDef>BS_Shrink_Serum</thingDef></li><li><records>
ZmbuQg==
</records><thingDef>BS_GeneDicombobulator</thingDef></li><li><records>
AABSQw==
</records><thingDef>BS_GeneGeneIntegrator</thingDef></li><li><records>
AAB/Qw==
</records><thingDef>BS_CreateXenogerm</thingDef></li><li><records>
AICYQw==
</records><thingDef>BS_CreateXenogerm_Endo</thingDef></li><li><records>
AEANRQ==
</records><thingDef>BS_CreateArchiteXenogerm</thingDef></li><li><records>
APAMRQ==
</records><thingDef>BS_CreateArchiteXenogerm_Endo</thingDef></li><li><records>
AIC7RA==
</records><thingDef>BS_GluttonRace</thingDef></li><li><records>
AIC7RA==
</records><thingDef>BS_InsectoidHumanoid_FourArmed</thingDef></li><li><records>
AAAvRQ==
</records><thingDef>BS_IndestructibelApparel</thingDef></li><li><records>
AIDtQw==
</records><thingDef>BS_JotunSword</thingDef></li><li><records>
AADmQw==
</records><thingDef>BS_BarbarianArmor</thingDef></li><li><records>
exT6Qg==
</records><thingDef>BS_Nisse_Cap</thingDef></li><li><records>
AAB6Qw==
</records><thingDef>VFEM_Bow_HeavyCrossbow</thingDef></li><li><records>
7FGEQg==
</records><thingDef>ASF_BigSShelf</thingDef></li><li><records>
7FEGQw==
</records><thingDef>ASF_BigShelf</thingDef></li><li><records>
9igiQw==
</records><thingDef>ASF_Basket</thingDef></li><li><records>
Di3MQg==
</records><thingDef>ASF_ClothingRack</thingDef></li><li><records>
AABmQw==
</records><thingDef>ASF_FabricHamper</thingDef></li><li><records>
9igsQw==
</records><thingDef>ASF_Hayloft</thingDef></li><li><records>
9igYQw==
</records><thingDef>ASF_MeatHook</thingDef></li><li><records>
mpnzQg==
</records><thingDef>ASF_MedCab</thingDef></li><li><records>
9igEQw==
</records><thingDef>ASF_Pallet</thingDef></li><li><records>
AIAYRA==
</records><thingDef>ASF_Safe</thingDef></li><li><records>
2c42Qw==
</records><thingDef>ASF_Skip</thingDef></li><li><records>
SOEYQw==
</records><thingDef>ASF_TrayRack</thingDef></li><li><records>
ZmYmQw==
</records><thingDef>ASF_VeryBigSShelf</thingDef></li><li><records>
AAClQw==
</records><thingDef>ASF_VeryBigShelf</thingDef></li><li><records>
9igYQw==
</records><thingDef>ASF_WeaponsCabinet</thingDef></li><li><records>
9igOQw==
</records><thingDef>ASF_WeaponsLocker</thingDef></li><li><records>
PQrHQQ==
</records><thingDef>TVG_TrapMouse</thingDef></li><li><records>
AAAVQw==
</records><thingDef>ArcheryTarget</thingDef></li><li><records>
AABDQw==
</records><thingDef>ShootingRangeTarget</thingDef></li><li><records>
ZmYWQw==
</records><thingDef>MartialArtsTarget</thingDef></li><li><records>
AMAFRA==
</records><thingDef>sbz_LargeGravshipCrate</thingDef></li><li><records>
AABrQw==
</records><thingDef>sbz_GravshipCrate</thingDef></li><li><records>
AIATRA==
</records><thingDef>sbz_LongGravshipCrate</thingDef></li><li><records>
AAA8Qg==
</records><thingDef>sbz_GravshipGlassShelf</thingDef></li><li><records>
AACqQg==
</records><thingDef>sbz_GravshipTwoTierShelf</thingDef></li><li><records>
AAA8Qg==
</records><thingDef>sbz_GravshipShelf</thingDef></li><li><records>
AAC8QQ==
</records><thingDef>sbz_SmallGravshipShelf</thingDef></li><li><records>
AAC8QQ==
</records><thingDef>sbz_GravshipWeaponRack</thingDef></li><li><records>
AAApQw==
</records><thingDef>sbz_Crate</thingDef></li><li><records>
ZmauQg==
</records><thingDef>sbz_MidCrate</thingDef></li><li><records>
AAAyQg==
</records><thingDef>sbz_SmallCrate</thingDef></li><li><records>
AAApQw==
</records><thingDef>sbz_Pallet</thingDef></li><li><records>
AAAyQg==
</records><thingDef>sbz_MiniPallet</thingDef></li><li><records>
AACyQg==
</records><thingDef>sbz_OpenShelf</thingDef></li><li><records>
AACyQg==
</records><thingDef>sbz_TwoTierDisplayShelf</thingDef></li><li><records>
AABEQg==
</records><thingDef>sbz_DisplayShelf</thingDef></li><li><records>
AADEQQ==
</records><thingDef>sbz_SmallDisplayShelf</thingDef></li><li><records>
AACyQg==
</records><thingDef>sbz_TallDisplayShelf</thingDef></li><li><records>
AAAyQg==
</records><thingDef>sbz_NarrowTallDisplayShelf</thingDef></li><li><records>
AACKQg==
</records><thingDef>sbz_WideHangerShelf</thingDef></li><li><records>
AAAKQg==
</records><thingDef>sbz_HangerShelf</thingDef></li><li><records>
AACKQg==
</records><thingDef>sbz_DisplayCabinet</thingDef></li><li><records>
AAAKQg==
</records><thingDef>sbz_NarrowDisplayCabinet</thingDef></li><li><records>
AADEQQ==
</records><thingDef>sbz_DisplayTable</thingDef></li><li><records>
AACyQg==
</records><thingDef>sbz_MeatHook</thingDef></li><li><records>
AACpQg==
</records><thingDef>sbz_TextileRack</thingDef></li><li><records>
AAAyQg==
</records><thingDef>sbz_Safe</thingDef></li><li><records>
AAAyQg==
</records><thingDef>sbz_Drum</thingDef></li><li><records>
AACyQg==
</records><thingDef>sbz_HorizontalWeaponRack</thingDef></li><li><records>
AACyQg==
</records><thingDef>sbz_VerticalWeaponRack</thingDef></li><li><records>
mpk1Qg==
</records><thingDef>sbz_WeaponRack</thingDef></li><li><records>
KVxRQg==
</records><thingDef>BarrelA</thingDef></li><li><records>
MzP3Qg==
</records><thingDef>BarrelB</thingDef></li><li><records>
AACMQw==
</records><thingDef>BarrelC</thingDef></li><li><records>
XI9iQA==
</records><thingDef>BundleA</thingDef></li><li><records>
ZmbCQQ==
</records><thingDef>BundleB</thingDef></li><li><records>
ZmabQg==
</records><thingDef>BundleC</thingDef></li><li><records>
zcxSQg==
</records><thingDef>CanisterA</thingDef></li><li><records>
AABSQw==
</records><thingDef>CanisterB</thingDef></li><li><records>
KVxRQg==
</records><thingDef>CrateA</thingDef></li><li><records>
38/PQg==
</records><thingDef>CrateB</thingDef></li><li><records>
CtemQg==
</records><thingDef>CrateC</thingDef></li><li><records>
HwUdQw==
</records><thingDef>CrateD</thingDef></li><li><records>
AACCQw==
</records><thingDef>CrateE</thingDef></li><li><records>
AADSQw==
</records><thingDef>CrateF</thingDef></li><li><records>
AAAbRA==
</records><thingDef>CrateG</thingDef></li><li><records>
zcxSQg==
</records><thingDef>MetalCrateA</thingDef></li><li><records>
AICEQw==
</records><thingDef>MetalCrateB</thingDef></li><li><records>
AADSQw==
</records><thingDef>MetalCrateC</thingDef></li><li><records>
AEAcRA==
</records><thingDef>MetalCrateD</thingDef></li><li><records>
cT2PQg==
</records><thingDef>PalletCrateA</thingDef></li><li><records>
AACMQw==
</records><thingDef>PalletCrateB</thingDef></li><li><records>
mpm1Qg==
</records><thingDef>CaravanBiofuelRefinery_TWB</thingDef></li><li><records>
mpmxQg==
</records><thingDef>CaravanChair_TWB</thingDef></li><li><records>
ZmYmQg==
</records><thingDef>CaravanChemfuelStove_TWB</thingDef></li><li><records>
MzOTQg==
</records><thingDef>CaravanGenerator_TWB</thingDef></li><li><records>
MzMfQg==
</records><thingDef>CaravanLantern_TWB</thingDef></li><li><records>
mpn1QQ==
</records><thingDef>CaravanTable_TWB</thingDef></li><li><records>
mpnJQg==
</records><thingDef>BurialUrn</thingDef></li><li><records>
AHAeRQ==
</records><thingDef>AdvancedMultiAnalyzer</thingDef></li><li><records>
AIAJRA==
</records><thingDef>ToolCabinetA</thingDef></li><li><records>
AMBpRA==
</records><thingDef>ToolCabinetB</thingDef></li><li><records>
AOC1RA==
</records><thingDef>ToolCabinetC</thingDef></li><li><records>
zczSQg==
</records><thingDef>KitchenCupboard</thingDef></li><li><records>
mpntQg==
</records><thingDef>SurgicalLamp</thingDef></li><li><records>
AIDtQw==
</records><thingDef>SurgicalInstruments</thingDef></li><li><records>
rkedQg==
</records><thingDef>TST_MeditationStone</thingDef></li><li><records>
16MeQw==
</records><thingDef>TST_DrumStool</thingDef></li><li><records>
AACbQw==
</records><thingDef>TST_DrumBench</thingDef></li><li><records>
AABcQw==
</records><thingDef>TST_CushionedPew</thingDef></li><li><records>
AACRQw==
</records><thingDef>TST_BoxPew</thingDef></li><li><records>
rkfFQg==
</records><thingDef>TST_PrieDieu</thingDef></li><li><records>
16MyQw==
</records><thingDef>TST_SlabPew</thingDef></li><li><records>
16OUQg==
</records><thingDef>IceWorld_Mantle</thingDef></li><li><records>
w/X8Qg==
</records><thingDef>Gunmar_Apparel_Tribal</thingDef></li><li><records>
AICJQw==
</records><thingDef>Gunmar_Apparel_ThickPeltArmor</thingDef></li><li><records>
MzPLQg==
</records><thingDef>Gunmar_Apparel_PeltCap</thingDef></li><li><records>
mpk1Qw==
</records><thingDef>Gunmar_Apparel_PeltMantle</thingDef></li><li><records>
ZmZ+Qg==
</records><thingDef>Gunmar_Apparel_PeltHandWraps</thingDef></li><li><records>
mpkNQw==
</records><thingDef>Gunmar_Apparel_PeltLeggings</thingDef></li><li><records>
rkexQg==
</records><thingDef>Gunmar_Apparel_PeltBoots</thingDef></li><li><records>
MzPLQg==
</records><thingDef>Gunmar_Apparel_SunshadePeltCap</thingDef></li><li><records>
mpk1Qw==
</records><thingDef>Gunmar_Apparel_SunshadePeltMantle</thingDef></li><li><records>
MzPLQg==
</records><thingDef>Gunmar_Apparel_WovenCap</thingDef></li><li><records>
mpk1Qw==
</records><thingDef>Gunmar_Apparel_WovenMantle</thingDef></li><li><records>
ZmZ+Qg==
</records><thingDef>Gunmar_Apparel_WovenHandWraps</thingDef></li><li><records>
mpkNQw==
</records><thingDef>Gunmar_Apparel_WovenLeggings</thingDef></li><li><records>
rkexQg==
</records><thingDef>Gunmar_Apparel_WovenFootWraps</thingDef></li><li><records>
AABrQw==
</records><thingDef>Gunmar_War_Bow</thingDef></li><li><records>
MzNzQg==
</records><thingDef>Apparel_KidTribalCape</thingDef></li><li><records>
mpmNQg==
</records><thingDef>Apparel_KidTribalCloak</thingDef></li><li><records>
zcy8Qg==
</records><thingDef>Apparel_KidTribalFurCloak</thingDef></li><li><records>
AAAKQw==
</records><thingDef>Apparel_TribalCape</thingDef></li><li><records>
AAAeQw==
</records><thingDef>Apparel_TribalCloak</thingDef></li><li><records>
mpk1Qw==
</records><thingDef>Apparel_TribalFurCloak</thingDef></li><li><records>
MzOOQg==
</records><thingDef>River_Tribal_sandals</thingDef></li><li><records>
rkeJQg==
</records><thingDef>River_Tribal_moccasins</thingDef></li><li><records>
AAAKQw==
</records><thingDef>River_Tribal_mukluks</thingDef></li><li><records>
AACeQg==
</records><thingDef>River_Tribal_mittens</thingDef></li><li><records>
ZmZGQA==
</records><thingDef>klvlt_SmokedFish</thingDef></li><li><records>
ZmZGQA==
</records><thingDef>Tam_SmokedMeat</thingDef></li><li><records>
ZmZGQA==
</records><thingDef>Tam_SmokedInsectMeat</thingDef></li><li><records>
ZmZGQA==
</records><thingDef>Tam_SmokedHumanMeat</thingDef></li><li><records>
ZmZGQA==
</records><thingDef>Tam_SmokedVeg</thingDef></li><li><records>
KVy7Qg==
</records><thingDef>Mallow_dress_shoes</thingDef></li><li><records>
AEBYRA==
</records><thingDef>Mallow_royal_shoes</thingDef></li><li><records>
rkcxQg==
</records><thingDef>Mallow_kid_shoes</thingDef></li><li><records>
PQo3Qg==
</records><thingDef>Mallow_kid_socks</thingDef></li><li><records>
zcwsQg==
</records><thingDef>Mallow_clogs</thingDef></li><li><records>
zcwsQg==
</records><thingDef>Mallow_wool_felt_boots</thingDef></li><li><records>
PQr3QQ==
</records><thingDef>Mallow_footwraps</thingDef></li><li><records>
PQpfQg==
</records><thingDef>Mallow_summer_socks</thingDef></li><li><records>
ZmaGQg==
</records><thingDef>Mallow_winter_socks</thingDef></li><li><records>
MzPzQg==
</records><thingDef>Mallow_riding_boots</thingDef></li><li><records>
ZmaaQg==
</records><thingDef>Mallow_stockings</thingDef></li><li><records>
AIAvQw==
</records><thingDef>Mallow_work_boots</thingDef></li><li><records>
uB5JQg==
</records><thingDef>Mallow_school_shoes</thingDef></li><li><records>
AICJQw==
</records><thingDef>Apparel_NepChildArmor</thingDef></li><li><records>
ZuYgQw==
</records><thingDef>Apparel_NepChildVest</thingDef></li><li><records>
AIA7RA==
</records><thingDef>Apparel_NepChildRecon</thingDef></li><li><records>
AADDQw==
</records><thingDef>Apparel_NepChildHelmetRecon</thingDef></li><li><records>
ZuY3Qw==
</records><thingDef>IF_MeditrainTable</thingDef></li><li><records>
UrgGQw==
</records><thingDef>IH_Apparel_InsulatedHelmet</thingDef></li><li><records>
AICYQw==
</records><thingDef>IH_Apparel_InsulatedFlakHelmet</thingDef></li><li><records>
AID8Qw==
</records><thingDef>Apparel_InsultatedPlateArmor</thingDef></li><li><records>
FK6aQg==
</records><thingDef>VFE_Scarecrow</thingDef></li><li><records>
H4XaQg==
</records><thingDef>VFE_Sprinkler</thingDef></li><li><records>
AOChRA==
</records><thingDef>yy_rocket_launcher</thingDef></li><li><records>
AOC/RA==
</records><thingDef>yy_defense_turret</thingDef></li><li><records>
AMAURA==
</records><thingDef>yy_towed_artillery</thingDef></li><li><records>
AID8Qw==
</records><thingDef>yy_autoblaster</thingDef></li><li><records>
AMAURA==
</records><thingDef>yy_fieldgun</thingDef></li><li><records>
AAAgQg==
</records><thingDef>Uranium_Shell</thingDef></li><li><records>
M7MVQw==
</records><thingDef>MedicalIV</thingDef></li><li><records>
pHA3Qw==
</records><thingDef>Canopy</thingDef></li><li><records>
2KN4Qg==
</records><thingDef>WoodenCanopy</thingDef></li><li><records>
AABNQw==
</records><thingDef>Teepee</thingDef></li><li><records>
AABNQw==
</records><thingDef>Tent</thingDef></li><li><records>
AABmQw==
</records><thingDef>VikingTent</thingDef></li><li><records>
AABrQw==
</records><thingDef>ModernTent</thingDef></li><li><records>
AABrQw==
</records><thingDef>FoldingTent</thingDef></li><li><records>
ZmZCQg==
</records><thingDef>CampingLuggages</thingDef></li><li><records>
Z2b+Qg==
</records><thingDef>WoodPile</thingDef></li><li><records>
Zmb+QQ==
</records><thingDef>FSFStoneTrapSpike</thingDef></li><li><records>
AICdQw==
</records><thingDef>GrenadeBouquet</thingDef></li><li><records>
AABcQw==
</records><thingDef>Turret_TeslaStunner</thingDef></li><li><records>
MzMnQg==
</records><thingDef>SmallShelf</thingDef></li><li><records>
MzMnQg==
</records><thingDef>OldSmallShelf</thingDef></li><li><records>
AACgQA==
</records><thingDef>LT_DoorMatLeather</thingDef></li><li><records>
AACgQA==
</records><thingDef>LT_DoorMatCheckerLeather</thingDef></li><li><records>
AAAAQQ==
</records><thingDef>LT_DoorMatBigLeather</thingDef></li><li><records>
AAAAQQ==
</records><thingDef>LT_DoorMatBigCheckerLeather</thingDef></li><li><records>
AACgQA==
</records><thingDef>LT_DoorMatRed</thingDef></li><li><records>
AACgQA==
</records><thingDef>LT_DoorMatOrange</thingDef></li><li><records>
AACgQA==
</records><thingDef>LT_DoorMatGreen</thingDef></li><li><records>
AACgQA==
</records><thingDef>LT_DoorMatTeal</thingDef></li><li><records>
AACgQA==
</records><thingDef>LT_DoorMatBlue</thingDef></li><li><records>
AAAAQQ==
</records><thingDef>LT_DoorMatBigRed</thingDef></li><li><records>
AAAAQQ==
</records><thingDef>LT_DoorMatBigOrange</thingDef></li><li><records>
AAAAQQ==
</records><thingDef>LT_DoorMatBigGreen</thingDef></li><li><records>
AAAAQQ==
</records><thingDef>LT_DoorMatBigTeal</thingDef></li><li><records>
AAAAQQ==
</records><thingDef>LT_DoorMatBigBlue</thingDef></li><li><records>
16P/Qg==
</records><thingDef>WDWoodFiredHeater</thingDef></li><li><records>
j0IhQw==
</records><thingDef>WDChemfuelPoweredHeater</thingDef></li><li><records>
AACvRA==
</records><thingDef>MechSerumYouth</thingDef></li><li><records>
AMAPRA==
</records><thingDef>RotR_ISR2GNew</thingDef></li><li><records>
AKAHRQ==
</records><thingDef>RotR_AISR2GNew</thingDef></li><li><records>
L93wQQ==
</records><thingDef>Museums_Bench_Small</thingDef></li><li><records>
L91wQg==
</records><thingDef>Museums_Bench_Medium</thingDef></li><li><records>
46W0Qg==
</records><thingDef>Museums_Bench_Large</thingDef></li><li><records>
AAAgQw==
</records><thingDef>BBLK_ChildrensBook</thingDef></li><li><records>
AAAgQw==
</records><thingDef>BBLK_ColoringBook</thingDef></li><li><records>
ZmYRQw==
</records><thingDef>PortablePolutionPoweredGenerator</thingDef></li><li><records>
7FHoQg==
</records><thingDef>EW_WasteTap</thingDef></li><li><records>
7FHoQg==
</records><thingDef>EW_WasteBin</thingDef></li><li><records>
AICiQw==
</records><thingDef>RockMill</thingDef></li><li><records>
7FGoQg==
</records><thingDef>CompostBarrel</thingDef></li><li><records>
QmCNQQ==
</records><thingDef>HeavySandbags</thingDef></li><li><records>
AADAQA==
</records><thingDef>Fertilizer</thingDef></li><li><records>
AACAPw==
</records><thingDef>CrushedRocks</thingDef></li><li><records>
AAAAQA==
</records><thingDef>PileofDirt</thingDef></li><li><records>
AACAPw==
</records><thingDef>SandPile</thingDef></li><li><records>
AAAAQA==
</records><thingDef>RFFClay</thingDef></li><li><records>
MzPzPw==
</records><thingDef>RFFBricks</thingDef></li><li><records>
AICOQw==
</records><thingDef>FPIndustrialBreaker</thingDef></li><li><records>
AOgjRg==
</records><thingDef>FPGWBreaker</thingDef></li><li><records>
AAB6Qw==
</records><thingDef>Jewelry_Bracelet</thingDef></li><li><records>
AAC0Qw==
</records><thingDef>Jewelry_Necklace</thingDef></li><li><records>
AAAWQw==
</records><thingDef>Jewelry_Ring</thingDef></li><li><records>
AAAgQw==
</records><thingDef>Jewelry_Earring</thingDef></li><li><records>
AAB6Qw==
</records><thingDef>Jewelry_EltexBracelet</thingDef></li><li><records>
AADhQw==
</records><thingDef>Jewelry_PsychicNecklace</thingDef></li><li><records>
AAAWQw==
</records><thingDef>Jewelry_EltexRing</thingDef></li><li><records>
AAAgQw==
</records><thingDef>Jewelry_EltexEarring</thingDef></li><li><records>
AAD/Qw==
</records><thingDef>LaserTableSculpting</thingDef></li><li><records>
AADwQA==
</records><thingDef>Diamond</thingDef></li><li><records>
AADAQA==
</records><thingDef>Ruby</thingDef></li><li><records>
AADAQA==
</records><thingDef>Sapphire</thingDef></li><li><records>
j8ITQw==
</records><thingDef>WallHeater</thingDef></li><li><records>
ZmYTQw==
</records><thingDef>WallCooler</thingDef></li><li><records>
ZmaaQg==
</records><thingDef>WYD_SlaveBelt</thingDef></li><li><records>
AAB6Qw==
</records><thingDef>RWE_Map</thingDef></li><li><records>
AAD6Qw==
</records><thingDef>VRecyclingE_LargePollutionPump</thingDef></li><li><records>
AABcQw==
</records><thingDef>VRecyclingE_PollutionFastPump</thingDef></li><li><records>
AABwQg==
</records><thingDef>VRecyclingE_WasteCrate</thingDef></li><li><records>
AICJQw==
</records><thingDef>VRecyclingE_RecyclingWorkbench</thingDef></li><li><records>
AIC2Qw==
</records><thingDef>VRecyclingE_ElectricRecyclingWorkbench</thingDef></li><li><records>
AABAQA==
</records><thingDef>VRecyclingE_ReclaimedBiopack</thingDef></li><li><records>
AACgQQ==
</records><thingDef>VRecyclingE_StabilizedAlloypack</thingDef></li><li><records>
AABAQA==
</records><thingDef>VRecyclingE_Trash</thingDef></li><li><records>
XI9iQQ==
</records><thingDef>BasicTrapPunji</thingDef></li><li><records>
NV4KQg==
</records><thingDef>PoisonTrapPunji</thingDef></li><li><records>
NDPTQA==
</records><thingDef>GlassPane</thingDef></li><li><records>
AKDrRA==
</records><thingDef>ManualMountainMiner</thingDef></li><li><records>
zczyQg==
</records><thingDef>XER_RoundShield</thingDef></li><li><records>
zcwoQw==
</records><thingDef>XER_HeaterShield</thingDef></li><li><records>
AICnQw==
</records><thingDef>XER_BallisticShield</thingDef></li><li><records>
AAAgQw==
</records><thingDef>ABooks_BookOfCondiments</thingDef></li><li><records>
AAAgQw==
</records><thingDef>ABooks_AberrantGrimoire</thingDef></li><li><records>
AAAgQw==
</records><thingDef>ABooks_PsycasterGuide</thingDef></li><li><records>
AAAgQw==
</records><thingDef>ABooks_HermeticMysteries</thingDef></li><li><records>
AAAgQw==
</records><thingDef>ABooks_ReligiousText</thingDef></li><li><records>
AAAgQw==
</records><thingDef>ABooks_AdventuringLogs</thingDef></li><li><records>
AAAgQw==
</records><thingDef>ABooks_ArmyManual</thingDef></li><li><records>
AAAgQw==
</records><thingDef>ABooks_BookOfPortents</thingDef></li><li><records>
AAAgQw==
</records><thingDef>ABooks_BotanicalCompendium</thingDef></li><li><records>
AAAgQw==
</records><thingDef>ABooks_TheChickenBook</thingDef></li><li><records>
AAAgQw==
</records><thingDef>ABooks_DurathreadTechniques</thingDef></li><li><records>
AAAgQw==
</records><thingDef>ABooks_InstructionManual</thingDef></li><li><records>
AAAgQw==
</records><thingDef>ABooks_LustySauridMaid</thingDef></li><li><records>
AAAgQw==
</records><thingDef>ABooks_MedicalJournal</thingDef></li><li><records>
AAAgQw==
</records><thingDef>ABooks_MidasTome</thingDef></li><li><records>
AAAgQw==
</records><thingDef>ABooks_OfficeBinder</thingDef></li><li><records>
AAAgQw==
</records><thingDef>ABooks_PoliticalPamphlet</thingDef></li><li><records>
AAAgQw==
</records><thingDef>ABooks_PsychologyBook</thingDef></li><li><records>
AAAgQw==
</records><thingDef>ABooks_RestaurantGuide</thingDef></li><li><records>
AAAAQA==
</records><thingDef>ABooks_RuinedBook</thingDef></li><li><records>
AAAAQA==
</records><thingDef>ABooks_BurnedBook</thingDef></li><li><records>
AAAgQw==
</records><thingDef>ABooks_SelfHelpBook</thingDef></li><li><records>
AAAgQw==
</records><thingDef>ABooks_SurvivalGuide</thingDef></li><li><records>
AAAgQw==
</records><thingDef>ABooks_TomeOfFire</thingDef></li><li><records>
AAAgQw==
</records><thingDef>ABooks_TrainingManual</thingDef></li><li><records>
AAAgQw==
</records><thingDef>ABooks_TreatiseOfStainlessSteel</thingDef></li><li><records>
AAAgQw==
</records><thingDef>ABooks_TynansBook</thingDef></li><li><records>
AAAgQw==
</records><thingDef>ABooks_ZoologicalCompendium</thingDef></li><li><records>
mplzQg==
</records><thingDef>ABooks_BookPlinth</thingDef></li><li><records>
AACAQA==
</records><thingDef>ABooks_StainlessSteel</thingDef></li><li><records>
AAAwQA==
</records><thingDef>ABooks_Durathread</thingDef></li><li><records>
MzMvQw==
</records><thingDef>Apparel_SimpleVest</thingDef></li><li><records>
AAB1Qw==
</records><thingDef>TA_Pike</thingDef></li><li><records>
AAB/Qw==
</records><thingDef>TA_MailleShirt</thingDef></li><li><records>
ZmYpQw==
</records><thingDef>TA_MailleVest</thingDef></li><li><records>
zcxGQw==
</records><thingDef>TA_CloakClosed</thingDef></li><li><records>
zcxGQw==
</records><thingDef>TA_CloakSemi</thingDef></li><li><records>
zcxGQw==
</records><thingDef>TA_CloakOpen</thingDef></li><li><records>
AADsQg==
</records><thingDef>TA_KidCloak</thingDef></li><li><records>
zcw8Qg==
</records><thingDef>TA_KidHood</thingDef></li><li><records>
AACyQg==
</records><thingDef>TA_PeasantTunic</thingDef></li><li><records>
mpmpQg==
</records><thingDef>TA_KidDress</thingDef></li><li><records>
AAClQw==
</records><thingDef>TA_BannerSpear_BurgundyCross</thingDef></li><li><records>
AAClQw==
</records><thingDef>TA_BannerSpear_Dutch</thingDef></li><li><records>
AAClQw==
</records><thingDef>TA_BannerSpear_FleurDeLis</thingDef></li><li><records>
AAClQw==
</records><thingDef>TA_BannerSpear_HRE</thingDef></li><li><records>
AAClQw==
</records><thingDef>TA_BannerSpear_Muscovite</thingDef></li><li><records>
AAClQw==
</records><thingDef>TA_BannerSpear_Ottoman</thingDef></li><li><records>
AAClQw==
</records><thingDef>TA_BannerSpear_PLCommonwealth</thingDef></li><li><records>
AAClQw==
</records><thingDef>TA_BannerSpear_StAndrewCross</thingDef></li><li><records>
AAClQw==
</records><thingDef>TA_BannerSpear_StGeorgeCross</thingDef></li><li><records>
AAClQw==
</records><thingDef>TA_BannerSpear_Swede</thingDef></li><li><records>
AACRQw==
</records><thingDef>TA_Bardiche</thingDef></li><li><records>
AABIQw==
</records><thingDef>TA_BoardingAxe</thingDef></li><li><records>
AACRQw==
</records><thingDef>TA_Halberd</thingDef></li><li><records>
AAASQw==
</records><thingDef>TA_Hanger</thingDef></li><li><records>
AABmQw==
</records><thingDef>TA_Rapier</thingDef></li><li><records>
AABIQw==
</records><thingDef>TA_HussarSaber</thingDef></li><li><records>
AABmQw==
</records><thingDef>TA_Sidesword</thingDef></li><li><records>
AAASQw==
</records><thingDef>TA_WarPick</thingDef></li><li><records>
AAASQw==
</records><thingDef>TA_Yatagan</thingDef></li><li><records>
AAClQw==
</records><thingDef>TA_Zweihander</thingDef></li><li><records>
zUwdQw==
</records><thingDef>TA_Arquebus</thingDef></li><li><records>
AABNQw==
</records><thingDef>TA_MilitaryMusket</thingDef></li><li><records>
MzMvQw==
</records><thingDef>TA_OttomanMiquelet</thingDef></li><li><records>
AABIQw==
</records><thingDef>TA_SnaphaunceRifle</thingDef></li><li><records>
AADkQg==
</records><thingDef>TA_TurkBow</thingDef></li><li><records>
MzMWQw==
</records><thingDef>TA_WheellockCarbine</thingDef></li><li><records>
AIDZQw==
</records><thingDef>TA_WheellockHandMortar</thingDef></li><li><records>
MzO6Qg==
</records><thingDef>TA_WheellockPistol</thingDef></li><li><records>
mplGQw==
</records><thingDef>TA_WarScytheWeapon</thingDef></li><li><records>
ZmaqQg==
</records><thingDef>TA_Bazubands</thingDef></li><li><records>
AABoQg==
</records><thingDef>TA_Gauntlets</thingDef></li><li><records>
mpmfQg==
</records><thingDef>TA_HussarWings</thingDef></li><li><records>
ZmbiQg==
</records><thingDef>TA_MusketeerBandolier</thingDef></li><li><records>
AADBQg==
</records><thingDef>TA_RapierBaldrick</thingDef></li><li><records>
AADpQg==
</records><thingDef>TA_RapierSash</thingDef></li><li><records>
AACGQg==
</records><thingDef>TA_HussarSaberScabbard</thingDef></li><li><records>
AABoQg==
</records><thingDef>TM_SashBelt</thingDef></li><li><records>
AACwQg==
</records><thingDef>TA_TallBoots</thingDef></li><li><records>
AACcQg==
</records><thingDef>TA_TallGloves</thingDef></li><li><records>
AICYQw==
</records><thingDef>TA_BuffCoat</thingDef></li><li><records>
ZmYsQw==
</records><thingDef>TA_BuffVest</thingDef></li><li><records>
AAA4Qw==
</records><thingDef>TA_Cuirass</thingDef></li><li><records>
MzMjQg==
</records><thingDef>TA_Gorget</thingDef></li><li><records>
AAAuQw==
</records><thingDef>TA_Krug</thingDef></li><li><records>
AICOQw==
</records><thingDef>TA_PaddedDoublet</thingDef></li><li><records>
ZmYZQw==
</records><thingDef>TA_PaddedVest</thingDef></li><li><records>
AACCQw==
</records><thingDef>TA_PikemanPlate</thingDef></li><li><records>
AAD6Qw==
</records><thingDef>TA_ThreeQuartersPlate</thingDef></li><li><records>
AIDeQw==
</records><thingDef>TA_Yushman</thingDef></li><li><records>
ZmZAQw==
</records><thingDef>TA_CassockClosed</thingDef></li><li><records>
ZmZAQw==
</records><thingDef>TA_CassockShoulder</thingDef></li><li><records>
Zmb8Qg==
</records><thingDef>TA_Doublet</thingDef></li><li><records>
Zmb8Qg==
</records><thingDef>TA_DoubletVest</thingDef></li><li><records>
ZmZAQw==
</records><thingDef>TA_LongcoatClosed</thingDef></li><li><records>
ZmZAQw==
</records><thingDef>TA_LongcoatOpen</thingDef></li><li><records>
MzO5Qg==
</records><thingDef>TA_ShirtSashBelt</thingDef></li><li><records>
MzO5Qg==
</records><thingDef>TA_ShirtSashBeltWhite</thingDef></li><li><records>
zcw8Qg==
</records><thingDef>TA_FeltHat</thingDef></li><li><records>
ZmZ2Qg==
</records><thingDef>TA_HatCavalier</thingDef></li><li><records>
AABsQg==
</records><thingDef>TA_MusketeerHat</thingDef></li><li><records>
AADWQg==
</records><thingDef>TA_LandsknechtHat</thingDef></li><li><records>
zcw8Qg==
</records><thingDef>TA_Bonnet</thingDef></li><li><records>
mpmVQg==
</records><thingDef>TA_Turban</thingDef></li><li><records>
mpmVQg==
</records><thingDef>TA_TurbanWhite</thingDef></li><li><records>
zczOQg==
</records><thingDef>TA_JanissaryHat</thingDef></li><li><records>
zcw8Qg==
</records><thingDef>TA_FurCap</thingDef></li><li><records>
zcySQg==
</records><thingDef>TA_NobleFurCap</thingDef></li><li><records>
mpnxQg==
</records><thingDef>TA_Burgonet</thingDef></li><li><records>
zcwZQw==
</records><thingDef>TA_BurgonetVisored_off</thingDef></li><li><records>
zcwZQw==
</records><thingDef>TA_BurgonetVisored_on</thingDef></li><li><records>
AAA6Qw==
</records><thingDef>TA_CloseHelmet_off</thingDef></li><li><records>
AAA6Qw==
</records><thingDef>TA_CloseHelmet_on</thingDef></li><li><records>
MzMGQw==
</records><thingDef>TA_LobstertailHelmet</thingDef></li><li><records>
MzMGQw==
</records><thingDef>TA_HussarHelmet</thingDef></li><li><records>
MzMGQw==
</records><thingDef>TA_SipahiHelmet</thingDef></li><li><records>
zcyUQg==
</records><thingDef>TA_Morion</thingDef></li><li><records>
zcyUQg==
</records><thingDef>TA_Cabasset</thingDef></li><li><records>
AABQQQ==
</records><thingDef>CM_Tradeable_Trinkets_Thing_Trinket_Tribal</thingDef></li><li><records>
AABQQQ==
</records><thingDef>CM_Tradeable_Trinkets_Thing_Trinket_Doll</thingDef></li><li><records>
AACIQg==
</records><thingDef>CM_Tradeable_Trinkets_Thing_Trinket_Industrial</thingDef></li><li><records>
AIDAQw==
</records><thingDef>CM_Tradeable_Trinkets_Thing_Trinket_Spacer</thingDef></li><li><records>
AACAQA==
</records><thingDef>TradeGoodsCheap</thingDef></li><li><records>
AADAQA==
</records><thingDef>TradeGoodsCustom</thingDef></li><li><records>
AAAgQQ==
</records><thingDef>TradeGoodsSimple</thingDef></li><li><records>
AACIQQ==
</records><thingDef>TradeGoodsAdvanced</thingDef></li><li><records>
AACCRA==
</records><thingDef>BS_BionicStriderLeg</thingDef></li><li><records>
APAWRQ==
</records><thingDef>BS_BionicLocomotiveSpine</thingDef></li><li><records>
j8LdQg==
</records><thingDef>BS_AndroidFuelRefinery</thingDef></li><li><records>
AACAQQ==
</records><thingDef>BS_AndroidFuel</thingDef></li><li><records>
AACCQw==
</records><thingDef>BS_AndroidChargingStation</thingDef></li><li><records>
j8JNQg==
</records><thingDef>AM_CubicCrib</thingDef></li><li><records>
SOGaPw==
</records><thingDef>VCE_Ketchup</thingDef></li><li><records>
SOGaPw==
</records><thingDef>VCE_HotSauce</thingDef></li><li><records>
AADQQA==
</records><thingDef>VCEF_Crayfish</thingDef></li><li><records>
AADQQA==
</records><thingDef>VCEF_ButterFish</thingDef></li><li><records>
AADQQA==
</records><thingDef>VCEF_FreshwaterStingray</thingDef></li><li><records>
AADQQA==
</records><thingDef>VCEF_FlyingFish</thingDef></li><li><records>
AADQQA==
</records><thingDef>VCEF_Arapaima</thingDef></li><li><records>
AADQQA==
</records><thingDef>VCEF_ShortfinMakoShark</thingDef></li><li><records>
AMDaRA==
</records><thingDef>G_CentaurFourArm</thingDef></li><li><records>
AMDaRA==
</records><thingDef>G_CentaurFourArmWinged</thingDef></li><li><records>
AMDaRA==
</records><thingDef>G_CentaurSixArm</thingDef></li><li><records>
AMDaRA==
</records><thingDef>G_CentaurSixArmWinged</thingDef></li><li><records>
AMDaRA==
</records><thingDef>G_CentaurWinged</thingDef></li><li><records>
AMDaRA==
</records><thingDef>G_SnekFourArm</thingDef></li><li><records>
AMDaRA==
</records><thingDef>G_SnekFourArmWinged</thingDef></li><li><records>
AMDaRA==
</records><thingDef>G_SnekSixArm</thingDef></li><li><records>
AMDaRA==
</records><thingDef>G_SnekSixArmWinged</thingDef></li><li><records>
AMDaRA==
</records><thingDef>G_SnekWinged</thingDef></li><li><records>
AMDaRA==
</records><thingDef>G_SpooderFourArm</thingDef></li><li><records>
AMDaRA==
</records><thingDef>G_SpooderFourArmWinged</thingDef></li><li><records>
AMDaRA==
</records><thingDef>G_SpooderSixArm</thingDef></li><li><records>
AMDaRA==
</records><thingDef>G_SpooderSixArmWinged</thingDef></li><li><records>
AMDaRA==
</records><thingDef>G_SpooderWinged</thingDef></li><li><records>
AMDaRA==
</records><thingDef>G_FourArmTailed</thingDef></li><li><records>
AMDaRA==
</records><thingDef>G_FourArmTailedWinged</thingDef></li><li><records>
AMDaRA==
</records><thingDef>G_FourArmWinged</thingDef></li><li><records>
AMDaRA==
</records><thingDef>G_SixArmTailed</thingDef></li><li><records>
AMDaRA==
</records><thingDef>G_SixArmTailedWinged</thingDef></li><li><records>
AMDaRA==
</records><thingDef>G_SixArmWinged</thingDef></li><li><records>
AMDaRA==
</records><thingDef>G_TailedWinged</thingDef></li><li><records>
AEAcRQ==
</records><thingDef>M_MechaCentaurFourArm</thingDef></li><li><records>
AEAcRQ==
</records><thingDef>M_MechaCentaurFourArmWinged</thingDef></li><li><records>
AEAcRQ==
</records><thingDef>M_MechaCentaurSixArm</thingDef></li><li><records>
AEAcRQ==
</records><thingDef>M_MechaCentaurSixArmWinged</thingDef></li><li><records>
AEAcRQ==
</records><thingDef>M_MechaCentaurWinged</thingDef></li><li><records>
AEAcRQ==
</records><thingDef>M_MechaSnekFourArm</thingDef></li><li><records>
AEAcRQ==
</records><thingDef>M_MechaSnekFourArmWinged</thingDef></li><li><records>
AEAcRQ==
</records><thingDef>M_MechaSnekSixArm</thingDef></li><li><records>
AEAcRQ==
</records><thingDef>M_MechaSnekSixArmWinged</thingDef></li><li><records>
AEAcRQ==
</records><thingDef>M_MechaSnekWinged</thingDef></li><li><records>
AEAcRQ==
</records><thingDef>M_MechaSpooderFourArm</thingDef></li><li><records>
AEAcRQ==
</records><thingDef>M_MechaSpooderFourArmWinged</thingDef></li><li><records>
AEAcRQ==
</records><thingDef>M_MechaSpooderSixArm</thingDef></li><li><records>
AEAcRQ==
</records><thingDef>M_MechaSpooderSixArmWinged</thingDef></li><li><records>
AEAcRQ==
</records><thingDef>M_MechaSpooderWinged</thingDef></li><li><records>
AEAcRQ==
</records><thingDef>M_MechaFourArmTailed</thingDef></li><li><records>
AEAcRQ==
</records><thingDef>M_MechaFourArmTailedWinged</thingDef></li><li><records>
AEAcRQ==
</records><thingDef>M_MechaFourArmWinged</thingDef></li><li><records>
AEAcRQ==
</records><thingDef>M_MechaSixArmTailed</thingDef></li><li><records>
AEAcRQ==
</records><thingDef>M_MechaSixArmTailedWinged</thingDef></li><li><records>
AEAcRQ==
</records><thingDef>M_MechaSixArmWinged</thingDef></li><li><records>
AEAcRQ==
</records><thingDef>M_MechaTailedWinged</thingDef></li><li><records>
AEAcRQ==
</records><thingDef>M_MechaCentaur</thingDef></li><li><records>
AEAcRQ==
</records><thingDef>M_MechaSnek</thingDef></li><li><records>
AEAcRQ==
</records><thingDef>M_MechaSpooder</thingDef></li><li><records>
AEAcRQ==
</records><thingDef>M_MechaFourArm</thingDef></li><li><records>
AEAcRQ==
</records><thingDef>M_MechaSixArm</thingDef></li><li><records>
AEAcRQ==
</records><thingDef>M_MechaTailed</thingDef></li><li><records>
AEAcRQ==
</records><thingDef>M_MechaWinged</thingDef></li><li><records>
AAAAQA==
</records><thingDef>Meat_Bear_Grizzly</thingDef></li><li><records>
AAAAQA==
</records><thingDef>Meat_Cassowary</thingDef></li><li><records>
AAAAQA==
</records><thingDef>Meat_Cougar</thingDef></li><li><records>
AAAAQA==
</records><thingDef>Meat_Panther</thingDef></li><li><records>
AAAAQA==
</records><thingDef>Meat_Lynx</thingDef></li><li><records>
AAAAQA==
</records><thingDef>Meat_Cat</thingDef></li><li><records>
AAAAQA==
</records><thingDef>Meat_YorkshireTerrier</thingDef></li><li><records>
AAAAQA==
</records><thingDef>Meat_GuineaPig</thingDef></li><li><records>
AAAAQA==
</records><thingDef>Meat_LabradorRetriever</thingDef></li><li><records>
AAAAQA==
</records><thingDef>Meat_Husky</thingDef></li><li><records>
AAAAQA==
</records><thingDef>Meat_Monkey</thingDef></li><li><records>
AAAAQA==
</records><thingDef>Meat_Chicken</thingDef></li><li><records>
AAAAQA==
</records><thingDef>Meat_Duck</thingDef></li><li><records>
AAAAQA==
</records><thingDef>Meat_Turkey</thingDef></li><li><records>
AAAAQA==
</records><thingDef>Meat_Cow</thingDef></li><li><records>
AAAAQA==
</records><thingDef>Meat_Boomalope</thingDef></li><li><records>
AAAAQA==
</records><thingDef>Meat_Muffalo</thingDef></li><li><records>
AAAAQA==
</records><thingDef>Meat_Bison</thingDef></li><li><records>
AAAAQA==
</records><thingDef>Meat_Dromedary</thingDef></li><li><records>
AAAAQA==
</records><thingDef>Meat_Goat</thingDef></li><li><records>
AAAAQA==
</records><thingDef>Meat_Elk</thingDef></li><li><records>
AAAAQA==
</records><thingDef>Meat_Yak</thingDef></li><li><records>
AAAAQA==
</records><thingDef>Meat_Caribou</thingDef></li><li><records>
AAAAQA==
</records><thingDef>Meat_Horse</thingDef></li><li><records>
AAAAQA==
</records><thingDef>Meat_Donkey</thingDef></li><li><records>
AAAAQA==
</records><thingDef>Meat_Elephant</thingDef></li><li><records>
AAAAQA==
</records><thingDef>Meat_Rhinoceros</thingDef></li><li><records>
AAAAQA==
</records><thingDef>Meat_Hare</thingDef></li><li><records>
AAAAPw==
</records><thingDef>Meat_Megaspider</thingDef></li><li><records>
AAAAQA==
</records><thingDef>Meat_Thrumbo</thingDef></li><li><records>
AAAAQA==
</records><thingDef>Meat_Cobra</thingDef></li><li><records>
AAAAQA==
</records><thingDef>Meat_Tortoise</thingDef></li><li><records>
AAAAQA==
</records><thingDef>Meat_Alphabeaver</thingDef></li><li><records>
AAAAQA==
</records><thingDef>Meat_Pig</thingDef></li><li><records>
AAAAQA==
</records><thingDef>Meat_Ibex</thingDef></li><li><records>
AAAAQA==
</records><thingDef>Meat_Deer</thingDef></li><li><records>
AAAAQA==
</records><thingDef>Meat_Gazelle</thingDef></li><li><records>
AAAAQA==
</records><thingDef>Meat_Chinchilla</thingDef></li><li><records>
AAAAQA==
</records><thingDef>Meat_Sheep</thingDef></li><li><records>
AAAAQA==
</records><thingDef>Meat_Alpaca</thingDef></li><li><records>
AAAAQA==
</records><thingDef>Meat_Megasloth</thingDef></li><li><records>
AAAAQA==
</records><thingDef>Meat_Capybara</thingDef></li><li><records>
AAAAQA==
</records><thingDef>Meat_Squirrel</thingDef></li><li><records>
AAAAQA==
</records><thingDef>Meat_Rat</thingDef></li><li><records>
AAAAQA==
</records><thingDef>Meat_Boomrat</thingDef></li><li><records>
AAAAQA==
</records><thingDef>Meat_Raccoon</thingDef></li><li><records>
AAAAQA==
</records><thingDef>Meat_Iguana</thingDef></li><li><records>
AAAAQA==
</records><thingDef>Meat_Warg</thingDef></li><li><records>
AAAAQA==
</records><thingDef>Meat_Wolf_Timber</thingDef></li><li><records>
AAAAQA==
</records><thingDef>Meat_Fox_Fennec</thingDef></li><li><records>
zcxMPw==
</records><thingDef>Meat_Human</thingDef></li><li><records>
AAAAQA==
</records><thingDef>Meat_Dryad_Basic</thingDef></li><li><records>
AAAAQA==
</records><thingDef>Meat_WasteRat</thingDef></li><li><records>
AAAAQA==
</records><thingDef>Meat_Toxalope</thingDef></li><li><records>
AAAAQA==
</records><thingDef>Meat_BogHound</thingDef></li><li><records>
AAAAQA==
</records><thingDef>Meat_MonitorLizard</thingDef></li><li><records>
AAAAQA==
</records><thingDef>Meat_PrairieDog</thingDef></li><li><records>
AAAAQA==
</records><thingDef>Meat_Porcupine</thingDef></li><li><records>
AAAAQA==
</records><thingDef>Meat_Mastodon</thingDef></li><li><records>
AAAAQA==
</records><thingDef>Meat_Cat_Scimitar</thingDef></li><li><records>
AAAAQA==
</records><thingDef>Meat_Wolverine</thingDef></li><li><records>
AAAAQA==
</records><thingDef>Meat_Wolf_Great</thingDef></li><li><records>
AAAAQA==
</records><thingDef>Meat_Moose</thingDef></li><li><records>
AAAAQA==
</records><thingDef>Meat_AlphaThrumbo</thingDef></li><li><records>
AAAAQA==
</records><thingDef>Meat_Muskox</thingDef></li><li><records>
AAAAQA==
</records><thingDef>Meat_Tiger</thingDef></li><li><records>
AAAAQA==
</records><thingDef>Meat_Mink</thingDef></li><li><records>
AAAAQA==
</records><thingDef>Meat_Gorilla</thingDef></li><li><records>
AAAAQA==
</records><thingDef>Meat_Badger</thingDef></li><li><records>
AAAAQA==
</records><thingDef>Meat_Panda</thingDef></li><li><records>
AAAAQA==
</records><thingDef>Meat_Hippo</thingDef></li><li><records>
AAAAQA==
</records><thingDef>Meat_Megavole</thingDef></li><li><records>
AAAAQA==
</records><thingDef>Meat_Armadillo</thingDef></li><li><records>
AAAAQA==
</records><thingDef>Meat_Alligator</thingDef></li><li><records>
AAAAQA==
</records><thingDef>Meat_Bullfrog</thingDef></li><li><records>
AAAAQA==
</records><thingDef>Meat_ColossusToad</thingDef></li><li><records>
AAAAQA==
</records><thingDef>Meat_LavaSnail</thingDef></li><li><records>
AAAAQA==
</records><thingDef>Meat_Walrus</thingDef></li><li><records>
AAAAQA==
</records><thingDef>Meat_SeaLion</thingDef></li><li><records>
AAAAQA==
</records><thingDef>Meat_Seal</thingDef></li><li><records>
AAAAQA==
</records><thingDef>Meat_HermitCrab</thingDef></li><li><records>
AAAAQA==
</records><thingDef>Meat_StoneCrab</thingDef></li><li><records>
AAAAQA==
</records><thingDef>Meat_SeaTurtle</thingDef></li><li><records>
AAAAQA==
</records><thingDef>Meat_Otter</thingDef></li><li><records>
AAAAQA==
</records><thingDef>Meat_AA_ArcticLion</thingDef></li><li><records>
AAAAQA==
</records><thingDef>Meat_AA_Atispec</thingDef></li><li><records>
AAAAQA==
</records><thingDef>Meat_AA_Behemoth</thingDef></li><li><records>
AAAAQA==
</records><thingDef>Meat_AA_BoulderMit</thingDef></li><li><records>
AAAAQA==
</records><thingDef>Meat_AA_DevilSheep</thingDef></li><li><records>
AAAAQA==
</records><thingDef>Meat_AA_Frostling</thingDef></li><li><records>
AAAAQA==
</records><thingDef>Meat_AA_Gallatross</thingDef></li><li><records>
AAAAQA==
</records><thingDef>Meat_AA_Gigantelope</thingDef></li><li><records>
AAAAQA==
</records><thingDef>Meat_AA_Groundrunner</thingDef></li><li><records>
AAAAQA==
</records><thingDef>Meat_AA_Helixien</thingDef></li><li><records>
AAAAQA==
</records><thingDef>Meat_AA_MeadowAve</thingDef></li><li><records>
AAAAQA==
</records><thingDef>Meat_AA_NightMule</thingDef></li><li><records>
AAAAQA==
</records><thingDef>Meat_AA_Nightling</thingDef></li><li><records>
AAAAQA==
</records><thingDef>Meat_AA_OvergrownColossus</thingDef></li><li><records>
AAAAQA==
</records><thingDef>Meat_AA_RaptorShrimp</thingDef></li><li><records>
AAAAQA==
</records><thingDef>Meat_AA_Razorjack</thingDef></li><li><records>
AAAAQA==
</records><thingDef>Meat_AA_RipperHound</thingDef></li><li><records>
AAAAQA==
</records><thingDef>Meat_AA_RoughPlatedMonitor</thingDef></li><li><records>
AAAAQA==
</records><thingDef>Meat_AA_SandSquid</thingDef></li><li><records>
AAAAQA==
</records><thingDef>Meat_AA_Skyeel</thingDef></li><li><records>
AAAAQA==
</records><thingDef>Meat_AEXP_Giraffe</thingDef></li><li><records>
AAAAQA==
</records><thingDef>Meat_AEXP_Crocodile</thingDef></li><li><records>
AAAAQA==
</records><thingDef>Meat_AEXP_Cheetah</thingDef></li><li><records>
AAAAQA==
</records><thingDef>Meat_AEXP_Kangaroo</thingDef></li><li><records>
AAAAQA==
</records><thingDef>Meat_AEXP_Koala</thingDef></li><li><records>
AAAAQA==
</records><thingDef>Meat_AEXP_Platypus</thingDef></li><li><records>
AAAAQA==
</records><thingDef>Meat_AEXP_Hyena</thingDef></li><li><records>
AAAAQA==
</records><thingDef>Meat_AEXP_Lion</thingDef></li><li><records>
AAAAQA==
</records><thingDef>Meat_AEXP_Beagle</thingDef></li><li><records>
AAAAQA==
</records><thingDef>Meat_AEXP_RedPanda</thingDef></li><li><records>
AAAAQA==
</records><thingDef>Meat_AEXP_Hedgehog</thingDef></li><li><records>
AAAAQA==
</records><thingDef>Meat_AEXP_Jaguar</thingDef></li><li><records>
AAAAQA==
</records><thingDef>Meat_AEXP_Lemur</thingDef></li><li><records>
AAAAQA==
</records><thingDef>Meat_AEXP_MegaWolverine</thingDef></li><li><records>
AIA7RQ==
</records><thingDef>Techprint_CataphractArmor</thingDef></li><li><records>
AAD6RA==
</records><thingDef>Techprint_JumpPack</thingDef></li><li><records>
AAB6RA==
</records><thingDef>Techprint_BrainWiring</thingDef></li><li><records>
AAB6RA==
</records><thingDef>Techprint_SpecializedLimbs</thingDef></li><li><records>
AAB6RA==
</records><thingDef>Techprint_CompactWeaponry</thingDef></li><li><records>
AAB6RA==
</records><thingDef>Techprint_VenomSynthesis</thingDef></li><li><records>
AAD6RA==
</records><thingDef>Techprint_ArtificialMetabolism</thingDef></li><li><records>
AAD6RA==
</records><thingDef>Techprint_NeuralComputation</thingDef></li><li><records>
AAD6RA==
</records><thingDef>Techprint_SkinHardening</thingDef></li><li><records>
AAD6RA==
</records><thingDef>Techprint_HealingFactors</thingDef></li><li><records>
AAD6RA==
</records><thingDef>Techprint_FleshShaping</thingDef></li><li><records>
AAD6RA==
</records><thingDef>Techprint_MolecularAnalysis</thingDef></li><li><records>
AAD6RA==
</records><thingDef>Techprint_CircadianInfluence</thingDef></li><li><records>
AAB6RA==
</records><thingDef>Techprint_XR_Orkish_Lore</thingDef></li><li><records>
AMDaRA==
</records><thingDef>Techprint_Biopsylink</thingDef></li><li><records>
AIA7RA==
</records><thingDef>Neurotrainer_Shooting</thingDef></li><li><records>
AIA7RA==
</records><thingDef>Neurotrainer_Melee</thingDef></li><li><records>
AIA7RA==
</records><thingDef>Neurotrainer_Construction</thingDef></li><li><records>
AIA7RA==
</records><thingDef>Neurotrainer_Mining</thingDef></li><li><records>
AIA7RA==
</records><thingDef>Neurotrainer_Cooking</thingDef></li><li><records>
AIA7RA==
</records><thingDef>Neurotrainer_Plants</thingDef></li><li><records>
AIA7RA==
</records><thingDef>Neurotrainer_Animals</thingDef></li><li><records>
AIA7RA==
</records><thingDef>Neurotrainer_Crafting</thingDef></li><li><records>
AIA7RA==
</records><thingDef>Neurotrainer_Artistic</thingDef></li><li><records>
AIA7RA==
</records><thingDef>Neurotrainer_Medicine</thingDef></li><li><records>
AIA7RA==
</records><thingDef>Neurotrainer_Social</thingDef></li><li><records>
AIA7RA==
</records><thingDef>Neurotrainer_Intellectual</thingDef></li><li><records>
AABIRA==
</records><thingDef>Psytrainer_VPE_WordofTrust</thingDef></li><li><records>
AICJRA==
</records><thingDef>Psytrainer_VPE_WordofProductivity</thingDef></li><li><records>
AICJRA==
</records><thingDef>Psytrainer_VPE_BlindingPulse</thingDef></li><li><records>
AACvRA==
</records><thingDef>Psytrainer_VPE_WordofAlliance</thingDef></li><li><records>
AACvRA==
</records><thingDef>Psytrainer_VPE_GroupLink</thingDef></li><li><records>
AACvRA==
</records><thingDef>Psytrainer_VPE_WordofPain</thingDef></li><li><records>
AIDURA==
</records><thingDef>Psytrainer_VPE_MindBreak</thingDef></li><li><records>
AIDURA==
</records><thingDef>Psytrainer_VPE_WordofProtection</thingDef></li><li><records>
AAD6RA==
</records><thingDef>Psytrainer_VPE_DrainPsyessence</thingDef></li><li><records>
AAD6RA==
</records><thingDef>Psytrainer_VPE_MassHallucination</thingDef></li><li><records>
AABIRA==
</records><thingDef>Psytrainer_VPE_Burden</thingDef></li><li><records>
AABIRA==
</records><thingDef>Psytrainer_VPE_Stun</thingDef></li><li><records>
AICJRA==
</records><thingDef>Psytrainer_VPE_PsychicShock</thingDef></li><li><records>
AICJRA==
</records><thingDef>Psytrainer_VPE_NeuralHeatDump</thingDef></li><li><records>
AACvRA==
</records><thingDef>Psytrainer_VPE_Berserk</thingDef></li><li><records>
AACvRA==
</records><thingDef>Psytrainer_VPE_AggressiveHeatDump</thingDef></li><li><records>
AIDURA==
</records><thingDef>Psytrainer_VPE_BerserkPulse</thingDef></li><li><records>
AIDURA==
</records><thingDef>Psytrainer_VPE_PsychicDrone</thingDef></li><li><records>
AIDURA==
</records><thingDef>Psytrainer_VPE_NeuralHeatDetonation</thingDef></li><li><records>
AAD6RA==
</records><thingDef>Psytrainer_VPE_Neuroquake</thingDef></li><li><records>
AABIRA==
</records><thingDef>Psytrainer_VPE_PlantTimeskip</thingDef></li><li><records>
AABIRA==
</records><thingDef>Psytrainer_VPE_TimeskipMeditation</thingDef></li><li><records>
AABIRA==
</records><thingDef>Psytrainer_VPE_WordofForetelling</thingDef></li><li><records>
AICJRA==
</records><thingDef>Psytrainer_VPE_CraftTimeskip</thingDef></li><li><records>
AICJRA==
</records><thingDef>Psytrainer_VPE_Age</thingDef></li><li><records>
AIDURA==
</records><thingDef>Psytrainer_VPE_RaidPause</thingDef></li><li><records>
AIDURA==
</records><thingDef>Psytrainer_VPE_SeasonTimeskip</thingDef></li><li><records>
AAD6RA==
</records><thingDef>Psytrainer_VPE_TimeSphere</thingDef></li><li><records>
AAD6RA==
</records><thingDef>Psytrainer_VPE_TimeReversal</thingDef></li><li><records>
AAD6RA==
</records><thingDef>Psytrainer_VPE_Timequake</thingDef></li><li><records>
AABIRA==
</records><thingDef>Psytrainer_VPE_Flameball</thingDef></li><li><records>
AICJRA==
</records><thingDef>Psytrainer_VPE_SelfExplosion</thingDef></li><li><records>
AACvRA==
</records><thingDef>Psytrainer_VPE_Explosion</thingDef></li><li><records>
AACvRA==
</records><thingDef>Psytrainer_VPE_FireShield</thingDef></li><li><records>
AACvRA==
</records><thingDef>Psytrainer_VPE_BreatheFlame</thingDef></li><li><records>
AIDURA==
</records><thingDef>Psytrainer_VPE_EyeBlast</thingDef></li><li><records>
AIDURA==
</records><thingDef>Psytrainer_VPE_QuenchFlames</thingDef></li><li><records>
AIDURA==
</records><thingDef>Psytrainer_VPE_MeteorShower</thingDef></li><li><records>
AAD6RA==
</records><thingDef>Psytrainer_VPE_FireBeam</thingDef></li><li><records>
AAD6RA==
</records><thingDef>Psytrainer_VPE_FlameTornado</thingDef></li><li><records>
AABIRA==
</records><thingDef>Psytrainer_VPE_WordofJoy</thingDef></li><li><records>
AICJRA==
</records><thingDef>Psytrainer_VPE_WordofLove</thingDef></li><li><records>
AICJRA==
</records><thingDef>Psytrainer_VPE_WordofSerenity</thingDef></li><li><records>
AICJRA==
</records><thingDef>Psytrainer_VPE_WordofInspiration</thingDef></li><li><records>
AACvRA==
</records><thingDef>Psytrainer_VPE_SootheMale</thingDef></li><li><records>
AACvRA==
</records><thingDef>Psytrainer_VPE_SootheFemale</thingDef></li><li><records>
AIDURA==
</records><thingDef>Psytrainer_VPE_Bliss</thingDef></li><li><records>
AIDURA==
</records><thingDef>Psytrainer_VPE_EnergyDump</thingDef></li><li><records>
AIDURA==
</records><thingDef>Psytrainer_VPE_MindWipe</thingDef></li><li><records>
AAD6RA==
</records><thingDef>Psytrainer_VPE_ReunionFarskip</thingDef></li><li><records>
AABIRA==
</records><thingDef>Psytrainer_VPE_IceBreath</thingDef></li><li><records>
AABIRA==
</records><thingDef>Psytrainer_VPE_IceSpike</thingDef></li><li><records>
AABIRA==
</records><thingDef>Psytrainer_VPE_IceShield</thingDef></li><li><records>
AICJRA==
</records><thingDef>Psytrainer_VPE_FrostRay</thingDef></li><li><records>
AICJRA==
</records><thingDef>Psytrainer_VPE_IceCrystal</thingDef></li><li><records>
AACvRA==
</records><thingDef>Psytrainer_VPE_ColdZone</thingDef></li><li><records>
AACvRA==
</records><thingDef>Psytrainer_VPE_IceBlock</thingDef></li><li><records>
AACvRA==
</records><thingDef>Psytrainer_VPE_SnapFreeze</thingDef></li><li><records>
AIDURA==
</records><thingDef>Psytrainer_VPE_IceWall</thingDef></li><li><records>
AAD6RA==
</records><thingDef>Psytrainer_VPE_Blizzard</thingDef></li><li><records>
AABIRA==
</records><thingDef>Psytrainer_VPE_Mindcontrol</thingDef></li><li><records>
AABIRA==
</records><thingDef>Psytrainer_VPE_PsychicGuidance</thingDef></li><li><records>
AABIRA==
</records><thingDef>Psytrainer_VPE_TransmuteStone</thingDef></li><li><records>
AICJRA==
</records><thingDef>Psytrainer_VPE_HeatFocus</thingDef></li><li><records>
AICJRA==
</records><thingDef>Psytrainer_VPE_LuckTransfer</thingDef></li><li><records>
AACvRA==
</records><thingDef>Psytrainer_VPE_BendProbability</thingDef></li><li><records>
AACvRA==
</records><thingDef>Psytrainer_VPE_LocationSwap</thingDef></li><li><records>
AIDURA==
</records><thingDef>Psytrainer_VPE_HealthSwap</thingDef></li><li><records>
AIDURA==
</records><thingDef>Psytrainer_VPE_Transmutation</thingDef></li><li><records>
AAD6RA==
</records><thingDef>Psytrainer_VPE_SkillRoll</thingDef></li><li><records>
AABIRA==
</records><thingDef>Psytrainer_VPE_WordofFear</thingDef></li><li><records>
AICJRA==
</records><thingDef>Psytrainer_VPE_Liferot</thingDef></li><li><records>
AICJRA==
</records><thingDef>Psytrainer_VPE_StealVitality</thingDef></li><li><records>
AACvRA==
</records><thingDef>Psytrainer_VPE_ParalysisPulse</thingDef></li><li><records>
AACvRA==
</records><thingDef>Psytrainer_VPE_Corpsetalk</thingDef></li><li><records>
AACvRA==
</records><thingDef>Psytrainer_VPE_Ghostwalk</thingDef></li><li><records>
AIDURA==
</records><thingDef>Psytrainer_VPE_ConsumeBodies</thingDef></li><li><records>
AAD6RA==
</records><thingDef>Psytrainer_VPE_Deathshield</thingDef></li><li><records>
AAD6RA==
</records><thingDef>Psytrainer_VPE_Enthrall</thingDef></li><li><records>
AAD6RA==
</records><thingDef>Psytrainer_VPE_Resurrect</thingDef></li><li><records>
AABIRA==
</records><thingDef>Psytrainer_VPE_Darkvision</thingDef></li><li><records>
AABIRA==
</records><thingDef>Psytrainer_VPE_Darkness</thingDef></li><li><records>
AICJRA==
</records><thingDef>Psytrainer_VPE_Obscure</thingDef></li><li><records>
AICJRA==
</records><thingDef>Psytrainer_VPE_Eclipse</thingDef></li><li><records>
AACvRA==
</records><thingDef>Psytrainer_VPE_Shadowskip</thingDef></li><li><records>
AACvRA==
</records><thingDef>Psytrainer_VPE_Decoy</thingDef></li><li><records>
AIDURA==
</records><thingDef>Psytrainer_VPE_ShadowFocus</thingDef></li><li><records>
AIDURA==
</records><thingDef>Psytrainer_VPE_IntensifyShadows</thingDef></li><li><records>
AAD6RA==
</records><thingDef>Psytrainer_VPE_Assassinate</thingDef></li><li><records>
AAD6RA==
</records><thingDef>Psytrainer_VPE_Nightstep</thingDef></li><li><records>
AABIRA==
</records><thingDef>Psytrainer_VPE_Painblock</thingDef></li><li><records>
AABIRA==
</records><thingDef>Psytrainer_VPE_WordofHealing</thingDef></li><li><records>
AICJRA==
</records><thingDef>Psytrainer_VPE_Stabilize</thingDef></li><li><records>
AICJRA==
</records><thingDef>Psytrainer_VPE_WordofImmunity</thingDef></li><li><records>
AACvRA==
</records><thingDef>Psytrainer_VPE_Overshield</thingDef></li><li><records>
AACvRA==
</records><thingDef>Psytrainer_VPE_Focus</thingDef></li><li><records>
AIDURA==
</records><thingDef>Psytrainer_VPE_Skipshield</thingDef></li><li><records>
AIDURA==
</records><thingDef>Psytrainer_VPE_Invisibility</thingDef></li><li><records>
AIDURA==
</records><thingDef>Psytrainer_VPE_RegrowLimbs</thingDef></li><li><records>
AAD6RA==
</records><thingDef>Psytrainer_VPE_GuardianSkipbarrier</thingDef></li><li><records>
AABIRA==
</records><thingDef>Psytrainer_VPE_SolarPinhole</thingDef></li><li><records>
AICJRA==
</records><thingDef>Psytrainer_VPE_Chunkskip</thingDef></li><li><records>
AICJRA==
</records><thingDef>Psytrainer_VPE_Waterskip</thingDef></li><li><records>
AACvRA==
</records><thingDef>Psytrainer_VPE_ChaosSkip</thingDef></li><li><records>
AICJRA==
</records><thingDef>Psytrainer_VPE_Skip</thingDef></li><li><records>
AIDURA==
</records><thingDef>Psytrainer_VPE_Wallraise</thingDef></li><li><records>
AIDURA==
</records><thingDef>Psytrainer_VPE_Smokepop</thingDef></li><li><records>
AIDURA==
</records><thingDef>Psytrainer_VPE_MassChaosSkip</thingDef></li><li><records>
AAD6RA==
</records><thingDef>Psytrainer_VPE_Skipdoor</thingDef></li><li><records>
AAD6RA==
</records><thingDef>Psytrainer_VPE_Farskip</thingDef></li><li><records>
AABIRA==
</records><thingDef>Psytrainer_VPE_Bolt</thingDef></li><li><records>
AICJRA==
</records><thingDef>Psytrainer_VPE_ChainBolt</thingDef></li><li><records>
AICJRA==
</records><thingDef>Psytrainer_VPE_Thunderbolt</thingDef></li><li><records>
AICJRA==
</records><thingDef>Psytrainer_VPE_StaticAura</thingDef></li><li><records>
AACvRA==
</records><thingDef>Psytrainer_VPE_Recharge</thingDef></li><li><records>
AACvRA==
</records><thingDef>Psytrainer_VPE_BallLightning</thingDef></li><li><records>
AACvRA==
</records><thingDef>Psytrainer_VPE_StaticPulse</thingDef></li><li><records>
AIDURA==
</records><thingDef>Psytrainer_VPE_Vortex</thingDef></li><li><records>
AAD6RA==
</records><thingDef>Psytrainer_VPE_Hurricane</thingDef></li><li><records>
AAD6RA==
</records><thingDef>Psytrainer_VPE_Flashstorm</thingDef></li><li><records>
AABIRA==
</records><thingDef>Psytrainer_VPE_EnchantQuality</thingDef></li><li><records>
AABIRA==
</records><thingDef>Psytrainer_VPE_Mend</thingDef></li><li><records>
AICJRA==
</records><thingDef>Psytrainer_VPE_ConjureHeatPearls</thingDef></li><li><records>
AICJRA==
</records><thingDef>Psytrainer_VPE_Haywire</thingDef></li><li><records>
AICJRA==
</records><thingDef>Psytrainer_VPE_Power</thingDef></li><li><records>
AACvRA==
</records><thingDef>Psytrainer_VPE_RockConstruct</thingDef></li><li><records>
AACvRA==
</records><thingDef>Psytrainer_VPE_SteelConstruct</thingDef></li><li><records>
AIDURA==
</records><thingDef>Psytrainer_VPE_CraftPsyRing</thingDef></li><li><records>
AIDURA==
</records><thingDef>Psytrainer_VPE_WordofProgress</thingDef></li><li><records>
AAD6RA==
</records><thingDef>Psytrainer_VPE_ReverseEngineer</thingDef></li><li><records>
AABIRA==
</records><thingDef>Psytrainer_VPE_SpeedBoost</thingDef></li><li><records>
AICJRA==
</records><thingDef>Psytrainer_VPE_BladeFocus</thingDef></li><li><records>
AICJRA==
</records><thingDef>Psytrainer_VPE_FiringFocus</thingDef></li><li><records>
AICJRA==
</records><thingDef>Psytrainer_VPE_PowerLeap</thingDef></li><li><records>
AACvRA==
</records><thingDef>Psytrainer_VPE_AdrenalineRush</thingDef></li><li><records>
AIDURA==
</records><thingDef>Psytrainer_VPE_ControlledFrenzy</thingDef></li><li><records>
AIDURA==
</records><thingDef>Psytrainer_VPE_GuidedShot</thingDef></li><li><records>
AIDURA==
</records><thingDef>Psytrainer_VPE_Beckon</thingDef></li><li><records>
AAD6RA==
</records><thingDef>Psytrainer_VPE_Killskip</thingDef></li><li><records>
AAD6RA==
</records><thingDef>Psytrainer_VPE_MassBeckon</thingDef></li><li><records>
AABIRA==
</records><thingDef>Psytrainer_VPE_BrambleMaze</thingDef></li><li><records>
AICJRA==
</records><thingDef>Psytrainer_VPE_CropBurst</thingDef></li><li><records>
AACvRA==
</records><thingDef>Psytrainer_VPE_WordofAnimals</thingDef></li><li><records>
AACvRA==
</records><thingDef>Psytrainer_VPE_ManhunterPulse</thingDef></li><li><records>
AACvRA==
</records><thingDef>Psytrainer_VPE_TreeSprout</thingDef></li><li><records>
AIDURA==
</records><thingDef>Psytrainer_VPE_ShieldAnimals</thingDef></li><li><records>
AIDURA==
</records><thingDef>Psytrainer_VPE_AnimalAllies</thingDef></li><li><records>
AIDURA==
</records><thingDef>Psytrainer_VPE_Shrineshield</thingDef></li><li><records>
AAD6RA==
</records><thingDef>Psytrainer_VPE_EssenceTransfer</thingDef></li><li><records>
AAD6RA==
</records><thingDef>Psytrainer_VPE_SummonPack</thingDef></li><li><records>
AABIRA==
</records><thingDef>Psytrainer_AAVPE_VenomSpit</thingDef></li><li><records>
AICJRA==
</records><thingDef>Psytrainer_AAVPE_SummonBlackScarab</thingDef></li><li><records>
AACvRA==
</records><thingDef>Psytrainer_AAVPE_SummonBlackSpelopede</thingDef></li><li><records>
AACvRA==
</records><thingDef>Psytrainer_AAVPE_StrengthenInsect</thingDef></li><li><records>
AIDURA==
</records><thingDef>Psytrainer_AAVPE_SummonBlackSpider</thingDef></li><li><records>
AIDURA==
</records><thingDef>Psytrainer_AAVPE_SummonMammothWorm</thingDef></li><li><records>
AAD6RA==
</records><thingDef>Psytrainer_AAVPE_SummonBlackQueen</thingDef></li><li><records>
AAD6RA==
</records><thingDef>Psytrainer_AAVPE_SummonHive</thingDef></li><li><records>
AABIRA==
</records><thingDef>Psytrainer_AAVPE_SummonEyeling</thingDef></li><li><records>
AICJRA==
</records><thingDef>Psytrainer_AAVPE_OcularSprout</thingDef></li><li><records>
AABIRA==
</records><thingDef>Psytrainer_AAVPE_StrikeEyes</thingDef></li><li><records>
AICJRA==
</records><thingDef>Psytrainer_AAVPE_EyeEruption</thingDef></li><li><records>
AACvRA==
</records><thingDef>Psytrainer_AAVPE_SummonOcularOriginator</thingDef></li><li><records>
AIDURA==
</records><thingDef>Psytrainer_AAVPE_SummonEyelingHorde</thingDef></li><li><records>
AIDURA==
</records><thingDef>Psytrainer_AAVPE_GreaterOcularSprout</thingDef></li><li><records>
AABIRA==
</records><thingDef>Psytrainer_AAVPE_Slice</thingDef></li><li><records>
AICJRA==
</records><thingDef>Psytrainer_AAVPE_ClawFrenzy</thingDef></li><li><records>
AICJRA==
</records><thingDef>Psytrainer_AAVPE_DisablingStrike</thingDef></li><li><records>
AACvRA==
</records><thingDef>Psytrainer_AAVPE_Skewer</thingDef></li><li><records>
AACvRA==
</records><thingDef>Psytrainer_AAVPE_Charge</thingDef></li><li><records>
AIDURA==
</records><thingDef>Psytrainer_AAVPE_ChargeAndSkewer</thingDef></li><li><records>
AACvRA==
</records><thingDef>Psytrainer_AAVPE_EmpBlow</thingDef></li><li><records>
AIDURA==
</records><thingDef>Psytrainer_AAVPE_SpinCut</thingDef></li><li><records>
AAD6RA==
</records><thingDef>Psytrainer_AAVPE_LegSkip</thingDef></li><li><records>
AAD6RA==
</records><thingDef>Psytrainer_AAVPE_KO</thingDef></li><li><records>
AAD6RA==
</records><thingDef>Psytrainer_AAVPE_FatalBlow</thingDef></li><li><records>
AABIRA==
</records><thingDef>Psytrainer_AAVPE_ChemfuelNodules</thingDef></li><li><records>
AABIRA==
</records><thingDef>Psytrainer_AAVPE_Hover</thingDef></li><li><records>
AICJRA==
</records><thingDef>Psytrainer_AAVPE_FungalSkin</thingDef></li><li><records>
AICJRA==
</records><thingDef>Psytrainer_AAVPE_WebSlinging</thingDef></li><li><records>
AACvRA==
</records><thingDef>Psytrainer_AAVPE_LightSustenance</thingDef></li><li><records>
AACvRA==
</records><thingDef>Psytrainer_AAVPE_AcidSpit</thingDef></li><li><records>
AACvRA==
</records><thingDef>Psytrainer_AAVPE_Laser</thingDef></li><li><records>
AIDURA==
</records><thingDef>Psytrainer_AAVPE_Electrify</thingDef></li><li><records>
AIDURA==
</records><thingDef>Psytrainer_AAVPE_Regeneration</thingDef></li><li><records>
AABIRA==
</records><thingDef>Psytrainer_VPEP_BrainCut</thingDef></li><li><records>
AABIRA==
</records><thingDef>Psytrainer_VPEP_BrainLeech</thingDef></li><li><records>
AICJRA==
</records><thingDef>Psytrainer_VPEP_Subjugation</thingDef></li><li><records>
AICJRA==
</records><thingDef>Psytrainer_VPEP_Degrade</thingDef></li><li><records>
AACvRA==
</records><thingDef>Psytrainer_VPEP_Puppet</thingDef></li><li><records>
AIDURA==
</records><thingDef>Psytrainer_VPEP_SummonPuppet</thingDef></li><li><records>
AIDURA==
</records><thingDef>Psytrainer_VPEP_MindSplit</thingDef></li><li><records>
AAD6RA==
</records><thingDef>Psytrainer_VPEP_PuppetSwarm</thingDef></li><li><records>
AAD6RA==
</records><thingDef>Psytrainer_VPEP_Ascension</thingDef></li><li><records>
AAD6RA==
</records><thingDef>Psytrainer_VPEP_MindJump</thingDef></li><li><records>
AABIRA==
</records><thingDef>Psytrainer_HVT_WordOfEnnui</thingDef></li><li><records>
AABIRA==
</records><thingDef>Psytrainer_HVT_WordOfVerve</thingDef></li><li><records>
AICJRA==
</records><thingDef>Psytrainer_HVT_ExciseTrait</thingDef></li><li><records>
AICJRA==
</records><thingDef>Psytrainer_HVT_Joyzone</thingDef></li><li><records>
AACvRA==
</records><thingDef>Psytrainer_HVT_Viciousness</thingDef></li><li><records>
AACvRA==
</records><thingDef>Psytrainer_HVT_WordOfGenius</thingDef></li><li><records>
AIDURA==
</records><thingDef>Psytrainer_HVT_MoveUnseen</thingDef></li><li><records>
AIDURA==
</records><thingDef>Psytrainer_HVT_Wimpzone</thingDef></li><li><records>
AIDURA==
</records><thingDef>Psytrainer_HVT_MuscularInnervation</thingDef></li><li><records>
AAD6RA==
</records><thingDef>Psytrainer_HVT_TabulaRasa</thingDef></li><li><records>
AABIRA==
</records><thingDef>Psytrainer_VPER_Etch_Runecircle</thingDef></li><li><records>
AICJRA==
</records><thingDef>Psytrainer_VPER_Invoke_Stun</thingDef></li><li><records>
AICJRA==
</records><thingDef>Psytrainer_VPER_Invoke_Speed</thingDef></li><li><records>
AACvRA==
</records><thingDef>Psytrainer_VPER_Invoke_Turret</thingDef></li><li><records>
AACvRA==
</records><thingDef>Psytrainer_VPER_Invoke_Defense</thingDef></li><li><records>
AIDURA==
</records><thingDef>Psytrainer_VPER_Invoke_Explosion</thingDef></li><li><records>
AIDURA==
</records><thingDef>Psytrainer_VPER_Invoke_Wrath</thingDef></li><li><records>
AAD6RA==
</records><thingDef>Psytrainer_VPER_Invoke_Summon</thingDef></li><li><records>
AAD6RA==
</records><thingDef>Psytrainer_VPER_Etch_Runecircle_Greater</thingDef></li><li><records>
AAD6RA==
</records><thingDef>Psytrainer_VPER_Invoke_Heal</thingDef></li><li><records>
AABIRA==
</records><thingDef>Psytrainer_VPEH_Bloodfocus</thingDef></li><li><records>
AABIRA==
</records><thingDef>Psytrainer_VPEH_BloodShard</thingDef></li><li><records>
AABIRA==
</records><thingDef>Psytrainer_VPEH_BloodSpew</thingDef></li><li><records>
AICJRA==
</records><thingDef>Psytrainer_VPEH_CloseWounds</thingDef></li><li><records>
AICJRA==
</records><thingDef>Psytrainer_VPEH_Hemodrain</thingDef></li><li><records>
AACvRA==
</records><thingDef>Psytrainer_VPEH_CorpseExplosion</thingDef></li><li><records>
AACvRA==
</records><thingDef>Psytrainer_VPEH_WordofOffering</thingDef></li><li><records>
AIDURA==
</records><thingDef>Psytrainer_VPEH_SanguineSpear</thingDef></li><li><records>
AIDURA==
</records><thingDef>Psytrainer_VPEH_BloodRite</thingDef></li><li><records>
AAD6RA==
</records><thingDef>Psytrainer_VPEH_Bloodstorm</thingDef></li></values></priceHistoryRecorders><companies><li><name>Ultrafine Traders</name><traderKind>LT_Orbital_Livestock</traderKind><faction>null</faction><currentValue>748</currentValue><sharesHeldByPlayer /><recorder><records>
AAA7RA==
</records><thingDef>Company_0</thingDef></recorder></li><li><name>HS Transit Company of Voidborn Consortium</name><traderKind>Orbital_Exotic</traderKind><faction>Faction_408</faction><currentValue>582</currentValue><loadID>1</loadID><sharesHeldByPlayer /><recorder><records>
AIARRA==
</records><thingDef>Company_1</thingDef></recorder></li><li><name>Novunis Industries</name><traderKind>LT_Orbital_Livestock</traderKind><faction>null</faction><currentValue>639</currentValue><loadID>2</loadID><sharesHeldByPlayer /><recorder><records>
AMAfRA==
</records><thingDef>Company_2</thingDef></recorder></li><li><name>WH Company of Voidborn Consortium</name><traderKind>Orbital_PirateMerchant</traderKind><faction>Faction_408</faction><currentValue>464</currentValue><loadID>3</loadID><sharesHeldByPlayer /><recorder><records>
AADoQw==
</records><thingDef>Company_3</thingDef></recorder></li><li><name>Notorious Gnat Interstellar of Voidborn Consortium</name><traderKind>Orbital_PirateMerchant</traderKind><faction>Faction_408</faction><currentValue>976</currentValue><loadID>4</loadID><sharesHeldByPlayer /><recorder><records>
AAB0RA==
</records><thingDef>Company_4</thingDef></recorder></li><li><name>Neighborly Tree Traders of Voidborn Consortium</name><traderKind>Orbital_Exotic</traderKind><faction>Faction_408</faction><currentValue>664</currentValue><loadID>5</loadID><sharesHeldByPlayer /><recorder><records>
AAAmRA==
</records><thingDef>Company_5</thingDef></recorder></li><li><name>Sulight Export Company of Voidborn Consortium</name><traderKind>Orbital_Exotic</traderKind><faction>Faction_408</faction><currentValue>399</currentValue><loadID>6</loadID><sharesHeldByPlayer /><recorder><records>
AIDHQw==
</records><thingDef>Company_6</thingDef></recorder></li><li><name>PX Traders of Voidborn Consortium</name><traderKind>Orbital_PirateMerchant</traderKind><faction>Faction_408</faction><currentValue>381</currentValue><loadID>7</loadID><sharesHeldByPlayer /><recorder><records>
AIC+Qw==
</records><thingDef>Company_7</thingDef></recorder></li><li><name>Erisen Transit Company of Voidborn Consortium</name><traderKind>Orbital_Exotic</traderKind><faction>Faction_408</faction><currentValue>612</currentValue><loadID>8</loadID><sharesHeldByPlayer /><recorder><records>
AAAZRA==
</records><thingDef>Company_8</thingDef></recorder></li><li><name>Capital Solutions of Voidborn Consortium</name><traderKind>Orbital_PirateMerchant</traderKind><faction>Faction_408</faction><currentValue>756</currentValue><loadID>9</loadID><sharesHeldByPlayer /><recorder><records>
AAA9RA==
</records><thingDef>Company_9</thingDef></recorder></li><li><name>Terrifying Travelers of Voidborn Consortium</name><traderKind>Orbital_BulkGoods</traderKind><faction>Faction_408</faction><currentValue>758</currentValue><loadID>10</loadID><sharesHeldByPlayer /><recorder><records>
AIA9RA==
</records><thingDef>Company_10</thingDef></recorder></li><li><name>MR Industries of Voidborn Consortium</name><traderKind>Orbital_Exotic</traderKind><faction>Faction_408</faction><currentValue>732</currentValue><loadID>11</loadID><sharesHeldByPlayer /><recorder><records>
AAA3RA==
</records><thingDef>Company_11</thingDef></recorder></li><li><name>Uncle Partners of Voidborn Consortium</name><traderKind>Orbital_CombatSupplier</traderKind><faction>Faction_408</faction><currentValue>26</currentValue><loadID>12</loadID><sharesHeldByPlayer /><recorder><records>
AADQQQ==
</records><thingDef>Company_12</thingDef></recorder></li><li><name>Narda Company</name><traderKind>SOM_Orbital_BookMerchant</traderKind><faction>null</faction><currentValue>553</currentValue><loadID>13</loadID><sharesHeldByPlayer /><recorder><records>
AEAKRA==
</records><thingDef>Company_13</thingDef></recorder></li><li><name>Vornax Shipping of Voidborn Consortium</name><traderKind>Orbital_PirateMerchant</traderKind><faction>Faction_408</faction><currentValue>955</currentValue><loadID>14</loadID><sharesHeldByPlayer /><recorder><records>
AMBuRA==
</records><thingDef>Company_14</thingDef></recorder></li><li><name>Supporter Corporation of Voidborn Consortium</name><traderKind>Orbital_BulkGoods</traderKind><faction>Faction_408</faction><currentValue>814</currentValue><loadID>15</loadID><sharesHeldByPlayer /><recorder><records>
AIBLRA==
</records><thingDef>Company_15</thingDef></recorder></li><li><name>Treal Partners of Voidborn Consortium</name><traderKind>Orbital_CombatSupplier</traderKind><faction>Faction_408</faction><currentValue>762</currentValue><loadID>16</loadID><sharesHeldByPlayer /><recorder><records>
AIA+RA==
</records><thingDef>Company_16</thingDef></recorder></li><li><name>Receptive Larch Transport Company of Voidborn Consortium</name><traderKind>Orbital_Exotic</traderKind><faction>Faction_408</faction><currentValue>153</currentValue><loadID>17</loadID><sharesHeldByPlayer /><recorder><records>
AAAZQw==
</records><thingDef>Company_17</thingDef></recorder></li><li><name>Indulgent Transport Company of Voidborn Consortium</name><traderKind>Orbital_BulkGoods</traderKind><faction>Faction_408</faction><currentValue>275</currentValue><loadID>18</loadID><sharesHeldByPlayer /><recorder><records>
AICJQw==
</records><thingDef>Company_18</thingDef></recorder></li><li><name>Treal Interplanetary of Voidborn Consortium</name><traderKind>Orbital_PirateMerchant</traderKind><faction>Faction_408</faction><currentValue>951</currentValue><loadID>19</loadID><sharesHeldByPlayer /><recorder><records>
AMBtRA==
</records><thingDef>Company_19</thingDef></recorder></li><li><name>Shrub Lubricants of Voidborn Consortium</name><traderKind>Orbital_CombatSupplier</traderKind><faction>Faction_408</faction><currentValue>915</currentValue><loadID>20</loadID><sharesHeldByPlayer /><recorder><records>
AMBkRA==
</records><thingDef>Company_20</thingDef></recorder></li><li><name>Hemlock Traders of Voidborn Consortium</name><traderKind>Orbital_BulkGoods</traderKind><faction>Faction_408</faction><currentValue>530</currentValue><loadID>21</loadID><sharesHeldByPlayer /><recorder><records>
AIAERA==
</records><thingDef>Company_21</thingDef></recorder></li><li><name>WC Lubricants of Voidborn Consortium</name><traderKind>Orbital_PirateMerchant</traderKind><faction>Faction_408</faction><currentValue>814</currentValue><loadID>22</loadID><sharesHeldByPlayer /><recorder><records>
AIBLRA==
</records><thingDef>Company_22</thingDef></recorder></li><li><name>Notorious Interplanetary of Voidborn Consortium</name><traderKind>Orbital_CombatSupplier</traderKind><faction>Faction_408</faction><currentValue>15</currentValue><loadID>23</loadID><sharesHeldByPlayer /><recorder><records>
AABwQQ==
</records><thingDef>Company_23</thingDef></recorder></li><li><name>Solicitous Birch Corporation of Voidborn Consortium</name><traderKind>Orbital_PirateMerchant</traderKind><faction>Faction_408</faction><currentValue>673</currentValue><loadID>24</loadID><sharesHeldByPlayer /><recorder><records>
AEAoRA==
</records><thingDef>Company_24</thingDef></recorder></li><li><name>Southwestern Interstellar</name><traderKind>SOM_Orbital_BookMerchant</traderKind><faction>null</faction><currentValue>632</currentValue><loadID>25</loadID><sharesHeldByPlayer /><recorder><records>
AAAeRA==
</records><thingDef>Company_25</thingDef></recorder></li><li><name>Dealer Travelers of The Refugee Empire</name><traderKind>Orbital_Empire</traderKind><faction>Faction_379</faction><currentValue>172</currentValue><loadID>26</loadID><sharesHeldByPlayer /><recorder><records>
AAAsQw==
</records><thingDef>Company_26</thingDef></recorder></li><li><name>Yrath Corporation of Voidborn Consortium</name><traderKind>Orbital_BulkGoods</traderKind><faction>Faction_408</faction><currentValue>571</currentValue><loadID>27</loadID><sharesHeldByPlayer /><recorder><records>
AMAORA==
</records><thingDef>Company_27</thingDef></recorder></li><li><name>OP Consortium of The Refugee Empire</name><traderKind>Orbital_Empire</traderKind><faction>Faction_379</faction><currentValue>727</currentValue><loadID>28</loadID><sharesHeldByPlayer /><recorder><records>
AMA1RA==
</records><thingDef>Company_28</thingDef></recorder></li><li><name>Zarimax Travelers of Voidborn Consortium</name><traderKind>Orbital_BulkGoods</traderKind><faction>Faction_408</faction><currentValue>130</currentValue><loadID>29</loadID><sharesHeldByPlayer /><recorder><records>
AAACQw==
</records><thingDef>Company_29</thingDef></recorder></li></companies><playerSubmittedContracts /><npcSubmittedContracts><li><reward>2390</reward><item>BlueberryPie</item><amount>15</amount><expiredInTicks>2040000</expiredInTicks><mapToTakeItems>null</mapToTakeItems></li><li><reward>1944</reward><item>Kabob</item><amount>20</amount><expiredInTicks>1200000</expiredInTicks><mapToTakeItems>null</mapToTakeItems></li><li><reward>2383</reward><item>VWE_Gun_RocketLauncher</item><amount>1</amount><expiredInTicks>2700000</expiredInTicks><mapToTakeItems>null</mapToTakeItems></li><li><reward>674</reward><item>VCE_UncookedSoupLavish</item><amount>1</amount><expiredInTicks>2700000</expiredInTicks><mapToTakeItems>null</mapToTakeItems></li><li><reward>619</reward><item>Bow_Short</item><stuff>Bamboo</stuff><amount>8</amount><expiredInTicks>900000</expiredInTicks><mapToTakeItems>null</mapToTakeItems></li><li><reward>844</reward><item>Leather_Chitin</item><amount>125</amount><expiredInTicks>2040000</expiredInTicks><mapToTakeItems>null</mapToTakeItems></li><li><reward>1606</reward><item>Meat_Ibex</item><amount>185</amount><expiredInTicks>2940000</expiredInTicks><mapToTakeItems>null</mapToTakeItems></li><li><reward>1085</reward><item>Leather_Elephant</item><amount>125</amount><expiredInTicks>2700000</expiredInTicks><mapToTakeItems>null</mapToTakeItems></li><li><reward>2176</reward><item>BS_DarkSoulshard</item><amount>1</amount><expiredInTicks>1500000</expiredInTicks><mapToTakeItems>null</mapToTakeItems></li><li><reward>398</reward><item>AA_FeraliskEggUnfertilized</item><amount>40</amount><expiredInTicks>1860000</expiredInTicks><mapToTakeItems>null</mapToTakeItems></li><li><reward>1743</reward><item>VBE_Juice</item><amount>300</amount><expiredInTicks>1980000</expiredInTicks><mapToTakeItems>null</mapToTakeItems></li><li><reward>2660</reward><item>Apparel_ArmorRecon</item><amount>1</amount><expiredInTicks>1260000</expiredInTicks><mapToTakeItems>null</mapToTakeItems></li><li><reward>408</reward><item>Meat_Cougar</item><amount>185</amount><expiredInTicks>1140000</expiredInTicks><mapToTakeItems>null</mapToTakeItems></li><li><reward>1572</reward><item>Leather_Human</item><amount>90</amount><expiredInTicks>1500000</expiredInTicks><mapToTakeItems>null</mapToTakeItems></li><li><reward>805</reward><item>Gun_SmokeLauncher</item><amount>1</amount><expiredInTicks>1260000</expiredInTicks><mapToTakeItems>null</mapToTakeItems></li><li><reward>1249</reward><item>VFES_Headgear_Sombrero</item><stuff>Leather_Human</stuff><amount>3</amount><expiredInTicks>3540000</expiredInTicks><mapToTakeItems>null</mapToTakeItems></li><li><reward>1095</reward><item>BS_Shrink_Serum</item><amount>1</amount><expiredInTicks>2400000</expiredInTicks><mapToTakeItems>null</mapToTakeItems></li><li><reward>2111</reward><item>VCE_CannedAP</item><amount>105</amount><expiredInTicks>2880000</expiredInTicks><mapToTakeItems>null</mapToTakeItems></li><li><reward>6811</reward><item>Apparel_IntegratorHeadset</item><amount>1</amount><expiredInTicks>1020000</expiredInTicks><mapToTakeItems>null</mapToTakeItems></li><li><reward>846</reward><item>VAE_Headgear_HAZMATMask</item><stuff>Hyperweave</stuff><amount>1</amount><expiredInTicks>1080000</expiredInTicks><mapToTakeItems>null</mapToTakeItems></li><li><reward>3310</reward><item>BS_JotunHammer</item><stuff>GU_RedWood</stuff><amount>1</amount><expiredInTicks>2760000</expiredInTicks><mapToTakeItems>null</mapToTakeItems></li><li><reward>743</reward><item>Chocolate</item><amount>125</amount><expiredInTicks>1440000</expiredInTicks><mapToTakeItems>null</mapToTakeItems></li><li><reward>690</reward><item>MealFine</item><amount>20</amount><expiredInTicks>1860000</expiredInTicks><mapToTakeItems>null</mapToTakeItems></li><li><reward>1015</reward><item>Apparel_TortureCrown</item><stuff>Obsidian</stuff><amount>2</amount><expiredInTicks>1080000</expiredInTicks><mapToTakeItems>null</mapToTakeItems></li><li><reward>2975</reward><item>AA_MammothWormEggUnfertilized</item><amount>40</amount><expiredInTicks>3180000</expiredInTicks><mapToTakeItems>null</mapToTakeItems></li><li><reward>534</reward><item>AM_Apparel_Eyepatch</item><amount>15</amount><expiredInTicks>1680000</expiredInTicks><mapToTakeItems>null</mapToTakeItems></li><li><reward>1664</reward><item>MealFine</item><amount>20</amount><expiredInTicks>2280000</expiredInTicks><mapToTakeItems>null</mapToTakeItems></li><li><reward>803</reward><item>Apparel_WarMask</item><stuff>GU_RedWood</stuff><amount>10</amount><expiredInTicks>1080000</expiredInTicks><mapToTakeItems>null</mapToTakeItems></li><li><reward>2888</reward><item>GhoulResurrectionSerum</item><amount>6</amount><expiredInTicks>1440000</expiredInTicks><mapToTakeItems>null</mapToTakeItems></li><li><reward>1041</reward><item>GastroAnalyzer</item><amount>1</amount><expiredInTicks>1260000</expiredInTicks><mapToTakeItems>null</mapToTakeItems></li></npcSubmittedContracts><npcContractsToBeCompleted /><currentCaravanLordsWithContracts><keys /><values /></currentCaravanLordsWithContracts></li>
SaveableFromNode exception: System.ArgumentException: Can't load abstract class Verse.GameComponent
[Ref 797CAF3D]
  at Verse.ScribeExtractor.SaveableFromNode[T] (System.Xml.XmlNode subNode, System.Object[] ctorArgs) [0x00143] in <1a4764477a744bde81c4adb46c2ccd65>:0 
Subnode:
<li Class="VanillaTradingExpanded.TradingManager"><priceModifiers><keys /><values /></priceModifiers><playerTransactionsBySoldPurchasedMarketValue><keys /><values /></playerTransactionsBySoldPurchasedMarketValue><itemsToBeCrashedByTicks><keys /><values /></itemsToBeCrashedByTicks><itemsToBeSqueezeByTicks><keys /><values /></itemsToBeSqueezeByTicks><banksByFaction><keys><li>Faction_356</li><li>Faction_379</li><li>Faction_401</li></keys><values><li><parentFaction>Faction_356</parentFaction><loans /><loanLastTimeTaken><keys /><values /></loanLastTimeTaken></li><li><parentFaction>Faction_379</parentFaction><loans /><loanLastTimeTaken><keys /><values /></loanLastTimeTaken></li><li><parentFaction>Faction_401</parentFaction><loans /><loanLastTimeTaken><keys /><values /></loanLastTimeTaken></li></values></banksByFaction><allNews /><unProcessedNews /><priceHistoryRecorders><keys><li>TextBook</li><li>Schematic</li><li>Novel</li><li>Beer</li><li>Wort</li><li>Ambrosia</li><li>GoJuice</li><li>Luciferium</li><li>Penoxycyline</li><li>Flake</li><li>PsychiteTea</li><li>Yayo</li><li>SmokeleafJoint</li><li>WakeUp</li><li>PsychicAmplifier</li><li>Urn</li><li>SculptureSmall</li><li>SculptureLarge</li><li>SculptureGrand</li><li>Bed</li><li>DoubleBed</li><li>RoyalBed</li><li>HospitalBed</li><li>Bedroll</li><li>BedrollDouble</li><li>AnimalSleepingBox</li><li>AnimalBed</li><li>Stool</li><li>DiningChair</li><li>Armchair</li><li>Couch</li><li>EndTable</li><li>Table1x2c</li><li>Table2x2c</li><li>Table2x4c</li><li>Table3x3c</li><li>PlantPot</li><li>StandingLamp</li><li>SunLamp</li><li>WallLamp</li><li>FloodLight</li><li>Shelf</li><li>ShelfSmall</li><li>Bookcase</li><li>BookcaseSmall</li><li>Dresser</li><li>HorseshoesPin</li><li>HoopstoneRing</li><li>GameOfUrBoard</li><li>ChessTable</li><li>PokerTable</li><li>BilliardsTable</li><li>TubeTelevision</li><li>FlatscreenTelevision</li><li>MegascreenTelevision</li><li>Telescope</li><li>Gloomlight</li><li>EggBox</li><li>OrbitalTradeBeacon</li><li>FirefoamPopper</li><li>MultiAnalyzer</li><li>VitalsMonitor</li><li>ToolCabinet</li><li>PenMarker</li><li>GlowPod</li><li>Battery</li><li>TableSculpting</li><li>TableButcher</li><li>HandTailoringBench</li><li>ElectricTailoringBench</li><li>FueledSmithy</li><li>ElectricSmithy</li><li>TableMachining</li><li>ElectricStove</li><li>FueledStove</li><li>TableStonecutter</li><li>Brewery</li><li>DrugLab</li><li>ElectricSmelter</li><li>SimpleResearchBench</li><li>FermentingBarrel</li><li>DeepDrill</li><li>Sandbags</li><li>TrapSpike</li><li>TrapIED_HighExplosive</li><li>TrapIED_Incendiary</li><li>TrapIED_EMP</li><li>TrapIED_Smoke</li><li>TrapIED_Firefoam</li><li>TrapIED_AntigrainWarhead</li><li>Turret_MiniTurret</li><li>Turret_Mortar</li><li>Turret_FoamTurret</li><li>PsychicEmanator</li><li>VanometricPowerCell</li><li>InfiniteChemreactor</li><li>Heater</li><li>PsychicAnimalPulser</li><li>PsychicSoothePulser</li><li>AIPersonaCore</li><li>MechSerumHealer</li><li>MechSerumResurrector</li><li>TechprofSubpersonaCore</li><li>ThrumboHorn</li><li>ElephantTusk</li><li>MealSurvivalPack</li><li>MealNutrientPaste</li><li>MealSimple</li><li>MealFine</li><li>MealFine_Veg</li><li>MealFine_Meat</li><li>MealLavish</li><li>MealLavish_Veg</li><li>MealLavish_Meat</li><li>Kibble</li><li>Pemmican</li><li>Chocolate</li><li>Milk</li><li>InsectJelly</li><li>Skull</li><li>EggChickenUnfertilized</li><li>EggChickenFertilized</li><li>EggCobraFertilized</li><li>EggCobraUnfertilized</li><li>EggIguanaFertilized</li><li>EggIguanaUnfertilized</li><li>EggTortoiseFertilized</li><li>EggTortoiseUnfertilized</li><li>EggCassowaryFertilized</li><li>EggCassowaryUnfertilized</li><li>EggEmuFertilized</li><li>EggEmuUnfertilized</li><li>EggOstrichFertilized</li><li>EggOstrichUnfertilized</li><li>EggTurkeyFertilized</li><li>EggTurkeyUnfertilized</li><li>EggDuckUnfertilized</li><li>EggDuckFertilized</li><li>EggGooseUnfertilized</li><li>EggGooseFertilized</li><li>MedicineHerbal</li><li>MedicineIndustrial</li><li>MedicineUltratech</li><li>ComponentIndustrial</li><li>ComponentSpacer</li><li>Neutroamine</li><li>Chemfuel</li><li>ReinforcedBarrel</li><li>RawPotatoes</li><li>RawFungus</li><li>RawRice</li><li>RawCorn</li><li>Hay</li><li>RawHops</li><li>PsychoidLeaves</li><li>SmokeleafLeaves</li><li>Shell_HighExplosive</li><li>Shell_Incendiary</li><li>Shell_EMP</li><li>Shell_Smoke</li><li>Shell_Firefoam</li><li>Shell_AntigrainWarhead</li><li>Gold</li><li>Steel</li><li>Plasteel</li><li>WoodLog</li><li>Uranium</li><li>Jade</li><li>Cloth</li><li>Synthread</li><li>DevilstrandCloth</li><li>Hyperweave</li><li>WoolSheep</li><li>WoolAlpaca</li><li>WoolMegasloth</li><li>WoolMuffalo</li><li>WoolBison</li><li>Leather_Plain</li><li>Leather_Dog</li><li>Leather_Wolf</li><li>Leather_Panthera</li><li>Leather_Camel</li><li>Leather_Bluefur</li><li>Leather_Bear</li><li>Leather_GuineaPig</li><li>Leather_Human</li><li>Leather_Pig</li><li>Leather_Light</li><li>Leather_Bird</li><li>Leather_Chinchilla</li><li>Leather_Fox</li><li>Leather_Lizard</li><li>Leather_Elephant</li><li>Leather_Heavy</li><li>Leather_Rhinoceros</li><li>Leather_Thrumbo</li><li>Leather_Patch</li><li>Apparel_ShieldBelt</li><li>Apparel_CowboyHat</li><li>Apparel_BowlerHat</li><li>Apparel_TribalHeaddress</li><li>Apparel_Tuque</li><li>Apparel_WarMask</li><li>Apparel_WarVeil</li><li>Apparel_SimpleHelmet</li><li>Apparel_AdvancedHelmet</li><li>Apparel_PowerArmorHelmet</li><li>Apparel_ArmorHelmetRecon</li><li>Apparel_PsychicFoilHelmet</li><li>Apparel_HatHood</li><li>Apparel_ClothMask</li><li>Apparel_SmokepopBelt</li><li>Apparel_FirefoampopPack</li><li>Apparel_PsychicShockLance</li><li>Apparel_PsychicInsanityLance</li><li>Apparel_TribalA</li><li>Apparel_Parka</li><li>Apparel_Pants</li><li>Apparel_BasicShirt</li><li>Apparel_CollarShirt</li><li>Apparel_Duster</li><li>Apparel_Jacket</li><li>Apparel_PlateArmor</li><li>Apparel_FlakVest</li><li>Apparel_FlakPants</li><li>Apparel_FlakJacket</li><li>Apparel_PowerArmor</li><li>Apparel_ArmorRecon</li><li>Apparel_Cape</li><li>Apparel_Robe</li><li>BlocksSandstone</li><li>BlocksGranite</li><li>BlocksLimestone</li><li>BlocksSlate</li><li>BlocksMarble</li><li>Dye</li><li>Bear_Grizzly</li><li>Bear_Polar</li><li>Ostrich</li><li>Emu</li><li>Cassowary</li><li>Cougar</li><li>Panther</li><li>Lynx</li><li>Cat</li><li>YorkshireTerrier</li><li>GuineaPig</li><li>LabradorRetriever</li><li>Husky</li><li>Monkey</li><li>Chicken</li><li>Duck</li><li>Turkey</li><li>Goose</li><li>Cow</li><li>Boomalope</li><li>Muffalo</li><li>Bison</li><li>Dromedary</li><li>Goat</li><li>Elk</li><li>Yak</li><li>Caribou</li><li>Horse</li><li>Donkey</li><li>Elephant</li><li>Rhinoceros</li><li>Hare</li><li>Snowhare</li><li>Megascarab</li><li>Spelopede</li><li>Megaspider</li><li>Thrumbo</li><li>Cobra</li><li>Tortoise</li><li>Alphabeaver</li><li>Pig</li><li>WildBoar</li><li>Ibex</li><li>Deer</li><li>Gazelle</li><li>Chinchilla</li><li>Sheep</li><li>Alpaca</li><li>Megasloth</li><li>Capybara</li><li>Squirrel</li><li>Rat</li><li>Boomrat</li><li>Raccoon</li><li>Iguana</li><li>Warg</li><li>Wolf_Timber</li><li>Wolf_Arctic</li><li>Fox_Fennec</li><li>Fox_Red</li><li>Fox_Arctic</li><li>Human</li><li>ArchotechEye</li><li>ArchotechArm</li><li>ArchotechLeg</li><li>BionicEye</li><li>BionicArm</li><li>BionicLeg</li><li>BionicSpine</li><li>BionicHeart</li><li>BionicStomach</li><li>DeathAcidifier</li><li>BionicEar</li><li>BionicTongue</li><li>BionicJaw</li><li>Heart</li><li>Lung</li><li>Kidney</li><li>Liver</li><li>SimpleProstheticLeg</li><li>SimpleProstheticArm</li><li>SimpleProstheticHeart</li><li>CochlearImplant</li><li>PowerClaw</li><li>Joywire</li><li>Painstopper</li><li>MeleeWeapon_BreachAxe</li><li>MeleeWeapon_Mace</li><li>MeleeWeapon_Gladius</li><li>MeleeWeapon_LongSword</li><li>MeleeWeapon_Club</li><li>MeleeWeapon_Knife</li><li>MeleeWeapon_Ikwa</li><li>MeleeWeapon_Spear</li><li>Gun_Revolver</li><li>Gun_Autopistol</li><li>Gun_MachinePistol</li><li>Gun_IncendiaryLauncher</li><li>Gun_SmokeLauncher</li><li>Gun_EmpLauncher</li><li>Gun_BoltActionRifle</li><li>Gun_PumpShotgun</li><li>Gun_ChainShotgun</li><li>Gun_HeavySMG</li><li>Gun_LMG</li><li>Gun_AssaultRifle</li><li>Gun_SniperRifle</li><li>Gun_Minigun</li><li>Weapon_GrenadeFrag</li><li>Weapon_GrenadeMolotov</li><li>Weapon_GrenadeEMP</li><li>Bow_Short</li><li>Pila</li><li>Bow_Recurve</li><li>Bow_Great</li><li>Gun_ChargeRifle</li><li>Gun_ChargeLance</li><li>OrbitalTargeterBombardment</li><li>OrbitalTargeterPowerBeam</li><li>TornadoGenerator</li><li>PsychicSensitizer</li><li>PsychicHarmonizer</li><li>PsychicReader</li><li>Neurocalculator</li><li>LearningAssistant</li><li>GastroAnalyzer</li><li>Immunoenhancer</li><li>Coagulator</li><li>HealingEnhancer</li><li>ToughskinGland</li><li>ArmorskinGland</li><li>StoneskinGland</li><li>AestheticShaper</li><li>AestheticNose</li><li>LoveEnhancer</li><li>DetoxifierStomach</li><li>ReprocessorStomach</li><li>NuclearStomach</li><li>CircadianAssistant</li><li>CircadianHalfCycler</li><li>Mindscrew</li><li>DrillArm</li><li>FieldHand</li><li>HandTalon</li><li>ElbowBlade</li><li>KneeSpike</li><li>VenomFangs</li><li>VenomTalon</li><li>Drape</li><li>Brazier</li><li>DarklightBrazier</li><li>Throne</li><li>GrandThrone</li><li>UnstablePowerCell</li><li>ShipLandingBeacon</li><li>NatureShrine_Small</li><li>NatureShrine_Large</li><li>AnimusStone</li><li>Harp</li><li>Harpsichord</li><li>Piano</li><li>Apparel_PackJump</li><li>Apparel_PackBroadshield</li><li>Apparel_PsyfocusHelmet</li><li>Apparel_EltexSkullcap</li><li>Apparel_PsyfocusShirt</li><li>Apparel_PsyfocusVest</li><li>Apparel_PsyfocusRobe</li><li>Apparel_ShirtRuffle</li><li>Apparel_Corset</li><li>Apparel_VestRoyal</li><li>Apparel_RobeRoyal</li><li>Apparel_HatLadies</li><li>Apparel_HatTop</li><li>Apparel_Coronet</li><li>Apparel_Crown</li><li>Apparel_CrownStellic</li><li>Apparel_Beret</li><li>Apparel_ArmorReconPrestige</li><li>Apparel_ArmorHelmetReconPrestige</li><li>Apparel_ArmorMarinePrestige</li><li>Apparel_ArmorMarineHelmetPrestige</li><li>Apparel_ArmorCataphract</li><li>Apparel_ArmorHelmetCataphract</li><li>Apparel_ArmorCataphractPrestige</li><li>Apparel_ArmorHelmetCataphractPrestige</li><li>Apparel_ArmorLocust</li><li>Apparel_ArmorMarineGrenadier</li><li>Apparel_ArmorCataphractPhoenix</li><li>Apparel_Gunlink</li><li>BroadshieldCore</li><li>MeleeWeapon_MonoSwordBladelink</li><li>MeleeWeapon_ZeusHammerBladelink</li><li>MeleeWeapon_PlasmaSwordBladelink</li><li>MeleeWeapon_Axe</li><li>MeleeWeapon_Warhammer</li><li>MeleeWeapon_MonoSword</li><li>MeleeWeapon_Zeushammer</li><li>MeleeWeapon_PlasmaSword</li><li>OrbitalTargeterMechCluster</li><li>MeleeWeapon_PsyfocusStaff</li><li>SculptureTerror</li><li>SleepAccelerator</li><li>BiosculpterPod</li><li>NeuralSupercharger</li><li>ChristmasTree</li><li>CannibalPlatter</li><li>Effigy</li><li>SacrificialFlag</li><li>Pyre</li><li>Burnbong</li><li>IncenseShrine</li><li>Lectern</li><li>StylingStation</li><li>GibbetCage</li><li>LightBall</li><li>Loudspeaker</li><li>Drum</li><li>Pew</li><li>KneelSheet</li><li>KneelPillow</li><li>PlantPot_Bonsai</li><li>SlabBed</li><li>SlabDoubleBed</li><li>Skullspike</li><li>Apparel_Headwrap</li><li>Apparel_Broadwrap</li><li>Apparel_VisageMask</li><li>Apparel_Slicecap</li><li>Apparel_Collar</li><li>Apparel_AuthorityCap</li><li>Apparel_Tailcap</li><li>Apparel_Shadecone</li><li>Apparel_Flophat</li><li>Apparel_BodyStrap</li><li>Apparel_Burka</li><li>Apparel_TortureCrown</li><li>Apparel_Blindfold</li><li>MorbidSlab_Medium</li><li>MorbidSlab_Broad</li><li>TotemicSlab_Medium</li><li>TotemicSlab_Broad</li><li>SpikecoreFloorStar_Medium</li><li>SpikecoreFloorStar_Broad</li><li>RusticRug_Medium</li><li>RusticRug_Broad</li><li>AnimalistSlab_Medium</li><li>AnimalistSlab_Broad</li><li>RelicInertCup</li><li>RelicInertPendant</li><li>RelicInertBox</li><li>RelicInertTablet</li><li>RelicInertFragment</li><li>RelicInertSwordHandle</li><li>RelicInertArk</li><li>RelicInertCube</li><li>GauranlenSeed</li><li>DetoxifierLung</li><li>DetoxifierKidney</li><li>Mechlink</li><li>ControlSublink</li><li>ControlSublinkHigh</li><li>RemoteRepairer</li><li>MechFormfeeder</li><li>RemoteShielder</li><li>RepairProbe</li><li>DeathrestCasket</li><li>Hemopump</li><li>HemogenAmplifier</li><li>GlucosoidPump</li><li>PsychofluidPump</li><li>DeathrestAccelerator</li><li>ToyBox</li><li>SchoolDesk</li><li>BabyDecoration</li><li>Crib</li><li>Blackboard</li><li>GeneBank</li><li>PollutionPump</li><li>SanguphageMeetingTorch</li><li>MechBooster</li><li>TrapIED_ToxGas</li><li>SubcoreEncoder</li><li>BabyFood</li><li>HemogenPack</li><li>SubcoreBasic</li><li>SubcoreRegular</li><li>SubcoreHigh</li><li>SignalChip</li><li>PowerfocusChip</li><li>NanostructuringChip</li><li>DeathrestCapacitySerum</li><li>Shell_Toxic</li><li>RawToxipotato</li><li>Genepack</li><li>Xenogerm</li><li>ArchiteCapsule</li><li>HumanOvum</li><li>HumanEmbryo</li><li>Apparel_KidRomper</li><li>Apparel_KidShirt</li><li>Apparel_KidPants</li><li>Apparel_KidParka</li><li>Apparel_KidTribal</li><li>Apparel_KidHelmet</li><li>Apparel_AirwireHeadset</li><li>Apparel_ArrayHeadset</li><li>Apparel_IntegratorHeadset</li><li>Apparel_ArmorHelmetMechCommander</li><li>Apparel_ArmorHelmetMechlordHelmet</li><li>Apparel_GasMask</li><li>Apparel_PackControl</li><li>Apparel_PackBandwidth</li><li>Apparel_PackTox</li><li>Apparel_MechlordSuit</li><li>Apparel_Bandolier</li><li>Apparel_Sash</li><li>PoluxSeed</li><li>WasteRat</li><li>Toxalope</li><li>Gun_ToxbombLauncher</li><li>Weapon_GrenadeTox</li><li>Flamebow</li><li>Gun_BeamGraser</li><li>Tome</li><li>GhoulPlating</li><li>GhoulBarbs</li><li>AdrenalHeart</li><li>CorrosiveHeart</li><li>MetalbloodHeart</li><li>RevenantVertebrae</li><li>HoldingPlatform</li><li>DirtCubeSculpture</li><li>StoneCubeSculpture</li><li>SandCubeSculpture</li><li>ScrapCubeSculpture</li><li>ElectricInhibitor</li><li>ShardInhibitor</li><li>ProximityDetector</li><li>FrenzyInducer</li><li>SleepSuppressor</li><li>TrapIED_Deadlife</li><li>Electroharvester</li><li>BioferriteShaper</li><li>SerumCentrifuge</li><li>BioferriteHarvester</li><li>ShardBeacon</li><li>ShardAnimalPulser</li><li>BiomutationPulser</li><li>Shell_Deadlife</li><li>VoidsightSerum</li><li>MetalbloodSerum</li><li>JuggernautSerum</li><li>MindNumbSerum</li><li>GhoulResurrectionSerum</li><li>Bioferrite</li><li>Leather_Dread</li><li>Shard</li><li>RevenantSpine</li><li>Meat_Twisted</li><li>GoldenCube</li><li>MonolithFragment</li><li>Apparel_CultistMask</li><li>Apparel_CeremonialCultistMask</li><li>Apparel_DisruptorFlarePack</li><li>Apparel_PackTurret</li><li>Apparel_DeadlifePack</li><li>Apparel_ShardPsychicShockLance</li><li>Apparel_ShardPsychicInsanityLance</li><li>Apparel_BiomutationLance</li><li>Apparel_LabCoat</li><li>HarbingerSeed</li><li>CreepJoiner</li><li>Gun_HellcatRifle</li><li>Gun_Incinerator</li><li>NerveSpiker</li><li>Map</li><li>Drug_Psilocap</li><li>BloodWarmer</li><li>PilotAssistant</li><li>VacskinGland</li><li>Statue</li><li>Building_OutfitStand</li><li>Building_KidOutfitStand</li><li>GravEngine</li><li>GravFieldExtender</li><li>PilotConsole</li><li>SmallThruster</li><li>LargeThruster</li><li>FuelOptimizer</li><li>SignalJammer</li><li>GravcorePowerCell</li><li>PilotSubpersonaCore</li><li>GravshipShieldGenerator</li><li>AncientMiningCharge</li><li>OxygenPump</li><li>HunterDroneTrap</li><li>WaspDroneTrap</li><li>MastodonTusk</li><li>AlphaThrumboHorn</li><li>SentienceCatalyst</li><li>EggMonitorLizardFertilized</li><li>EggMonitorLizardUnfertilized</li><li>EggFlamingoFertilized</li><li>EggFlamingoUnfertilized</li><li>EggHeronFertilized</li><li>EggHeronUnfertilized</li><li>EggSwanFertilized</li><li>EggSwanUnfertilized</li><li>EggSparrowFertilized</li><li>EggSparrowUnfertilized</li><li>EggCrowFertilized</li><li>EggCrowUnfertilized</li><li>EggBluebirdFertilized</li><li>EggBluebirdUnfertilized</li><li>EggQuailFertilized</li><li>EggQuailUnfertilized</li><li>EggMacawFertilized</li><li>EggMacawUnfertilized</li><li>EggPeacockFertilized</li><li>EggPeacockUnfertilized</li><li>EggVultureFertilized</li><li>EggVultureUnfertilized</li><li>EggPenguinFertilized</li><li>EggPenguinUnfertilized</li><li>EggSeaTurtleFertilized</li><li>EggSeaTurtleUnfertilized</li><li>EggAlligatorFertilized</li><li>EggAlligatorUnfertilized</li><li>WoolMastodon</li><li>WoolMuskox</li><li>Fish_Salmon</li><li>Fish_Bass</li><li>Fish_Tilapia</li><li>Fish_Cod</li><li>Fish_Bluefish</li><li>Fish_Guppy</li><li>Fish_Frostfish</li><li>Fish_Catfish</li><li>Fish_Piranha</li><li>Fish_Dogfish</li><li>Fish_Marlin</li><li>Fish_Tuna</li><li>Fish_Flounder</li><li>Fish_Toxfish</li><li>GravlitePanel</li><li>ShuttleEngine</li><li>Obsidian</li><li>Leather_Mastodon</li><li>Leather_Sealskin</li><li>Leather_AlphaThrumbo</li><li>Leather_Mink</li><li>Leather_Hippo</li><li>Leather_Armadillo</li><li>Gun_Revolver_Unique</li><li>Gun_BoltActionRifle_Unique</li><li>Gun_ChainShotgun_Unique</li><li>Gun_HeavySMG_Unique</li><li>Gun_LMG_Unique</li><li>Gun_AssaultRifle_Unique</li><li>Gun_SniperRifle_Unique</li><li>Gun_Minigun_Unique</li><li>Bow_Great_Unique</li><li>Gun_ChargeRifle_Unique</li><li>Gun_ChargeLance_Unique</li><li>Gun_HellcatRifle_Unique</li><li>Gun_BeamRepeater_Unique</li><li>Apparel_VacsuitHelmet</li><li>Apparel_PackHunter</li><li>Apparel_CerebrexNode</li><li>Apparel_Vacsuit</li><li>Apparel_VacsuitChildren</li><li>BlocksVacstone</li><li>ArcheanSeed</li><li>BogHound</li><li>MonitorLizard</li><li>PrairieDog</li><li>Porcupine</li><li>Mastodon</li><li>Cat_Scimitar</li><li>Wolverine</li><li>Wolf_Great</li><li>Moose</li><li>AlphaThrumbo</li><li>Muskox</li><li>Tiger</li><li>Mink</li><li>Gorilla</li><li>Badger</li><li>Panda</li><li>Hippo</li><li>Megavole</li><li>Armadillo</li><li>Alligator</li><li>Bullfrog</li><li>ColossusToad</li><li>LavaSnail</li><li>Sparrow</li><li>Crow</li><li>Bluebird</li><li>Quail</li><li>Macaw</li><li>Flamingo</li><li>Heron</li><li>Swan</li><li>Peacock</li><li>Vulture</li><li>Penguin</li><li>Walrus</li><li>SeaLion</li><li>Seal</li><li>HermitCrab</li><li>StoneCrab</li><li>SeaTurtle</li><li>Otter</li><li>Larva</li><li>HiveQueen</li><li>Locust</li><li>Gun_BeamRepeater</li><li>BS_Centaur</li><li>BS_HumanFouramed</li><li>BS_Naga</li><li>BS_Marlith</li><li>BS_UrbMech</li><li>BS_SixArmedHuman</li><li>BS_SpiderPersonRace</li><li>BS_HumanoidWithTail</li><li>BS_HumanoidWithWings</li><li>BS_JustAHead</li><li>ASF_CellarStone</li><li>ASF_CellarWood</li><li>ASF_CoveredClayPot</li><li>ASF_UncoveredClayPot</li><li>ASF_Granary</li><li>ASF_MeatRack</li><li>ASF_StoragePit</li><li>ASF_StorageTent</li><li>ASF_WeaponRack</li><li>ASF_WovenBasket</li><li>ASF_WovenBasketDouble</li><li>ASF_WovenBasketTriple</li><li>Doghouse</li><li>Dogbowl</li><li>meng_pungi_sticks</li><li>meng_pungi_sticks_poison</li><li>UT_TurretGun</li><li>Ad_Turret_Mortar</li><li>CoalSmelter</li><li>CoalGrill</li><li>NECCoalLamp</li><li>NECActiveCooler</li><li>CoalStove</li><li>Coal</li><li>Charcoal</li><li>XR_Ork_Machete</li><li>VHE_TableBarber</li><li>VWE_SmokeGrenade</li><li>VWE_FlashGrenade</li><li>VWE_MeleeWeapon_Shovel</li><li>VWE_MeleeWeapon_Baton</li><li>VWE_MeleeWeapon_CombatKnife</li><li>VWE_MeleeWeapon_Hammer</li><li>VWE_MeleeWeapon_BattleAxe</li><li>VWE_MeleeWeapon_Halberd</li><li>VWE_MeleeWeapon_Axe</li><li>Gun_TripleRocket</li><li>Gun_DoomsdayRocket</li><li>VWE_Gun_RocketLauncher</li><li>VWE_Bow_Compound</li><li>VWE_Gun_HandCannon</li><li>VWE_CombatHandgun</li><li>VWE_SawedOffShotgun</li><li>VWE_Gun_GrenadeLauncher</li><li>VWE_Gun_Flamethrower</li><li>VWE_Gun_FireExtinguisher</li><li>VWE_Gun_SemiAutomaticRifle</li><li>VWE_Gun_LeverActionRifle</li><li>VWE_Gun_LightSMG</li><li>VWE_Gun_SMG</li><li>VWE_Gun_HMG</li><li>VWE_Gun_ServiceRifle</li><li>VWE_Gun_BattleRifle</li><li>VWE_Gun_Carbine</li><li>VWE_Gun_MarksmanRifle</li><li>VWE_Gun_AntiMaterialRifle</li><li>VWE_Bow_Crossbow</li><li>VWE_Gun_Musket</li><li>VWE_Gun_Flintlock</li><li>VWE_Throwing_Knives</li><li>VWE_Tool_Whip</li><li>VWE_Bow_Long</li><li>VWE_Gun_ChargePistol</li><li>VWE_Gun_ChargeShotgun</li><li>VWE_Gun_ChargeSMG</li><li>VWE_Gun_ChargeLMG</li><li>VWE_Gun_ChargeSniperRifle</li><li>VWE_Gun_ChargeMinigun</li><li>VWE_Gun_ChargeRocketLauncher</li><li>Chemshine</li><li>ChemBoiler</li><li>Building_ChemshineBarrel</li><li>StoolBar</li><li>TableCircular</li><li>TableFaro</li><li>TableFiveFingerFilet</li><li>Turret_GatlingGun</li><li>VFES_Headgear_Bandana</li><li>VFES_Headgear_Sombrero</li><li>VFES_Headgear_FlatCap</li><li>Apparel_Vest</li><li>Apparel_GreatDress</li><li>VFES_Gun_DoubleActionRevolver</li><li>VFES_Gun_DoubleBarreledShotgun</li><li>VFES_Gun_HuntingRifle</li><li>VFES_Weapon_GrenadeDynamite</li><li>VFES_Tomahawk</li><li>VAEA_Apparel_Backpack</li><li>VAEA_Apparel_BattleBanner</li><li>VAEA_Apparel_MedicBag</li><li>VAEA_Apparel_Quiver</li><li>VAEA_Apparel_ToolBelt</li><li>VAEA_Apparel_AmmoPack</li><li>VAEA_Apparel_ExplosiveBelt</li><li>VAEA_Apparel_RangedShieldBelt</li><li>VAEA_Apparel_RessurectorBelt</li><li>VAEA_Apparel_MiniTurretPack</li><li>VPE_Eltex</li><li>VPE_Apparel_EltexMask</li><li>VPE_Apparel_EltexCape</li><li>VPE_Apparel_PlateArmorPrestige</li><li>VPE_Psyring</li><li>VPE_SteelConstruct</li><li>VPE_RockConstruct</li><li>VPE_SummonedSkeleton</li><li>VPE_MeleeWeapon_EltexDagger</li><li>VPE_MeleeWeapon_EltexMace</li><li>VPE_MeleeWeapon_EltexSword</li><li>AM_BanquetTable</li><li>AM_CubicBed</li><li>AM_DoubleCubicBed</li><li>AM_CubicHospitalBed</li><li>AM_HoraxianBed</li><li>AM_DoubleHoraxianBed</li><li>AM_CubicSlab_Medium</li><li>AM_CubicSlab_Broad</li><li>AM_FleshSlab_Medium</li><li>AM_FleshSlab_Broad</li><li>AM_HoraxianSlab_Medium</li><li>AM_HoraxianSlab_Broad</li><li>AM_Pyramid</li><li>AM_GrandGate</li><li>AM_FuturisticObelisk</li><li>AM_FuturisticStele</li><li>AM_FuturisticPyramid</li><li>AM_GreatPyramid</li><li>AM_Sphynx</li><li>AM_Megalith</li><li>AM_StoneBedroll</li><li>AM_DoubleStoneBedroll</li><li>AM_AncientBed</li><li>AM_AncientDoubleBed</li><li>AM_AncientOperatingTable</li><li>AM_AncientLockerBank</li><li>AM_Neolithic_StoneTable_1x2c</li><li>AM_Neolithic_StoneTable_2x2c</li><li>AM_Neolithic_StoneTable_2x4c</li><li>AM_Neolithic_StoneTable_3x3c</li><li>AM_Neolithic_WoodenTable_1x2c</li><li>AM_Neolithic_WoodenTable_2x2c</li><li>AM_Neolithic_WoodenTable_2x4c</li><li>AM_Neolithic_WoodenTable_3x3c</li><li>AM_TrapBlunt</li><li>AM_AnimalDatabase</li><li>AM_Apparel_Eyepatch</li><li>AM_JewishSlab_Medium</li><li>AM_JewishSlab_Broad</li><li>AM_KemeticSlab_Medium</li><li>AM_KemeticSlab_Broad</li><li>AM_HinduSlab_Medium</li><li>AM_HinduSlab_Broad</li><li>AM_SteampunkSlab_Medium</li><li>AM_SteampunkSlab_Broad</li><li>AM_CorsairSlab_Medium</li><li>AM_CorsairSlab_Broad</li><li>AM_JainSlab_Medium</li><li>AM_JainSlab_Broad</li><li>AM_SikhSlab_Medium</li><li>AM_SikhSlab_Broad</li><li>AM_IslamicSlab_Medium</li><li>AM_IslamicSlab_Broad</li><li>AM_ChristianSlab_Medium</li><li>AM_ChristianSlab_Broad</li><li>AM_BuddhistSlab_Medium</li><li>AM_BuddhistSlab_Broad</li><li>AM_UnshackledDryad</li><li>AM_RumBurialSpot</li><li>AM_SkyBurialSpot</li><li>AM_Urn</li><li>AM_MummyMale</li><li>AM_MummyFemale</li><li>AM_CorpseRumBasic</li><li>AM_CorpseRumFine</li><li>AA_BlackScarab_Temporary</li><li>AA_BlackSpelopede_Temporary</li><li>AA_BlackSpider_Temporary</li><li>AA_MammothWorm_Temporary</li><li>AA_BlackLarvae</li><li>AAVPE_BlackQueen</li><li>AA_OcularOriginator</li><li>AA_Summoned_Eyeling</li><li>AA_DarkGlowPod</li><li>AA_BlueGelBattery</li><li>AA_HexaGelBattery</li><li>AA_MutantLeg</li><li>AA_MutantArm</li><li>AA_MutantEye</li><li>AA_TheOmniscientEye</li><li>AA_TheRecalcitrantEye</li><li>AA_TheQuiescentEye</li><li>AA_TheNumbingEye</li><li>AA_TheSpasmodicEye</li><li>AA_TheMeretriciousEye</li><li>AA_TheHeuristicEye</li><li>AA_IronhuskEggUnfertilized</li><li>AA_MammothWormEggUnfertilized</li><li>AA_CrepuscularBeetleEggUnfertilized</li><li>AA_GreatDevourerEggUnfertilized</li><li>AA_MegalouseEggUnfertilized</li><li>AA_BedBugEggUnfertilized</li><li>AA_AnimaliskEggFertilized</li><li>AA_FeraliskEggUnfertilized</li><li>AA_EggNightlingFertilized</li><li>AA_EggNightlingUnfertilized</li><li>AA_EggMeadowAveFertilized</li><li>AA_EggMeadowAveUnfertilized</li><li>AA_EggDesertAveFertilized</li><li>AA_EggNightAveFertilized</li><li>AA_EggRoyalAveFertilized</li><li>AA_EggRoughPlatedMonitorFertilized</li><li>AA_AtispecEggFertilized</li><li>AA_AtispecEggUnfertilized</li><li>AA_AngelMothEggFertilized</li><li>AA_ButterflyEggUnfertilized</li><li>AA_DrainerEggFertilized</li><li>AA_FireWaspEggFertilized</li><li>AA_FireWaspEggUnfertilized</li><li>AA_EggFlamingoPhoenixFertilized</li><li>AA_EggCrescendoAnoleFertilized</li><li>AA_EggCrescendoAnoleUnfertilized</li><li>AA_EggPedigreedRaptorFertilized</li><li>AA_EggPedigreedRaptorUnfertilized</li><li>AA_EmpressButterflyEggFertilized</li><li>AA_EggGiantCrownedSilkieUnfertilized</li><li>AA_EggGiantCrownedSilkieFertilized</li><li>AA_AerofleetMeat</li><li>AA_OcularJellyMeat</li><li>AB_RawRedSlime</li><li>AA_CactusMeat</li><li>AA_BlackInsectJelly</li><li>AA_CactipineQuill</li><li>AA_BlueMilk</li><li>AA_GowMilk</li><li>AA_DisgustingMealNutrientPaste</li><li>AA_GallatrossHorn</li><li>GU_RedWood</li><li>AA_SkySteel</li><li>AA_UraniumCrystals</li><li>AA_BlueGel</li><li>AA_Hexagel</li><li>AA_HexagelCore</li><li>AA_AgariluxRawFungus</li><li>AA_RottingMoundItem</li><li>AA_HugeAnimaPearl</li><li>AA_NightMilk</li><li>AA_BlackTruffles</li><li>AA_Leather_Behemoth</li><li>AA_Leather_Aerofleet</li><li>AA_ArcticLion_Leather</li><li>AA_SandLion_Leather</li><li>Leather_Chitin</li><li>Leather_IronChitin</li><li>Leather_RaptorPlates</li><li>Leather_Cactus</li><li>Leather_BlackChitin</li><li>Leather_Gallatross</li><li>Leather_Night</li><li>AA_ChameleonYakWoolTemperate</li><li>AA_ChameleonYakWoolWinter</li><li>AA_ChameleonYakWoolJungle</li><li>AA_ChameleonYakWoolDesert</li><li>AA_CinderSilk</li><li>AA_MothSilk</li><li>AA_GiantCrownedSilkieSilk</li><li>AA_GreyCoatedMouflonWool</li><li>AA_NightWool</li><li>AA_AcanthamoebaGiganteaSmall</li><li>AA_AcanthamoebaGiganteaLarge</li><li>AA_AcanthamoebaGiganteaHuge</li><li>AA_Aerofleet</li><li>AA_ColossalAerofleet</li><li>AA_Agaripawn</li><li>AA_Agaripod</li><li>AA_AngelMothLarva</li><li>AA_AngelMoth</li><li>AA_AnimaColossus</li><li>AA_Animalisk</li><li>AA_AnimusVox</li><li>AA_ArcticLion</li><li>AA_LarvalAtispec</li><li>AA_Atispec</li><li>AA_AuroraSylph</li><li>AA_Barbslinger</li><li>AA_BedBug</li><li>AA_Behemoth</li><li>AA_BlackScarab</li><li>AA_BlackSpelopede</li><li>AA_BlackSpider</li><li>AA_Blizzarisk</li><li>AA_BlizzariskClutchMother</li><li>AA_BloodShrimp</li><li>AA_Bobeene</li><li>AA_BoulderMit</li><li>AA_SummitCrab</li><li>AA_Bumbledrone</li><li>AA_BumbledroneHierophant</li><li>AA_BumbledroneQueen</li><li>AA_Cactipine</li><li>AA_ChameleonYak</li><li>AA_ChemfuelMyrmidon</li><li>AA_Cinderlisk</li><li>AA_CrepuscularBeetle</li><li>AA_CrescendoAnole</li><li>AA_CrystalMit</li><li>AA_CrystallineCaracal</li><li>AA_DarkVandal</li><li>AA_Darkbeast</li><li>AA_DecayDrake</li><li>AA_DesertAve</li><li>AA_DevilSheep</li><li>AA_DrainerLarva</li><li>AA_Drainer</li><li>AA_Dunealisk</li><li>AA_DunealiskClutchMother</li><li>AA_DuskProwler</li><li>AA_DuskRat</li><li>AA_EmpressButterflyLarva</li><li>AA_EmpressButterfly</li><li>AA_EngorgedTentacularAberration</li><li>AA_Erin</li><li>AA_Eyeling</li><li>AA_Feralisk</li><li>AA_FeraliskClutchMother</li><li>AA_FireWasp</li><li>AA_FissionMouse</li><li>AA_FissionMouseSecond</li><li>AA_FissionMouseThird</li><li>AA_FlamingoPhoenix</li><li>AA_FrostAve</li><li>AA_FrostLynx</li><li>AA_Frostmite</li><li>AA_FrostboundBehemoth</li><li>AA_Frostling</li><li>AA_FungalHusk</li><li>AA_Gallatross</li><li>AA_GallatrossMoribund</li><li>AA_Genix</li><li>AA_GiantCrownedSilkie</li><li>AA_Gigantelope</li><li>AA_GreatDevourer</li><li>AA_GreenGoo</li><li>AA_GreyCoatedMouflon</li><li>AA_Groundrunner</li><li>AA_Helixien</li><li>AA_InfectedAerofleet</li><li>AA_IronhuskBeetle</li><li>AA_Junglelisk</li><li>AA_Lockjaw</li><li>AA_Locusts</li><li>AA_LuciferBug</li><li>AA_MammothWorm</li><li>AA_Mantrap</li><li>AA_MatureFleshbeast</li><li>AA_MeadowAve</li><li>AA_MegaLouse</li><li>AA_Metallovore</li><li>AA_Mime</li><li>AA_Murkling</li><li>AA_MycoidColossus</li><li>AA_Needlepost</li><li>AA_Needleroll</li><li>AA_NightMule</li><li>AA_NightAve</li><li>AA_Nightling</li><li>AA_NightRam</li><li>AA_OcularJelly</li><li>AA_OcularNightling</li><li>AA_OvergrownColossus</li><li>AA_PebbleMit</li><li>AA_PedigreedRaptor</li><li>AA_PhoenixOwlcat</li><li>AA_Plasmorph</li><li>AA_Radyak</li><li>AA_RaptorShrimp</li><li>AA_Ravager</li><li>AA_RayHound</li><li>AA_Razorjack</li><li>AA_RedGoo</li><li>AA_RedSpore</li><li>AA_RipperHound</li><li>AA_RoughPlatedMonitor</li><li>AA_RoyalAve</li><li>AA_SandLion</li><li>AA_SandProwler</li><li>AA_SandSquid</li><li>AA_ShadowCharger</li><li>AA_ShockGoat</li><li>AA_Skiphound</li><li>AA_Skyeel</li><li>AA_Slurrypede</li><li>AA_SmallButterfly</li><li>AA_SpinedGow</li><li>AA_Swarmling</li><li>AA_TarGuzzler</li><li>AA_TeratogenicOriginator</li><li>AA_Terramorph</li><li>AA_TetraSlug</li><li>AA_Thermadon</li><li>AA_Thunderbeast</li><li>AA_Thunderox</li><li>AA_UnblinkingEye</li><li>AA_Wildpawn</li><li>AA_Wildpod</li><li>AA_WindBeast</li><li>Conga</li><li>Ogolupe</li><li>Ranat</li><li>TCS_ConversionStaff</li><li>FuneralPyre</li><li>HVT_PersonalityNeuroformatter</li><li>AG_RuinedHospitalBed</li><li>AG_AncientShelf</li><li>AG_ForsakenForge</li><li>AG_Alphapack</li><li>AG_Mixedpack</li><li>AG_GeneRemover</li><li>AG_Endogenefier</li><li>AG_Xenogenefier</li><li>AG_XenotypeNullifier</li><li>AG_XenotypeInjector</li><li>AG_GermlineMutator</li><li>AG_GenepackTweaker</li><li>AG_GenepackDisruptor</li><li>AG_ArchoGeneRemover</li><li>AG_ArchoEndogenefier</li><li>AG_ArchoXenogenefier</li><li>AG_HumanEgg</li><li>AG_Ultima</li><li>AG_Forsaken_Hood</li><li>AG_Forsaken_Hood_Child</li><li>AG_ForsakenCloak</li><li>AG_ForsakenCloak_Child</li><li>AG_ForsakenMarineHelmet</li><li>AG_ForsakenMarineHelmetPsy</li><li>AG_ForsakenMarineArmor</li><li>AG_ForsakenSniper</li><li>AG_ForsakenShotgun</li><li>AG_ForsakenAssaultRifle</li><li>AG_ForsakenLongBlade</li><li>AG_ForsakenBattleAxe</li><li>AG_ForsakenBulkSword</li><li>AG_ForsakenSpear</li><li>AG_ForsakenBow</li><li>AG_ForsakenHydra</li><li>VWE_MeleeWeapon_HeavyClub</li><li>VWE_MeleeWeapon_LightClub</li><li>VWE_MeleeWeapon_TribalAxe</li><li>VWE_MeleeWeapon_Shiv</li><li>VWE_Sling</li><li>VWE_Throwing_Shards</li><li>VWE_Weapon_FireBomb</li><li>VCE_RawApple</li><li>VCE_RawPeach</li><li>VCE_RawCherry</li><li>VCE_RawPlum</li><li>VCE_RawPrunes</li><li>VCE_RawPear</li><li>VCE_RawPricklyPear</li><li>VCE_Bearberry</li><li>VCE_RawBanana</li><li>VCE_RawOrange</li><li>VCE_RawOnion</li><li>VCE_RawPumpkin</li><li>VCE_RawPepper</li><li>VCE_RawPeas</li><li>VCE_RawEggplant</li><li>VCE_RawCabbage</li><li>VCE_RawBeets</li><li>VCE_RawTomatoes</li><li>VCE_ElectricPot</li><li>VCE_Grill</li><li>VCE_DeepFrier</li><li>VCE_CanningMachine</li><li>VCE_CondimentPrepTable</li><li>VCE_CheesePress</li><li>VCE_SimpleBake</li><li>VCE_FineBake</li><li>VCE_LavishBake</li><li>VCE_GourmetBake</li><li>VCE_CannedProduce</li><li>VCE_CannedAP</li><li>VCE_CannedFish</li><li>VCE_Cheese</li><li>VCE_AgaveNectar</li><li>VCE_RawSugar</li><li>VCE_RawSpices</li><li>VCE_Salt</li><li>VCE_Mayo</li><li>VCE_InsectJellyPreserves</li><li>VCE_SmokeleafButter</li><li>VCE_ChocolateSyrup</li><li>VCE_DigestibleResurrectorNanites</li><li>VCE_SimpleDessert</li><li>VCE_FineDessert</li><li>VCE_LavishDessert</li><li>VCE_GourmetDessert</li><li>VCE_MealGourmet</li><li>VCE_SimpleGrill</li><li>VCE_RuinedSimpleGrill</li><li>VCE_FineGrill</li><li>VCE_RuinedFineGrill</li><li>VCE_LavishGrill</li><li>VCE_RuinedLavishGrill</li><li>VCE_GourmetGrill</li><li>VCE_RuinedGourmetGrill</li><li>VCE_Flour</li><li>VCE_CookedSoupSimple</li><li>VCE_CookedSoupFine</li><li>VCE_CookedSoupLavish</li><li>VCE_CookedSoupGourmet</li><li>VCEF_RawAnchovy</li><li>VCEF_RawAngelfish</li><li>VCEF_RawAnglerfish</li><li>VCEF_RawClownfish</li><li>VCEF_RawEel</li><li>VCEF_RawGoldfish</li><li>VCEF_RawHaddock</li><li>VCEF_RawHalibut</li><li>VCEF_RawHerring</li><li>VCEF_RawKoi</li><li>VCEF_RawLobster</li><li>VCEF_RawMackerel</li><li>VCEF_RawMinnow</li><li>VCEF_RawPerch</li><li>VCEF_RawPufferfish</li><li>VCEF_RawSprat</li><li>VCEF_RawSwordfish</li><li>VCEF_RawTrout</li><li>VBE_WritersTable</li><li>VBE_TypewritersTable</li><li>VBE_Newspaper</li><li>VME_TackleBox</li><li>VME_WickerMan</li><li>VME_Bonfire</li><li>VME_MechanoidEffigy</li><li>VME_Obelisk</li><li>VME_TaoistSlab_Medium</li><li>VME_TaoistSlab_Broad</li><li>VME_EsotericismSlab_Medium</li><li>VME_EsotericismSlab_Broad</li><li>VME_EldritchSlab_Medium</li><li>VME_EldritchSlab_Broad</li><li>VME_SerketistSlab_Medium</li><li>VME_SerketistSlab_Broad</li><li>VFE_LargeBattery</li><li>VFE_SmallBattery</li><li>VFE_AdvancedBattery</li><li>VFE_LargeAdvancedBattery</li><li>VFE_PortableWoodFiredGenerator</li><li>VFE_PortableChemfuelPoweredGenerator</li><li>VFE_SmallVanometricPowerCell</li><li>VFE_LargeVanometricPowerCell</li><li>VPE_ArchotechViolenceGenerator</li><li>VFE_ArchotechSculpture</li><li>VFE_Pottery</li><li>VFE_StatueSmall</li><li>VFE_Carving</li><li>VFE_StatueLarge</li><li>VFE_StatueGrand</li><li>VFE_Monument</li><li>VFE_Relief</li><li>VFE_Pillar</li><li>VFE_Obelisk</li><li>VFE_Plinth</li><li>VFE_DecorativePlantPot</li><li>HologramBase</li><li>VFE_RugSmall</li><li>VFE_RugLarge</li><li>VFE_RugGrand</li><li>VBE_Cider</li><li>VBE_LuciferiumPowder</li><li>VBE_WakeUpPowder</li><li>VBE_GoJuiceStock</li><li>VBE_Bar</li><li>VBE_SodaFountain</li><li>VBE_AmbrandyDistillery</li><li>VBE_WhiskeyCask</li><li>VBE_TequilaBarrel</li><li>VBE_VodkaDrum</li><li>VBE_GinStill</li><li>VBE_Ambrandy</li><li>VBE_Gin</li><li>VBE_Tequila</li><li>VBE_Vodka</li><li>VBE_Whiskey</li><li>VBE_DoubleWhiskey</li><li>VBE_HotCoffee</li><li>VBE_IceCoffee</li><li>VBE_EnergyDrink</li><li>VBE_Juice</li><li>VBE_Soda</li><li>VBE_Tea</li><li>VBE_SimpleCocktail</li><li>VBE_FineCocktail</li><li>VBE_LavishCocktail</li><li>VBE_GourmetCocktail</li><li>VBE_RawTobacco</li><li>VBE_Cigarettes</li><li>VBE_Cigars</li><li>VAE_Headgear_RoyalTrooperHelmet</li><li>VAE_Apparel_RoyalTrooperArmor</li><li>VAE_Headgear_RoyalSiegeHelmet</li><li>VAE_Apparel_RoyalSiegeArmor</li><li>VAE_Footwear_PlateBoots</li><li>VAE_Footwear_MarineBoots</li><li>VAE_Handwear_PlateGloves</li><li>VAE_Handwear_MarineGloves</li><li>VAE_Apparel_GhillieSuit</li><li>VAE_Apparel_HAZMATSuit</li><li>VAE_Apparel_Gambeson</li><li>VAE_Apparel_QuiltedVest</li><li>VAE_Apparel_LightPlateArmor</li><li>VAE_Apparel_PlateShoulderpads</li><li>VAE_Apparel_Chestplate</li><li>VAE_Apparel_Chainmail</li><li>VAE_Apparel_PlateHelmet</li><li>VAE_Apparel_WoodenArmor</li><li>VAE_Headgear_StoneWarMask</li><li>VAE_Apparel_RiotArmor</li><li>VAE_Apparel_RiotHelmet</li><li>VAE_Apparel_Shield_Riot</li><li>VAE_Headgear_TrooperHelmet</li><li>VAE_Apparel_TrooperArmor</li><li>VAE_Headgear_HeavyMarineHelmet</li><li>VAE_Apparel_HeavyMarineArmor</li><li>VAE_Headgear_Balaclava</li><li>VAE_Headgear_GhillieHood</li><li>VAE_Headgear_HAZMATMask</li><li>VAE_Footwear_Boots</li><li>VAE_Footwear_Shoes</li><li>VAE_Handwear_Gloves</li><li>VAE_Apparel_CasualTShirt</li><li>VAE_Apparel_Hoodie</li><li>VAE_Apparel_Shorts</li><li>VAE_Apparel_Skirt</li><li>VAE_Apparel_ShirtandTie</li><li>VAE_Apparel_SuitJacket</li><li>VAE_Apparel_Trousers</li><li>VAE_Headgear_Fedora</li><li>VAE_Apparel_Overalls</li><li>VAE_Apparel_FleeceShirt</li><li>VAE_Apparel_Jeans</li><li>VAE_Apparel_ChefsUniform</li><li>VAE_Apparel_MilitaryJacket</li><li>VAE_Apparel_MilitaryUniform</li><li>VAE_Apparel_BuildersJacket</li><li>VAE_Apparel_DoctorScrubs</li><li>VAE_Apparel_LabCoat</li><li>VAE_Apparel_TankTop</li><li>VAE_Apparel_SheriffShirt</li><li>VAE_Apparel_Jumpsuit</li><li>VAE_Apparel_Tunic</li><li>VAE_Apparel_Blouse</li><li>VAE_Apparel_Apron</li><li>VAE_Apparel_PeltCoat</li><li>VAE_Apparel_TribalPoncho</li><li>VAE_Apparel_TribalKilt</li><li>VAE_Headgear_Scarf</li><li>VAE_Headgear_Beret</li><li>VAE_Headgear_Hardhat</li><li>VAE_Headgear_SurgicalMask</li><li>VAE_Headgear_BaseballCap</li><li>VAE_Headgear_Sunglasses</li><li>VAE_Headgear_Glasses</li><li>VAE_Headgear_ChefsToque</li><li>AEXP_EggCrocodileUnfertilized</li><li>AEXP_EggCrocodileFertilized</li><li>AEXP_EggPlatypusUnfertilized</li><li>AEXP_EggPlatypusFertilized</li><li>AEXP_EggDesertTortoiseUnfertilized</li><li>AEXP_EggDesertTortoiseFertilized</li><li>AEXP_EggGilaMonsterUnfertilized</li><li>AEXP_EggGilaMonsterFertilized</li><li>AEXP_EggRattlesnakeUnfertilized</li><li>AEXP_EggRattlesnakeFertilized</li><li>AEXP_EggWildGooseUnfertilized</li><li>AEXP_EggWildGooseFertilized</li><li>AEXP_EggAnacondaUnfertilized</li><li>AEXP_EggAnacondaFertilized</li><li>AEXP_Leather_Wildebeest</li><li>AEXP_Leather_Platypus</li><li>AEXP_Leather_Lion</li><li>WoolCamel</li><li>AEXP_Coyote</li><li>AEXP_Giraffe</li><li>AEXP_Zebra</li><li>AEXP_Wildebeest</li><li>AEXP_Crocodile</li><li>AEXP_Cheetah</li><li>AEXP_Boombat</li><li>AEXP_Kangaroo</li><li>AEXP_Koala</li><li>AEXP_Platypus</li><li>AEXP_ArcticCoyote</li><li>AEXP_BlackBear</li><li>AEXP_CatAbyssinian</li><li>AEXP_CatBengal</li><li>AEXP_CatBritishShorthair</li><li>AEXP_CatMaineCoon</li><li>AEXP_CatMunchkin</li><li>AEXP_CatNorwegianForest</li><li>AEXP_CatPersian</li><li>AEXP_CatSiamese</li><li>AEXP_CatSomali</li><li>AEXP_CatSphynx</li><li>AEXP_Hyena</li><li>AEXP_DesertTortoise</li><li>AEXP_Lion</li><li>AEXP_GilaMonster</li><li>AEXP_Beagle</li><li>AEXP_Chihuahua</li><li>AEXP_Corgi</li><li>AEXP_FrenchBulldog</li><li>AEXP_GermanShepherd</li><li>AEXP_GreatDane</li><li>AEXP_Poodle</li><li>AEXP_Pug</li><li>AEXP_Rottweiler</li><li>AEXP_Shih-Tzu</li><li>AEXP_WelshTerrier</li><li>AEXP_Camel</li><li>AEXP_Rattlesnake</li><li>AEXP_Megascorpion</li><li>AEXP_RedPanda</li><li>AEXP_WildGoose</li><li>AEXP_Beaver</li><li>AEXP_Hedgehog</li><li>AEXP_Jaguar</li><li>AEXP_Lemur</li><li>AEXP_Mandrill</li><li>AEXP_Tapir</li><li>AEXP_Anaconda</li><li>AEXP_IndianElephant</li><li>AEXP_MegaWolverine</li><li>VPER_MeleeWeapon_RunesmithBattleaxe</li><li>VPER_WarriorSpirit</li><li>Building_RTMagneticShield</li><li>Building_RTCircuitBreaker</li><li>Building_RTMakeshiftFuse</li><li>NapalmBomb</li><li>pipelineValve</li><li>ResourceConsole</li><li>FuelPowerplant</li><li>ChemfuelHopper</li><li>ChemfuelSiphon</li><li>RefineryLoadingBay</li><li>SynthyleneRefiner</li><li>NapalmRefiner</li><li>SynthreadRefiner</li><li>SynthamideRefiner</li><li>HyperweaveRefiner</li><li>NeutroamineRefiner</li><li>Autoclave</li><li>Shell_Napalm</li><li>UncuredPlasteel</li><li>Synthamide</li><li>Synthylene</li><li>UncuredComposite</li><li>FiberComposite</li><li>PlantPot_BambooBonsai</li><li>CPD_CoffeeBeans</li><li>Rawtea</li><li>Silage</li><li>VG_Biofuel</li><li>VG_Hivepiece</li><li>Cuptea</li><li>VG_BarleyTea</li><li>Coffee</li><li>Fruitdrink</li><li>Chocomilk</li><li>bowlstew</li><li>bowlstew_Veg</li><li>bowlstew_Meat</li><li>stirfry</li><li>Mealstirfry_Veg</li><li>Mealstirfry_Meat</li><li>VG_Hardtack</li><li>Bamboo</li><li>VG_IronWoodLog</li><li>RawAgave</li><li>RawBerries</li><li>Rawapple</li><li>Rawbanana</li><li>Rawgrape</li><li>Raworange</li><li>Rawpeach</li><li>Rawpineapple</li><li>Rawblueberry</li><li>Rawwatermelon</li><li>Rawdate</li><li>Rawfig</li><li>Rawgooseberry</li><li>Rawcloudberry</li><li>RawCherry</li><li>RawCoconut</li><li>Honey</li><li>Mead</li><li>RawRedLentil</li><li>Rawmushroom</li><li>VG_GardenFish</li><li>Rawsnowbeet</li><li>RawBarley</li><li>Rawbean</li><li>RawOlive</li><li>RawCactusFruit</li><li>VG_FoodShelf</li><li>bakedpolenta</li><li>Bread</li><li>sweetbun</li><li>muffin</li><li>BlueberryPie</li><li>cookie</li><li>pizza</li><li>SaltedMeat</li><li>PickledVeg</li><li>Rawsugarcane</li><li>Flour</li><li>cheese</li><li>Rawwheat</li><li>driedfruit</li><li>VeganEgg</li><li>MakiRoll</li><li>Nigiri</li><li>yogurt</li><li>icecream</li><li>smoothie</li><li>Caramel</li><li>Hardcandy</li><li>Taffy</li><li>Grilledveg</li><li>Grilledsteak</li><li>meatpie</li><li>grilledpolenta</li><li>Porridge</li><li>grilledcheese</li><li>Kabob</li><li>grilledmeat</li><li>Tacos</li><li>Rawtofu</li><li>Oven</li><li>ElectricOven</li><li>HandCanningstove</li><li>Canningstove</li><li>FueledCandyTable</li><li>CandyTable</li><li>CookingTools</li><li>GrindStone</li><li>ElectricGrindStone</li><li>ChunkSalt</li><li>CR_RawCocoaBeans</li><li>CR_RoastedCacaoBeans</li><li>CR_ChocolateLiquor</li><li>CR_MilkChocolate</li><li>CR_ChocolateMilk</li><li>LightColumnMod</li><li>DarkColumnMod</li><li>OrbitalTradeColumnMod</li><li>Wall_TradeDevice</li><li>Wall_FirefoamPopper</li><li>SunColumnMod</li><li>Wall_SunDevice</li><li>Wall_HeatDevice</li><li>IceColumnMod</li><li>Wall_CoolDevice</li><li>DetColumnMod</li><li>FlameColumnMod</li><li>EMPColumnMod</li><li>DeadColumnMod</li><li>ArchotechDroneColumn</li><li>ComponentArchoDrone</li><li>MealCannedFood</li><li>CannedVeg</li><li>CannedMeat</li><li>CannedFruit</li><li>CanningFactory</li><li>RimFridge_SingleRefrigerator</li><li>RimFridge_Refrigerator</li><li>RimFridge_QuadRefrigerator</li><li>RimFridge_SingleWallRefrigerator</li><li>RimFridge_WallRefrigerator</li><li>Raweggplant</li><li>Rawpumpkin</li><li>Rawsquash</li><li>RawTomatoes</li><li>RawCarrots</li><li>RawKiwi</li><li>RawMango</li><li>RawAvocado</li><li>VG_Guacamole</li><li>BS_SurtrSword_Persona</li><li>BS_SkrymirHammer_Persona</li><li>BS_OgreClub</li><li>BS_GiantHammer</li><li>BS_JotunHammer</li><li>BS_SurtrSword</li><li>BS_SkrymirHammer</li><li>BS_JotunJavelin</li><li>BS_GiantPrimitiveBow</li><li>BS_OgreThrowinRock</li><li>BS_JotunRifle</li><li>BS_GiantMinigun</li><li>BS_JotunRocketLauncher</li><li>BS_DarkSoulshard</li><li>BS_Giant_Serum</li><li>BS_Shrink_Serum</li><li>BS_GeneDicombobulator</li><li>BS_GeneGeneIntegrator</li><li>BS_CreateXenogerm</li><li>BS_CreateXenogerm_Endo</li><li>BS_CreateArchiteXenogerm</li><li>BS_CreateArchiteXenogerm_Endo</li><li>BS_GluttonRace</li><li>BS_InsectoidHumanoid_FourArmed</li><li>BS_IndestructibelApparel</li><li>BS_JotunSword</li><li>BS_BarbarianArmor</li><li>BS_Nisse_Cap</li><li>VFEM_Bow_HeavyCrossbow</li><li>ASF_BigSShelf</li><li>ASF_BigShelf</li><li>ASF_Basket</li><li>ASF_ClothingRack</li><li>ASF_FabricHamper</li><li>ASF_Hayloft</li><li>ASF_MeatHook</li><li>ASF_MedCab</li><li>ASF_Pallet</li><li>ASF_Safe</li><li>ASF_Skip</li><li>ASF_TrayRack</li><li>ASF_VeryBigSShelf</li><li>ASF_VeryBigShelf</li><li>ASF_WeaponsCabinet</li><li>ASF_WeaponsLocker</li><li>TVG_TrapMouse</li><li>ArcheryTarget</li><li>ShootingRangeTarget</li><li>MartialArtsTarget</li><li>sbz_LargeGravshipCrate</li><li>sbz_GravshipCrate</li><li>sbz_LongGravshipCrate</li><li>sbz_GravshipGlassShelf</li><li>sbz_GravshipTwoTierShelf</li><li>sbz_GravshipShelf</li><li>sbz_SmallGravshipShelf</li><li>sbz_GravshipWeaponRack</li><li>sbz_Crate</li><li>sbz_MidCrate</li><li>sbz_SmallCrate</li><li>sbz_Pallet</li><li>sbz_MiniPallet</li><li>sbz_OpenShelf</li><li>sbz_TwoTierDisplayShelf</li><li>sbz_DisplayShelf</li><li>sbz_SmallDisplayShelf</li><li>sbz_TallDisplayShelf</li><li>sbz_NarrowTallDisplayShelf</li><li>sbz_WideHangerShelf</li><li>sbz_HangerShelf</li><li>sbz_DisplayCabinet</li><li>sbz_NarrowDisplayCabinet</li><li>sbz_DisplayTable</li><li>sbz_MeatHook</li><li>sbz_TextileRack</li><li>sbz_Safe</li><li>sbz_Drum</li><li>sbz_HorizontalWeaponRack</li><li>sbz_VerticalWeaponRack</li><li>sbz_WeaponRack</li><li>BarrelA</li><li>BarrelB</li><li>BarrelC</li><li>BundleA</li><li>BundleB</li><li>BundleC</li><li>CanisterA</li><li>CanisterB</li><li>CrateA</li><li>CrateB</li><li>CrateC</li><li>CrateD</li><li>CrateE</li><li>CrateF</li><li>CrateG</li><li>MetalCrateA</li><li>MetalCrateB</li><li>MetalCrateC</li><li>MetalCrateD</li><li>PalletCrateA</li><li>PalletCrateB</li><li>CaravanBiofuelRefinery_TWB</li><li>CaravanChair_TWB</li><li>CaravanChemfuelStove_TWB</li><li>CaravanGenerator_TWB</li><li>CaravanLantern_TWB</li><li>CaravanTable_TWB</li><li>BurialUrn</li><li>AdvancedMultiAnalyzer</li><li>ToolCabinetA</li><li>ToolCabinetB</li><li>ToolCabinetC</li><li>KitchenCupboard</li><li>SurgicalLamp</li><li>SurgicalInstruments</li><li>TST_MeditationStone</li><li>TST_DrumStool</li><li>TST_DrumBench</li><li>TST_CushionedPew</li><li>TST_BoxPew</li><li>TST_PrieDieu</li><li>TST_SlabPew</li><li>IceWorld_Mantle</li><li>Gunmar_Apparel_Tribal</li><li>Gunmar_Apparel_ThickPeltArmor</li><li>Gunmar_Apparel_PeltCap</li><li>Gunmar_Apparel_PeltMantle</li><li>Gunmar_Apparel_PeltHandWraps</li><li>Gunmar_Apparel_PeltLeggings</li><li>Gunmar_Apparel_PeltBoots</li><li>Gunmar_Apparel_SunshadePeltCap</li><li>Gunmar_Apparel_SunshadePeltMantle</li><li>Gunmar_Apparel_WovenCap</li><li>Gunmar_Apparel_WovenMantle</li><li>Gunmar_Apparel_WovenHandWraps</li><li>Gunmar_Apparel_WovenLeggings</li><li>Gunmar_Apparel_WovenFootWraps</li><li>Gunmar_War_Bow</li><li>Apparel_KidTribalCape</li><li>Apparel_KidTribalCloak</li><li>Apparel_KidTribalFurCloak</li><li>Apparel_TribalCape</li><li>Apparel_TribalCloak</li><li>Apparel_TribalFurCloak</li><li>River_Tribal_sandals</li><li>River_Tribal_moccasins</li><li>River_Tribal_mukluks</li><li>River_Tribal_mittens</li><li>klvlt_SmokedFish</li><li>Tam_SmokedMeat</li><li>Tam_SmokedInsectMeat</li><li>Tam_SmokedHumanMeat</li><li>Tam_SmokedVeg</li><li>Mallow_dress_shoes</li><li>Mallow_royal_shoes</li><li>Mallow_kid_shoes</li><li>Mallow_kid_socks</li><li>Mallow_clogs</li><li>Mallow_wool_felt_boots</li><li>Mallow_footwraps</li><li>Mallow_summer_socks</li><li>Mallow_winter_socks</li><li>Mallow_riding_boots</li><li>Mallow_stockings</li><li>Mallow_work_boots</li><li>Mallow_school_shoes</li><li>Apparel_NepChildArmor</li><li>Apparel_NepChildVest</li><li>Apparel_NepChildRecon</li><li>Apparel_NepChildHelmetRecon</li><li>IF_MeditrainTable</li><li>IH_Apparel_InsulatedHelmet</li><li>IH_Apparel_InsulatedFlakHelmet</li><li>Apparel_InsultatedPlateArmor</li><li>VFE_Scarecrow</li><li>VFE_Sprinkler</li><li>yy_rocket_launcher</li><li>yy_defense_turret</li><li>yy_towed_artillery</li><li>yy_autoblaster</li><li>yy_fieldgun</li><li>Uranium_Shell</li><li>MedicalIV</li><li>Canopy</li><li>WoodenCanopy</li><li>Teepee</li><li>Tent</li><li>VikingTent</li><li>ModernTent</li><li>FoldingTent</li><li>CampingLuggages</li><li>WoodPile</li><li>FSFStoneTrapSpike</li><li>GrenadeBouquet</li><li>Turret_TeslaStunner</li><li>SmallShelf</li><li>OldSmallShelf</li><li>LT_DoorMatLeather</li><li>LT_DoorMatCheckerLeather</li><li>LT_DoorMatBigLeather</li><li>LT_DoorMatBigCheckerLeather</li><li>LT_DoorMatRed</li><li>LT_DoorMatOrange</li><li>LT_DoorMatGreen</li><li>LT_DoorMatTeal</li><li>LT_DoorMatBlue</li><li>LT_DoorMatBigRed</li><li>LT_DoorMatBigOrange</li><li>LT_DoorMatBigGreen</li><li>LT_DoorMatBigTeal</li><li>LT_DoorMatBigBlue</li><li>WDWoodFiredHeater</li><li>WDChemfuelPoweredHeater</li><li>MechSerumYouth</li><li>RotR_ISR2GNew</li><li>RotR_AISR2GNew</li><li>Museums_Bench_Small</li><li>Museums_Bench_Medium</li><li>Museums_Bench_Large</li><li>BBLK_ChildrensBook</li><li>BBLK_ColoringBook</li><li>PortablePolutionPoweredGenerator</li><li>EW_WasteTap</li><li>EW_WasteBin</li><li>RockMill</li><li>CompostBarrel</li><li>HeavySandbags</li><li>Fertilizer</li><li>CrushedRocks</li><li>PileofDirt</li><li>SandPile</li><li>RFFClay</li><li>RFFBricks</li><li>FPIndustrialBreaker</li><li>FPGWBreaker</li><li>Jewelry_Bracelet</li><li>Jewelry_Necklace</li><li>Jewelry_Ring</li><li>Jewelry_Earring</li><li>Jewelry_EltexBracelet</li><li>Jewelry_PsychicNecklace</li><li>Jewelry_EltexRing</li><li>Jewelry_EltexEarring</li><li>LaserTableSculpting</li><li>Diamond</li><li>Ruby</li><li>Sapphire</li><li>WallHeater</li><li>WallCooler</li><li>WYD_SlaveBelt</li><li>RWE_Map</li><li>VRecyclingE_LargePollutionPump</li><li>VRecyclingE_PollutionFastPump</li><li>VRecyclingE_WasteCrate</li><li>VRecyclingE_RecyclingWorkbench</li><li>VRecyclingE_ElectricRecyclingWorkbench</li><li>VRecyclingE_ReclaimedBiopack</li><li>VRecyclingE_StabilizedAlloypack</li><li>VRecyclingE_Trash</li><li>BasicTrapPunji</li><li>PoisonTrapPunji</li><li>GlassPane</li><li>ManualMountainMiner</li><li>XER_RoundShield</li><li>XER_HeaterShield</li><li>XER_BallisticShield</li><li>ABooks_BookOfCondiments</li><li>ABooks_AberrantGrimoire</li><li>ABooks_PsycasterGuide</li><li>ABooks_HermeticMysteries</li><li>ABooks_ReligiousText</li><li>ABooks_AdventuringLogs</li><li>ABooks_ArmyManual</li><li>ABooks_BookOfPortents</li><li>ABooks_BotanicalCompendium</li><li>ABooks_TheChickenBook</li><li>ABooks_DurathreadTechniques</li><li>ABooks_InstructionManual</li><li>ABooks_LustySauridMaid</li><li>ABooks_MedicalJournal</li><li>ABooks_MidasTome</li><li>ABooks_OfficeBinder</li><li>ABooks_PoliticalPamphlet</li><li>ABooks_PsychologyBook</li><li>ABooks_RestaurantGuide</li><li>ABooks_RuinedBook</li><li>ABooks_BurnedBook</li><li>ABooks_SelfHelpBook</li><li>ABooks_SurvivalGuide</li><li>ABooks_TomeOfFire</li><li>ABooks_TrainingManual</li><li>ABooks_TreatiseOfStainlessSteel</li><li>ABooks_TynansBook</li><li>ABooks_ZoologicalCompendium</li><li>ABooks_BookPlinth</li><li>ABooks_StainlessSteel</li><li>ABooks_Durathread</li><li>Apparel_SimpleVest</li><li>TA_Pike</li><li>TA_MailleShirt</li><li>TA_MailleVest</li><li>TA_CloakClosed</li><li>TA_CloakSemi</li><li>TA_CloakOpen</li><li>TA_KidCloak</li><li>TA_KidHood</li><li>TA_PeasantTunic</li><li>TA_KidDress</li><li>TA_BannerSpear_BurgundyCross</li><li>TA_BannerSpear_Dutch</li><li>TA_BannerSpear_FleurDeLis</li><li>TA_BannerSpear_HRE</li><li>TA_BannerSpear_Muscovite</li><li>TA_BannerSpear_Ottoman</li><li>TA_BannerSpear_PLCommonwealth</li><li>TA_BannerSpear_StAndrewCross</li><li>TA_BannerSpear_StGeorgeCross</li><li>TA_BannerSpear_Swede</li><li>TA_Bardiche</li><li>TA_BoardingAxe</li><li>TA_Halberd</li><li>TA_Hanger</li><li>TA_Rapier</li><li>TA_HussarSaber</li><li>TA_Sidesword</li><li>TA_WarPick</li><li>TA_Yatagan</li><li>TA_Zweihander</li><li>TA_Arquebus</li><li>TA_MilitaryMusket</li><li>TA_OttomanMiquelet</li><li>TA_SnaphaunceRifle</li><li>TA_TurkBow</li><li>TA_WheellockCarbine</li><li>TA_WheellockHandMortar</li><li>TA_WheellockPistol</li><li>TA_WarScytheWeapon</li><li>TA_Bazubands</li><li>TA_Gauntlets</li><li>TA_HussarWings</li><li>TA_MusketeerBandolier</li><li>TA_RapierBaldrick</li><li>TA_RapierSash</li><li>TA_HussarSaberScabbard</li><li>TM_SashBelt</li><li>TA_TallBoots</li><li>TA_TallGloves</li><li>TA_BuffCoat</li><li>TA_BuffVest</li><li>TA_Cuirass</li><li>TA_Gorget</li><li>TA_Krug</li><li>TA_PaddedDoublet</li><li>TA_PaddedVest</li><li>TA_PikemanPlate</li><li>TA_ThreeQuartersPlate</li><li>TA_Yushman</li><li>TA_CassockClosed</li><li>TA_CassockShoulder</li><li>TA_Doublet</li><li>TA_DoubletVest</li><li>TA_LongcoatClosed</li><li>TA_LongcoatOpen</li><li>TA_ShirtSashBelt</li><li>TA_ShirtSashBeltWhite</li><li>TA_FeltHat</li><li>TA_HatCavalier</li><li>TA_MusketeerHat</li><li>TA_LandsknechtHat</li><li>TA_Bonnet</li><li>TA_Turban</li><li>TA_TurbanWhite</li><li>TA_JanissaryHat</li><li>TA_FurCap</li><li>TA_NobleFurCap</li><li>TA_Burgonet</li><li>TA_BurgonetVisored_off</li><li>TA_BurgonetVisored_on</li><li>TA_CloseHelmet_off</li><li>TA_CloseHelmet_on</li><li>TA_LobstertailHelmet</li><li>TA_HussarHelmet</li><li>TA_SipahiHelmet</li><li>TA_Morion</li><li>TA_Cabasset</li><li>CM_Tradeable_Trinkets_Thing_Trinket_Tribal</li><li>CM_Tradeable_Trinkets_Thing_Trinket_Doll</li><li>CM_Tradeable_Trinkets_Thing_Trinket_Industrial</li><li>CM_Tradeable_Trinkets_Thing_Trinket_Spacer</li><li>TradeGoodsCheap</li><li>TradeGoodsCustom</li><li>TradeGoodsSimple</li><li>TradeGoodsAdvanced</li><li>BS_BionicStriderLeg</li><li>BS_BionicLocomotiveSpine</li><li>BS_AndroidFuelRefinery</li><li>BS_AndroidFuel</li><li>BS_AndroidChargingStation</li><li>AM_CubicCrib</li><li>VCE_Ketchup</li><li>VCE_HotSauce</li><li>VCEF_Crayfish</li><li>VCEF_ButterFish</li><li>VCEF_FreshwaterStingray</li><li>VCEF_FlyingFish</li><li>VCEF_Arapaima</li><li>VCEF_ShortfinMakoShark</li><li>G_CentaurFourArm</li><li>G_CentaurFourArmWinged</li><li>G_CentaurSixArm</li><li>G_CentaurSixArmWinged</li><li>G_CentaurWinged</li><li>G_SnekFourArm</li><li>G_SnekFourArmWinged</li><li>G_SnekSixArm</li><li>G_SnekSixArmWinged</li><li>G_SnekWinged</li><li>G_SpooderFourArm</li><li>G_SpooderFourArmWinged</li><li>G_SpooderSixArm</li><li>G_SpooderSixArmWinged</li><li>G_SpooderWinged</li><li>G_FourArmTailed</li><li>G_FourArmTailedWinged</li><li>G_FourArmWinged</li><li>G_SixArmTailed</li><li>G_SixArmTailedWinged</li><li>G_SixArmWinged</li><li>G_TailedWinged</li><li>M_MechaCentaurFourArm</li><li>M_MechaCentaurFourArmWinged</li><li>M_MechaCentaurSixArm</li><li>M_MechaCentaurSixArmWinged</li><li>M_MechaCentaurWinged</li><li>M_MechaSnekFourArm</li><li>M_MechaSnekFourArmWinged</li><li>M_MechaSnekSixArm</li><li>M_MechaSnekSixArmWinged</li><li>M_MechaSnekWinged</li><li>M_MechaSpooderFourArm</li><li>M_MechaSpooderFourArmWinged</li><li>M_MechaSpooderSixArm</li><li>M_MechaSpooderSixArmWinged</li><li>M_MechaSpooderWinged</li><li>M_MechaFourArmTailed</li><li>M_MechaFourArmTailedWinged</li><li>M_MechaFourArmWinged</li><li>M_MechaSixArmTailed</li><li>M_MechaSixArmTailedWinged</li><li>M_MechaSixArmWinged</li><li>M_MechaTailedWinged</li><li>M_MechaCentaur</li><li>M_MechaSnek</li><li>M_MechaSpooder</li><li>M_MechaFourArm</li><li>M_MechaSixArm</li><li>M_MechaTailed</li><li>M_MechaWinged</li><li>Meat_Bear_Grizzly</li><li>Meat_Cassowary</li><li>Meat_Cougar</li><li>Meat_Panther</li><li>Meat_Lynx</li><li>Meat_Cat</li><li>Meat_YorkshireTerrier</li><li>Meat_GuineaPig</li><li>Meat_LabradorRetriever</li><li>Meat_Husky</li><li>Meat_Monkey</li><li>Meat_Chicken</li><li>Meat_Duck</li><li>Meat_Turkey</li><li>Meat_Cow</li><li>Meat_Boomalope</li><li>Meat_Muffalo</li><li>Meat_Bison</li><li>Meat_Dromedary</li><li>Meat_Goat</li><li>Meat_Elk</li><li>Meat_Yak</li><li>Meat_Caribou</li><li>Meat_Horse</li><li>Meat_Donkey</li><li>Meat_Elephant</li><li>Meat_Rhinoceros</li><li>Meat_Hare</li><li>Meat_Megaspider</li><li>Meat_Thrumbo</li><li>Meat_Cobra</li><li>Meat_Tortoise</li><li>Meat_Alphabeaver</li><li>Meat_Pig</li><li>Meat_Ibex</li><li>Meat_Deer</li><li>Meat_Gazelle</li><li>Meat_Chinchilla</li><li>Meat_Sheep</li><li>Meat_Alpaca</li><li>Meat_Megasloth</li><li>Meat_Capybara</li><li>Meat_Squirrel</li><li>Meat_Rat</li><li>Meat_Boomrat</li><li>Meat_Raccoon</li><li>Meat_Iguana</li><li>Meat_Warg</li><li>Meat_Wolf_Timber</li><li>Meat_Fox_Fennec</li><li>Meat_Human</li><li>Meat_Dryad_Basic</li><li>Meat_WasteRat</li><li>Meat_Toxalope</li><li>Meat_BogHound</li><li>Meat_MonitorLizard</li><li>Meat_PrairieDog</li><li>Meat_Porcupine</li><li>Meat_Mastodon</li><li>Meat_Cat_Scimitar</li><li>Meat_Wolverine</li><li>Meat_Wolf_Great</li><li>Meat_Moose</li><li>Meat_AlphaThrumbo</li><li>Meat_Muskox</li><li>Meat_Tiger</li><li>Meat_Mink</li><li>Meat_Gorilla</li><li>Meat_Badger</li><li>Meat_Panda</li><li>Meat_Hippo</li><li>Meat_Megavole</li><li>Meat_Armadillo</li><li>Meat_Alligator</li><li>Meat_Bullfrog</li><li>Meat_ColossusToad</li><li>Meat_LavaSnail</li><li>Meat_Walrus</li><li>Meat_SeaLion</li><li>Meat_Seal</li><li>Meat_HermitCrab</li><li>Meat_StoneCrab</li><li>Meat_SeaTurtle</li><li>Meat_Otter</li><li>Meat_AA_ArcticLion</li><li>Meat_AA_Atispec</li><li>Meat_AA_Behemoth</li><li>Meat_AA_BoulderMit</li><li>Meat_AA_DevilSheep</li><li>Meat_AA_Frostling</li><li>Meat_AA_Gallatross</li><li>Meat_AA_Gigantelope</li><li>Meat_AA_Groundrunner</li><li>Meat_AA_Helixien</li><li>Meat_AA_MeadowAve</li><li>Meat_AA_NightMule</li><li>Meat_AA_Nightling</li><li>Meat_AA_OvergrownColossus</li><li>Meat_AA_RaptorShrimp</li><li>Meat_AA_Razorjack</li><li>Meat_AA_RipperHound</li><li>Meat_AA_RoughPlatedMonitor</li><li>Meat_AA_SandSquid</li><li>Meat_AA_Skyeel</li><li>Meat_AEXP_Giraffe</li><li>Meat_AEXP_Crocodile</li><li>Meat_AEXP_Cheetah</li><li>Meat_AEXP_Kangaroo</li><li>Meat_AEXP_Koala</li><li>Meat_AEXP_Platypus</li><li>Meat_AEXP_Hyena</li><li>Meat_AEXP_Lion</li><li>Meat_AEXP_Beagle</li><li>Meat_AEXP_RedPanda</li><li>Meat_AEXP_Hedgehog</li><li>Meat_AEXP_Jaguar</li><li>Meat_AEXP_Lemur</li><li>Meat_AEXP_MegaWolverine</li><li>Techprint_CataphractArmor</li><li>Techprint_JumpPack</li><li>Techprint_BrainWiring</li><li>Techprint_SpecializedLimbs</li><li>Techprint_CompactWeaponry</li><li>Techprint_VenomSynthesis</li><li>Techprint_ArtificialMetabolism</li><li>Techprint_NeuralComputation</li><li>Techprint_SkinHardening</li><li>Techprint_HealingFactors</li><li>Techprint_FleshShaping</li><li>Techprint_MolecularAnalysis</li><li>Techprint_CircadianInfluence</li><li>Techprint_XR_Orkish_Lore</li><li>Techprint_Biopsylink</li><li>Neurotrainer_Shooting</li><li>Neurotrainer_Melee</li><li>Neurotrainer_Construction</li><li>Neurotrainer_Mining</li><li>Neurotrainer_Cooking</li><li>Neurotrainer_Plants</li><li>Neurotrainer_Animals</li><li>Neurotrainer_Crafting</li><li>Neurotrainer_Artistic</li><li>Neurotrainer_Medicine</li><li>Neurotrainer_Social</li><li>Neurotrainer_Intellectual</li><li>Psytrainer_VPE_WordofTrust</li><li>Psytrainer_VPE_WordofProductivity</li><li>Psytrainer_VPE_BlindingPulse</li><li>Psytrainer_VPE_WordofAlliance</li><li>Psytrainer_VPE_GroupLink</li><li>Psytrainer_VPE_WordofPain</li><li>Psytrainer_VPE_MindBreak</li><li>Psytrainer_VPE_WordofProtection</li><li>Psytrainer_VPE_DrainPsyessence</li><li>Psytrainer_VPE_MassHallucination</li><li>Psytrainer_VPE_Burden</li><li>Psytrainer_VPE_Stun</li><li>Psytrainer_VPE_PsychicShock</li><li>Psytrainer_VPE_NeuralHeatDump</li><li>Psytrainer_VPE_Berserk</li><li>Psytrainer_VPE_AggressiveHeatDump</li><li>Psytrainer_VPE_BerserkPulse</li><li>Psytrainer_VPE_PsychicDrone</li><li>Psytrainer_VPE_NeuralHeatDetonation</li><li>Psytrainer_VPE_Neuroquake</li><li>Psytrainer_VPE_PlantTimeskip</li><li>Psytrainer_VPE_TimeskipMeditation</li><li>Psytrainer_VPE_WordofForetelling</li><li>Psytrainer_VPE_CraftTimeskip</li><li>Psytrainer_VPE_Age</li><li>Psytrainer_VPE_RaidPause</li><li>Psytrainer_VPE_SeasonTimeskip</li><li>Psytrainer_VPE_TimeSphere</li><li>Psytrainer_VPE_TimeReversal</li><li>Psytrainer_VPE_Timequake</li><li>Psytrainer_VPE_Flameball</li><li>Psytrainer_VPE_SelfExplosion</li><li>Psytrainer_VPE_Explosion</li><li>Psytrainer_VPE_FireShield</li><li>Psytrainer_VPE_BreatheFlame</li><li>Psytrainer_VPE_EyeBlast</li><li>Psytrainer_VPE_QuenchFlames</li><li>Psytrainer_VPE_MeteorShower</li><li>Psytrainer_VPE_FireBeam</li><li>Psytrainer_VPE_FlameTornado</li><li>Psytrainer_VPE_WordofJoy</li><li>Psytrainer_VPE_WordofLove</li><li>Psytrainer_VPE_WordofSerenity</li><li>Psytrainer_VPE_WordofInspiration</li><li>Psytrainer_VPE_SootheMale</li><li>Psytrainer_VPE_SootheFemale</li><li>Psytrainer_VPE_Bliss</li><li>Psytrainer_VPE_EnergyDump</li><li>Psytrainer_VPE_MindWipe</li><li>Psytrainer_VPE_ReunionFarskip</li><li>Psytrainer_VPE_IceBreath</li><li>Psytrainer_VPE_IceSpike</li><li>Psytrainer_VPE_IceShield</li><li>Psytrainer_VPE_FrostRay</li><li>Psytrainer_VPE_IceCrystal</li><li>Psytrainer_VPE_ColdZone</li><li>Psytrainer_VPE_IceBlock</li><li>Psytrainer_VPE_SnapFreeze</li><li>Psytrainer_VPE_IceWall</li><li>Psytrainer_VPE_Blizzard</li><li>Psytrainer_VPE_Mindcontrol</li><li>Psytrainer_VPE_PsychicGuidance</li><li>Psytrainer_VPE_TransmuteStone</li><li>Psytrainer_VPE_HeatFocus</li><li>Psytrainer_VPE_LuckTransfer</li><li>Psytrainer_VPE_BendProbability</li><li>Psytrainer_VPE_LocationSwap</li><li>Psytrainer_VPE_HealthSwap</li><li>Psytrainer_VPE_Transmutation</li><li>Psytrainer_VPE_SkillRoll</li><li>Psytrainer_VPE_WordofFear</li><li>Psytrainer_VPE_Liferot</li><li>Psytrainer_VPE_StealVitality</li><li>Psytrainer_VPE_ParalysisPulse</li><li>Psytrainer_VPE_Corpsetalk</li><li>Psytrainer_VPE_Ghostwalk</li><li>Psytrainer_VPE_ConsumeBodies</li><li>Psytrainer_VPE_Deathshield</li><li>Psytrainer_VPE_Enthrall</li><li>Psytrainer_VPE_Resurrect</li><li>Psytrainer_VPE_Darkvision</li><li>Psytrainer_VPE_Darkness</li><li>Psytrainer_VPE_Obscure</li><li>Psytrainer_VPE_Eclipse</li><li>Psytrainer_VPE_Shadowskip</li><li>Psytrainer_VPE_Decoy</li><li>Psytrainer_VPE_ShadowFocus</li><li>Psytrainer_VPE_IntensifyShadows</li><li>Psytrainer_VPE_Assassinate</li><li>Psytrainer_VPE_Nightstep</li><li>Psytrainer_VPE_Painblock</li><li>Psytrainer_VPE_WordofHealing</li><li>Psytrainer_VPE_Stabilize</li><li>Psytrainer_VPE_WordofImmunity</li><li>Psytrainer_VPE_Overshield</li><li>Psytrainer_VPE_Focus</li><li>Psytrainer_VPE_Skipshield</li><li>Psytrainer_VPE_Invisibility</li><li>Psytrainer_VPE_RegrowLimbs</li><li>Psytrainer_VPE_GuardianSkipbarrier</li><li>Psytrainer_VPE_SolarPinhole</li><li>Psytrainer_VPE_Chunkskip</li><li>Psytrainer_VPE_Waterskip</li><li>Psytrainer_VPE_ChaosSkip</li><li>Psytrainer_VPE_Skip</li><li>Psytrainer_VPE_Wallraise</li><li>Psytrainer_VPE_Smokepop</li><li>Psytrainer_VPE_MassChaosSkip</li><li>Psytrainer_VPE_Skipdoor</li><li>Psytrainer_VPE_Farskip</li><li>Psytrainer_VPE_Bolt</li><li>Psytrainer_VPE_ChainBolt</li><li>Psytrainer_VPE_Thunderbolt</li><li>Psytrainer_VPE_StaticAura</li><li>Psytrainer_VPE_Recharge</li><li>Psytrainer_VPE_BallLightning</li><li>Psytrainer_VPE_StaticPulse</li><li>Psytrainer_VPE_Vortex</li><li>Psytrainer_VPE_Hurricane</li><li>Psytrainer_VPE_Flashstorm</li><li>Psytrainer_VPE_EnchantQuality</li><li>Psytrainer_VPE_Mend</li><li>Psytrainer_VPE_ConjureHeatPearls</li><li>Psytrainer_VPE_Haywire</li><li>Psytrainer_VPE_Power</li><li>Psytrainer_VPE_RockConstruct</li><li>Psytrainer_VPE_SteelConstruct</li><li>Psytrainer_VPE_CraftPsyRing</li><li>Psytrainer_VPE_WordofProgress</li><li>Psytrainer_VPE_ReverseEngineer</li><li>Psytrainer_VPE_SpeedBoost</li><li>Psytrainer_VPE_BladeFocus</li><li>Psytrainer_VPE_FiringFocus</li><li>Psytrainer_VPE_PowerLeap</li><li>Psytrainer_VPE_AdrenalineRush</li><li>Psytrainer_VPE_ControlledFrenzy</li><li>Psytrainer_VPE_GuidedShot</li><li>Psytrainer_VPE_Beckon</li><li>Psytrainer_VPE_Killskip</li><li>Psytrainer_VPE_MassBeckon</li><li>Psytrainer_VPE_BrambleMaze</li><li>Psytrainer_VPE_CropBurst</li><li>Psytrainer_VPE_WordofAnimals</li><li>Psytrainer_VPE_ManhunterPulse</li><li>Psytrainer_VPE_TreeSprout</li><li>Psytrainer_VPE_ShieldAnimals</li><li>Psytrainer_VPE_AnimalAllies</li><li>Psytrainer_VPE_Shrineshield</li><li>Psytrainer_VPE_EssenceTransfer</li><li>Psytrainer_VPE_SummonPack</li><li>Psytrainer_AAVPE_VenomSpit</li><li>Psytrainer_AAVPE_SummonBlackScarab</li><li>Psytrainer_AAVPE_SummonBlackSpelopede</li><li>Psytrainer_AAVPE_StrengthenInsect</li><li>Psytrainer_AAVPE_SummonBlackSpider</li><li>Psytrainer_AAVPE_SummonMammothWorm</li><li>Psytrainer_AAVPE_SummonBlackQueen</li><li>Psytrainer_AAVPE_SummonHive</li><li>Psytrainer_AAVPE_SummonEyeling</li><li>Psytrainer_AAVPE_OcularSprout</li><li>Psytrainer_AAVPE_StrikeEyes</li><li>Psytrainer_AAVPE_EyeEruption</li><li>Psytrainer_AAVPE_SummonOcularOriginator</li><li>Psytrainer_AAVPE_SummonEyelingHorde</li><li>Psytrainer_AAVPE_GreaterOcularSprout</li><li>Psytrainer_AAVPE_Slice</li><li>Psytrainer_AAVPE_ClawFrenzy</li><li>Psytrainer_AAVPE_DisablingStrike</li><li>Psytrainer_AAVPE_Skewer</li><li>Psytrainer_AAVPE_Charge</li><li>Psytrainer_AAVPE_ChargeAndSkewer</li><li>Psytrainer_AAVPE_EmpBlow</li><li>Psytrainer_AAVPE_SpinCut</li><li>Psytrainer_AAVPE_LegSkip</li><li>Psytrainer_AAVPE_KO</li><li>Psytrainer_AAVPE_FatalBlow</li><li>Psytrainer_AAVPE_ChemfuelNodules</li><li>Psytrainer_AAVPE_Hover</li><li>Psytrainer_AAVPE_FungalSkin</li><li>Psytrainer_AAVPE_WebSlinging</li><li>Psytrainer_AAVPE_LightSustenance</li><li>Psytrainer_AAVPE_AcidSpit</li><li>Psytrainer_AAVPE_Laser</li><li>Psytrainer_AAVPE_Electrify</li><li>Psytrainer_AAVPE_Regeneration</li><li>Psytrainer_VPEP_BrainCut</li><li>Psytrainer_VPEP_BrainLeech</li><li>Psytrainer_VPEP_Subjugation</li><li>Psytrainer_VPEP_Degrade</li><li>Psytrainer_VPEP_Puppet</li><li>Psytrainer_VPEP_SummonPuppet</li><li>Psytrainer_VPEP_MindSplit</li><li>Psytrainer_VPEP_PuppetSwarm</li><li>Psytrainer_VPEP_Ascension</li><li>Psytrainer_VPEP_MindJump</li><li>Psytrainer_HVT_WordOfEnnui</li><li>Psytrainer_HVT_WordOfVerve</li><li>Psytrainer_HVT_ExciseTrait</li><li>Psytrainer_HVT_Joyzone</li><li>Psytrainer_HVT_Viciousness</li><li>Psytrainer_HVT_WordOfGenius</li><li>Psytrainer_HVT_MoveUnseen</li><li>Psytrainer_HVT_Wimpzone</li><li>Psytrainer_HVT_MuscularInnervation</li><li>Psytrainer_HVT_TabulaRasa</li><li>Psytrainer_VPER_Etch_Runecircle</li><li>Psytrainer_VPER_Invoke_Stun</li><li>Psytrainer_VPER_Invoke_Speed</li><li>Psytrainer_VPER_Invoke_Turret</li><li>Psytrainer_VPER_Invoke_Defense</li><li>Psytrainer_VPER_Invoke_Explosion</li><li>Psytrainer_VPER_Invoke_Wrath</li><li>Psytrainer_VPER_Invoke_Summon</li><li>Psytrainer_VPER_Etch_Runecircle_Greater</li><li>Psytrainer_VPER_Invoke_Heal</li><li>Psytrainer_VPEH_Bloodfocus</li><li>Psytrainer_VPEH_BloodShard</li><li>Psytrainer_VPEH_BloodSpew</li><li>Psytrainer_VPEH_CloseWounds</li><li>Psytrainer_VPEH_Hemodrain</li><li>Psytrainer_VPEH_CorpseExplosion</li><li>Psytrainer_VPEH_WordofOffering</li><li>Psytrainer_VPEH_SanguineSpear</li><li>Psytrainer_VPEH_BloodRite</li><li>Psytrainer_VPEH_Bloodstorm</li></keys><values><li><records>
AAAgQw==
</records><thingDef>TextBook</thingDef></li><li><records>
AAAWQw==
</records><thingDef>Schematic</thingDef></li><li><records>
AAAgQw==
</records><thingDef>Novel</thingDef></li><li><records>
AABAQQ==
</records><thingDef>Beer</thingDef></li><li><records>
AAAgQA==
</records><thingDef>Wort</thingDef></li><li><records>
AABwQQ==
</records><thingDef>Ambrosia</thingDef></li><li><records>
AABUQg==
</records><thingDef>GoJuice</thingDef></li><li><records>
AACMQg==
</records><thingDef>Luciferium</thingDef></li><li><records>
AACQQQ==
</records><thingDef>Penoxycyline</thingDef></li><li><records>
AABgQQ==
</records><thingDef>Flake</thingDef></li><li><records>
AAAgQQ==
</records><thingDef>PsychiteTea</thingDef></li><li><records>
AACoQQ==
</records><thingDef>Yayo</thingDef></li><li><records>
AAAwQQ==
</records><thingDef>SmokeleafJoint</thingDef></li><li><records>
AAAMQg==
</records><thingDef>WakeUp</thingDef></li><li><records>
AIAiRQ==
</records><thingDef>PsychicAmplifier</thingDef></li><li><records>
MzMnQg==
</records><thingDef>Urn</thingDef></li><li><records>
zcwkQw==
</records><thingDef>SculptureSmall</thingDef></li><li><records>
AACbQw==
</records><thingDef>SculptureLarge</thingDef></li><li><records>
AICTRA==
</records><thingDef>SculptureGrand</thingDef></li><li><records>
j8K5Qg==
</records><thingDef>Bed</thingDef></li><li><records>
ZmYvQw==
</records><thingDef>DoubleBed</thingDef></li><li><records>
AABcRA==
</records><thingDef>RoyalBed</thingDef></li><li><records>
AADIQw==
</records><thingDef>HospitalBed</thingDef></li><li><records>
7FGkQg==
</records><thingDef>Bedroll</thingDef></li><li><records>
w/UtQw==
</records><thingDef>BedrollDouble</thingDef></li><li><records>
jZdKQg==
</records><thingDef>AnimalSleepingBox</thingDef></li><li><records>
SOGiQg==
</records><thingDef>AnimalBed</thingDef></li><li><records>
4XpOQg==
</records><thingDef>Stool</thingDef></li><li><records>
mpntQg==
</records><thingDef>DiningChair</thingDef></li><li><records>
AACHQw==
</records><thingDef>Armchair</thingDef></li><li><records>
AADrQw==
</records><thingDef>Couch</thingDef></li><li><records>
ZmZ+Qg==
</records><thingDef>EndTable</thingDef></li><li><records>
zcxqQg==
</records><thingDef>Table1x2c</thingDef></li><li><records>
zczSQg==
</records><thingDef>Table2x2c</thingDef></li><li><records>
AABIQw==
</records><thingDef>Table2x4c</thingDef></li><li><records>
AABSQw==
</records><thingDef>Table3x3c</thingDef></li><li><records>
mpkjQg==
</records><thingDef>PlantPot</thingDef></li><li><records>
7FEcQg==
</records><thingDef>StandingLamp</thingDef></li><li><records>
QmCaQg==
</records><thingDef>SunLamp</thingDef></li><li><records>
BoHtQQ==
</records><thingDef>WallLamp</thingDef></li><li><records>
7FHCQg==
</records><thingDef>FloodLight</thingDef></li><li><records>
MzMnQg==
</records><thingDef>Shelf</thingDef></li><li><records>
MzOnQQ==
</records><thingDef>ShelfSmall</thingDef></li><li><records>
MzMnQg==
</records><thingDef>Bookcase</thingDef></li><li><records>
MzOnQQ==
</records><thingDef>BookcaseSmall</thingDef></li><li><records>
ZmbWQg==
</records><thingDef>Dresser</thingDef></li><li><records>
SOGiQQ==
</records><thingDef>HorseshoesPin</thingDef></li><li><records>
pHAhQg==
</records><thingDef>HoopstoneRing</thingDef></li><li><records>
MzO3Qg==
</records><thingDef>GameOfUrBoard</thingDef></li><li><records>
zcwoQw==
</records><thingDef>ChessTable</thingDef></li><li><records>
AABwQw==
</records><thingDef>PokerTable</thingDef></li><li><records>
AAC0Qw==
</records><thingDef>BilliardsTable</thingDef></li><li><records>
AICdQw==
</records><thingDef>TubeTelevision</thingDef></li><li><records>
AABmRA==
</records><thingDef>FlatscreenTelevision</thingDef></li><li><records>
AKC5RA==
</records><thingDef>MegascreenTelevision</thingDef></li><li><records>
AACvQw==
</records><thingDef>Telescope</thingDef></li><li><records>
AABIQw==
</records><thingDef>Gloomlight</thingDef></li><li><records>
zcw8Qg==
</records><thingDef>EggBox</thingDef></li><li><records>
j8LdQg==
</records><thingDef>OrbitalTradeBeacon</thingDef></li><li><records>
ZuYzQw==
</records><thingDef>FirefoamPopper</thingDef></li><li><records>
AAB/RA==
</records><thingDef>MultiAnalyzer</thingDef></li><li><records>
AABXQw==
</records><thingDef>VitalsMonitor</thingDef></li><li><records>
AIDAQw==
</records><thingDef>ToolCabinet</thingDef></li><li><records>
16N4Qg==
</records><thingDef>PenMarker</thingDef></li><li><records>
AABIQg==
</records><thingDef>GlowPod</thingDef></li><li><records>
SOFHQw==
</records><thingDef>Battery</thingDef></li><li><records>
AAB/Qw==
</records><thingDef>TableSculpting</thingDef></li><li><records>
MzMdQw==
</records><thingDef>TableButcher</thingDef></li><li><records>
MzMdQw==
</records><thingDef>HandTailoringBench</thingDef></li><li><records>
AACgQw==
</records><thingDef>ElectricTailoringBench</thingDef></li><li><records>
AABIQw==
</records><thingDef>FueledSmithy</thingDef></li><li><records>
AICTQw==
</records><thingDef>ElectricSmithy</thingDef></li><li><records>
AIDjQw==
</records><thingDef>TableMachining</thingDef></li><li><records>
AABhQw==
</records><thingDef>ElectricStove</thingDef></li><li><records>
MzMfQw==
</records><thingDef>FueledStove</thingDef></li><li><records>
AABXQw==
</records><thingDef>TableStonecutter</thingDef></li><li><records>
AABSQw==
</records><thingDef>Brewery</thingDef></li><li><records>
AIDeQw==
</records><thingDef>DrugLab</thingDef></li><li><records>
AADIQw==
</records><thingDef>ElectricSmelter</thingDef></li><li><records>
AABSQw==
</records><thingDef>SimpleResearchBench</thingDef></li><li><records>
16NkQg==
</records><thingDef>FermentingBarrel</thingDef></li><li><records>
AACRQw==
</records><thingDef>DeepDrill</thingDef></li><li><records>
NV4qQQ==
</records><thingDef>Sandbags</thingDef></li><li><records>
exQmQg==
</records><thingDef>TrapSpike</thingDef></li><li><records>
exTmQg==
</records><thingDef>TrapIED_HighExplosive</thingDef></li><li><records>
exTmQg==
</records><thingDef>TrapIED_Incendiary</thingDef></li><li><records>
exTmQg==
</records><thingDef>TrapIED_EMP</thingDef></li><li><records>
exTmQg==
</records><thingDef>TrapIED_Smoke</thingDef></li><li><records>
exTmQg==
</records><thingDef>TrapIED_Firefoam</thingDef></li><li><records>
AKCWRA==
</records><thingDef>TrapIED_AntigrainWarhead</thingDef></li><li><records>
AICTQw==
</records><thingDef>Turret_MiniTurret</thingDef></li><li><records>
AABhRA==
</records><thingDef>Turret_Mortar</thingDef></li><li><records>
AMAZRA==
</records><thingDef>Turret_FoamTurret</thingDef></li><li><records>
AICiRA==
</records><thingDef>PsychicEmanator</thingDef></li><li><records>
AACWRA==
</records><thingDef>VanometricPowerCell</thingDef></li><li><records>
AIC7RA==
</records><thingDef>InfiniteChemreactor</thingDef></li><li><records>
mpkCQw==
</records><thingDef>Heater</thingDef></li><li><records>
AAAvRA==
</records><thingDef>PsychicAnimalPulser</thingDef></li><li><records>
AAAWRA==
</records><thingDef>PsychicSoothePulser</thingDef></li><li><records>
AAB6RQ==
</records><thingDef>AIPersonaCore</thingDef></li><li><records>
AICiRA==
</records><thingDef>MechSerumHealer</thingDef></li><li><records>
AIDURA==
</records><thingDef>MechSerumResurrector</thingDef></li><li><records>
AAB6RA==
</records><thingDef>TechprofSubpersonaCore</thingDef></li><li><records>
AABIRA==
</records><thingDef>ThrumboHorn</thingDef></li><li><records>
AACgQg==
</records><thingDef>ElephantTusk</thingDef></li><li><records>
AADAQQ==
</records><thingDef>MealSurvivalPack</thingDef></li><li><records>
AAAgQQ==
</records><thingDef>MealNutrientPaste</thingDef></li><li><records>
AABwQQ==
</records><thingDef>MealSimple</thingDef></li><li><records>
AACgQQ==
</records><thingDef>MealFine</thingDef></li><li><records>
AACgQQ==
</records><thingDef>MealFine_Veg</thingDef></li><li><records>
AACgQQ==
</records><thingDef>MealFine_Meat</thingDef></li><li><records>
AAAgQg==
</records><thingDef>MealLavish</thingDef></li><li><records>
AAAgQg==
</records><thingDef>MealLavish_Veg</thingDef></li><li><records>
AAAgQg==
</records><thingDef>MealLavish_Meat</thingDef></li><li><records>
zcyMPw==
</records><thingDef>Kibble</thingDef></li><li><records>
MzOzPw==
</records><thingDef>Pemmican</thingDef></li><li><records>
AABAQA==
</records><thingDef>Chocolate</thingDef></li><li><records>
MzPzPw==
</records><thingDef>Milk</thingDef></li><li><records>
AABgQA==
</records><thingDef>InsectJelly</thingDef></li><li><records>
AACgQA==
</records><thingDef>Skull</thingDef></li><li><records>
AADgQA==
</records><thingDef>EggChickenUnfertilized</thingDef></li><li><records>
AADgQA==
</records><thingDef>EggChickenFertilized</thingDef></li><li><records>
AACgQQ==
</records><thingDef>EggCobraFertilized</thingDef></li><li><records>
AABgQQ==
</records><thingDef>EggCobraUnfertilized</thingDef></li><li><records>
AADIQQ==
</records><thingDef>EggIguanaFertilized</thingDef></li><li><records>
AACIQQ==
</records><thingDef>EggIguanaUnfertilized</thingDef></li><li><records>
AAC4QQ==
</records><thingDef>EggTortoiseFertilized</thingDef></li><li><records>
AACIQQ==
</records><thingDef>EggTortoiseUnfertilized</thingDef></li><li><records>
AACYQQ==
</records><thingDef>EggCassowaryFertilized</thingDef></li><li><records>
AABgQQ==
</records><thingDef>EggCassowaryUnfertilized</thingDef></li><li><records>
AACQQQ==
</records><thingDef>EggEmuFertilized</thingDef></li><li><records>
AABAQQ==
</records><thingDef>EggEmuUnfertilized</thingDef></li><li><records>
AAC4QQ==
</records><thingDef>EggOstrichFertilized</thingDef></li><li><records>
AABwQQ==
</records><thingDef>EggOstrichUnfertilized</thingDef></li><li><records>
AAAwQQ==
</records><thingDef>EggTurkeyFertilized</thingDef></li><li><records>
AADgQA==
</records><thingDef>EggTurkeyUnfertilized</thingDef></li><li><records>
AADgQA==
</records><thingDef>EggDuckUnfertilized</thingDef></li><li><records>
AADgQA==
</records><thingDef>EggDuckFertilized</thingDef></li><li><records>
AAAQQQ==
</records><thingDef>EggGooseUnfertilized</thingDef></li><li><records>
AAAwQQ==
</records><thingDef>EggGooseFertilized</thingDef></li><li><records>
AAAgQQ==
</records><thingDef>MedicineHerbal</thingDef></li><li><records>
AACQQQ==
</records><thingDef>MedicineIndustrial</thingDef></li><li><records>
AABIQg==
</records><thingDef>MedicineUltratech</thingDef></li><li><records>
AAAAQg==
</records><thingDef>ComponentIndustrial</thingDef></li><li><records>
AABIQw==
</records><thingDef>ComponentSpacer</thingDef></li><li><records>
AADAQA==
</records><thingDef>Neutroamine</thingDef></li><li><records>
MzMTQA==
</records><thingDef>Chemfuel</thingDef></li><li><records>
AAAWRA==
</records><thingDef>ReinforcedBarrel</thingDef></li><li><records>
zcyMPw==
</records><thingDef>RawPotatoes</thingDef></li><li><records>
zcyMPw==
</records><thingDef>RawFungus</thingDef></li><li><records>
zcyMPw==
</records><thingDef>RawRice</thingDef></li><li><records>
zcyMPw==
</records><thingDef>RawCorn</thingDef></li><li><records>
mpkZPw==
</records><thingDef>Hay</thingDef></li><li><records>
ZmamPw==
</records><thingDef>RawHops</thingDef></li><li><records>
MzPzPw==
</records><thingDef>PsychoidLeaves</thingDef></li><li><records>
zczMPw==
</records><thingDef>SmokeleafLeaves</thingDef></li><li><records>
AABcQg==
</records><thingDef>Shell_HighExplosive</thingDef></li><li><records>
AABcQg==
</records><thingDef>Shell_Incendiary</thingDef></li><li><records>
AABcQg==
</records><thingDef>Shell_EMP</thingDef></li><li><records>
AABcQg==
</records><thingDef>Shell_Smoke</thingDef></li><li><records>
AABcQg==
</records><thingDef>Shell_Firefoam</thingDef></li><li><records>
AACWRA==
</records><thingDef>Shell_AntigrainWarhead</thingDef></li><li><records>
AAAgQQ==
</records><thingDef>Gold</thingDef></li><li><records>
MzPzPw==
</records><thingDef>Steel</thingDef></li><li><records>
AAAQQQ==
</records><thingDef>Plasteel</thingDef></li><li><records>
mpmZPw==
</records><thingDef>WoodLog</thingDef></li><li><records>
AADAQA==
</records><thingDef>Uranium</thingDef></li><li><records>
AACgQA==
</records><thingDef>Jade</thingDef></li><li><records>
AADAPw==
</records><thingDef>Cloth</thingDef></li><li><records>
AACAQA==
</records><thingDef>Synthread</thingDef></li><li><records>
AACwQA==
</records><thingDef>DevilstrandCloth</thingDef></li><li><records>
AAAQQQ==
</records><thingDef>Hyperweave</thingDef></li><li><records>
zcwsQA==
</records><thingDef>WoolSheep</thingDef></li><li><records>
MzNzQA==
</records><thingDef>WoolAlpaca</thingDef></li><li><records>
zcwsQA==
</records><thingDef>WoolMegasloth</thingDef></li><li><records>
zcwsQA==
</records><thingDef>WoolMuffalo</thingDef></li><li><records>
zcwsQA==
</records><thingDef>WoolBison</thingDef></li><li><records>
ZmYGQA==
</records><thingDef>Leather_Plain</thingDef></li><li><records>
AAAAQA==
</records><thingDef>Leather_Dog</thingDef></li><li><records>
AABAQA==
</records><thingDef>Leather_Wolf</thingDef></li><li><records>
AABAQA==
</records><thingDef>Leather_Panthera</thingDef></li><li><records>
MzMTQA==
</records><thingDef>Leather_Camel</thingDef></li><li><records>
MzMTQA==
</records><thingDef>Leather_Bluefur</thingDef></li><li><records>
mplZQA==
</records><thingDef>Leather_Bear</thingDef></li><li><records>
AACgQA==
</records><thingDef>Leather_GuineaPig</thingDef></li><li><records>
ZmaGQA==
</records><thingDef>Leather_Human</thingDef></li><li><records>
MzPzPw==
</records><thingDef>Leather_Pig</thingDef></li><li><records>
MzPzPw==
</records><thingDef>Leather_Light</thingDef></li><li><records>
ZmbmPw==
</records><thingDef>Leather_Bird</thingDef></li><li><records>
AADQQA==
</records><thingDef>Leather_Chinchilla</thingDef></li><li><records>
AABgQA==
</records><thingDef>Leather_Fox</thingDef></li><li><records>
ZmYGQA==
</records><thingDef>Leather_Lizard</thingDef></li><li><records>
AABAQA==
</records><thingDef>Leather_Elephant</thingDef></li><li><records>
MzNTQA==
</records><thingDef>Leather_Heavy</thingDef></li><li><records>
ZmaGQA==
</records><thingDef>Leather_Rhinoceros</thingDef></li><li><records>
AABgQQ==
</records><thingDef>Leather_Thrumbo</thingDef></li><li><records>
AADAPw==
</records><thingDef>Leather_Patch</thingDef></li><li><records>
AADDQw==
</records><thingDef>Apparel_ShieldBelt</thingDef></li><li><records>
hethQg==
</records><thingDef>Apparel_CowboyHat</thingDef></li><li><records>
hes5Qg==
</records><thingDef>Apparel_BowlerHat</thingDef></li><li><records>
MzPzQg==
</records><thingDef>Apparel_TribalHeaddress</thingDef></li><li><records>
rkcxQg==
</records><thingDef>Apparel_Tuque</thingDef></li><li><records>
MzNzQg==
</records><thingDef>Apparel_WarMask</thingDef></li><li><records>
9ig0Qg==
</records><thingDef>Apparel_WarVeil</thingDef></li><li><records>
PQq3Qg==
</records><thingDef>Apparel_SimpleHelmet</thingDef></li><li><records>
AICEQw==
</records><thingDef>Apparel_AdvancedHelmet</thingDef></li><li><records>
AMAeRA==
</records><thingDef>Apparel_PowerArmorHelmet</thingDef></li><li><records>
AEADRA==
</records><thingDef>Apparel_ArmorHelmetRecon</thingDef></li><li><records>
AAB6Qw==
</records><thingDef>Apparel_PsychicFoilHelmet</thingDef></li><li><records>
MzPzQg==
</records><thingDef>Apparel_HatHood</thingDef></li><li><records>
PQq3QQ==
</records><thingDef>Apparel_ClothMask</thingDef></li><li><records>
w/UuQw==
</records><thingDef>Apparel_SmokepopBelt</thingDef></li><li><records>
w/UXQw==
</records><thingDef>Apparel_FirefoampopPack</thingDef></li><li><records>
AIAJRA==
</records><thingDef>Apparel_PsychicShockLance</thingDef></li><li><records>
AIAiRA==
</records><thingDef>Apparel_PsychicInsanityLance</thingDef></li><li><records>
w/X8Qg==
</records><thingDef>Apparel_TribalA</thingDef></li><li><records>
zcw8Qw==
</records><thingDef>Apparel_Parka</thingDef></li><li><records>
H4WrQg==
</records><thingDef>Apparel_Pants</thingDef></li><li><records>
H4WrQg==
</records><thingDef>Apparel_BasicShirt</thingDef></li><li><records>
pHDHQg==
</records><thingDef>Apparel_CollarShirt</thingDef></li><li><records>
AABEQw==
</records><thingDef>Apparel_Duster</thingDef></li><li><records>
MzMlQw==
</records><thingDef>Apparel_Jacket</thingDef></li><li><records>
AIDtQw==
</records><thingDef>Apparel_PlateArmor</thingDef></li><li><records>
AABhQw==
</records><thingDef>Apparel_FlakVest</thingDef></li><li><records>
AABhQw==
</records><thingDef>Apparel_FlakPants</thingDef></li><li><records>
AACRQw==
</records><thingDef>Apparel_FlakJacket</thingDef></li><li><records>
AGD+RA==
</records><thingDef>Apparel_PowerArmor</thingDef></li><li><records>
AIDARA==
</records><thingDef>Apparel_ArmorRecon</thingDef></li><li><records>
AABcQw==
</records><thingDef>Apparel_Cape</thingDef></li><li><records>
AAAyQw==
</records><thingDef>Apparel_Robe</thingDef></li><li><records>
ZmZmPw==
</records><thingDef>BlocksSandstone</thingDef></li><li><records>
ZmZmPw==
</records><thingDef>BlocksGranite</thingDef></li><li><records>
ZmZmPw==
</records><thingDef>BlocksLimestone</thingDef></li><li><records>
ZmZmPw==
</records><thingDef>BlocksSlate</thingDef></li><li><records>
ZmZmPw==
</records><thingDef>BlocksMarble</thingDef></li><li><records>
mpkpQA==
</records><thingDef>Dye</thingDef></li><li><records>
AAAvRA==
</records><thingDef>Bear_Grizzly</thingDef></li><li><records>
AAAvRA==
</records><thingDef>Bear_Polar</thingDef></li><li><records>
AAB6Qw==
</records><thingDef>Ostrich</thingDef></li><li><records>
AABIQw==
</records><thingDef>Emu</thingDef></li><li><records>
AABIQw==
</records><thingDef>Cassowary</thingDef></li><li><records>
AADIQw==
</records><thingDef>Cougar</thingDef></li><li><records>
AADIQw==
</records><thingDef>Panther</thingDef></li><li><records>
AAB6Qw==
</records><thingDef>Lynx</thingDef></li><li><records>
AADIQg==
</records><thingDef>Cat</thingDef></li><li><records>
AADIQg==
</records><thingDef>YorkshireTerrier</thingDef></li><li><records>
AAAWQw==
</records><thingDef>GuineaPig</thingDef></li><li><records>
AAB6Qw==
</records><thingDef>LabradorRetriever</thingDef></li><li><records>
AAB6Qw==
</records><thingDef>Husky</thingDef></li><li><records>
AADIQg==
</records><thingDef>Monkey</thingDef></li><li><records>
AABIQg==
</records><thingDef>Chicken</thingDef></li><li><records>
AABwQg==
</records><thingDef>Duck</thingDef></li><li><records>
AADIQg==
</records><thingDef>Turkey</thingDef></li><li><records>
AAC0Qg==
</records><thingDef>Goose</thingDef></li><li><records>
AACWQw==
</records><thingDef>Cow</thingDef></li><li><records>
AACvQw==
</records><thingDef>Boomalope</thingDef></li><li><records>
AACWQw==
</records><thingDef>Muffalo</thingDef></li><li><records>
AACvQw==
</records><thingDef>Bison</thingDef></li><li><records>
AACWQw==
</records><thingDef>Dromedary</thingDef></li><li><records>
AABIQw==
</records><thingDef>Goat</thingDef></li><li><records>
AACWQw==
</records><thingDef>Elk</thingDef></li><li><records>
AACgQw==
</records><thingDef>Yak</thingDef></li><li><records>
AACWQw==
</records><thingDef>Caribou</thingDef></li><li><records>
AIAJRA==
</records><thingDef>Horse</thingDef></li><li><records>
AACgQw==
</records><thingDef>Donkey</thingDef></li><li><records>
AAAWRA==
</records><thingDef>Elephant</thingDef></li><li><records>
AAAvRA==
</records><thingDef>Rhinoceros</thingDef></li><li><records>
AABIQg==
</records><thingDef>Hare</thingDef></li><li><records>
AABIQg==
</records><thingDef>Snowhare</thingDef></li><li><records>
AADIQg==
</records><thingDef>Megascarab</thingDef></li><li><records>
AABIQw==
</records><thingDef>Spelopede</thingDef></li><li><records>
AAD6Qw==
</records><thingDef>Megaspider</thingDef></li><li><records>
AAB6RQ==
</records><thingDef>Thrumbo</thingDef></li><li><records>
AAAWQw==
</records><thingDef>Cobra</thingDef></li><li><records>
AABIQw==
</records><thingDef>Tortoise</thingDef></li><li><records>
AAB6Qw==
</records><thingDef>Alphabeaver</thingDef></li><li><records>
AABIQw==
</records><thingDef>Pig</thingDef></li><li><records>
AABIQw==
</records><thingDef>WildBoar</thingDef></li><li><records>
AAB6Qw==
</records><thingDef>Ibex</thingDef></li><li><records>
AAB6Qw==
</records><thingDef>Deer</thingDef></li><li><records>
AAAWQw==
</records><thingDef>Gazelle</thingDef></li><li><records>
AAAWQw==
</records><thingDef>Chinchilla</thingDef></li><li><records>
AABSQw==
</records><thingDef>Sheep</thingDef></li><li><records>
AACvQw==
</records><thingDef>Alpaca</thingDef></li><li><records>
AAAvRA==
</records><thingDef>Megasloth</thingDef></li><li><records>
AAAWQw==
</records><thingDef>Capybara</thingDef></li><li><records>
AAAMQg==
</records><thingDef>Squirrel</thingDef></li><li><records>
AAAMQg==
</records><thingDef>Rat</thingDef></li><li><records>
AADIQg==
</records><thingDef>Boomrat</thingDef></li><li><records>
AADIQg==
</records><thingDef>Raccoon</thingDef></li><li><records>
AADIQg==
</records><thingDef>Iguana</thingDef></li><li><records>
AADhQw==
</records><thingDef>Warg</thingDef></li><li><records>
AACvQw==
</records><thingDef>Wolf_Timber</thingDef></li><li><records>
AACvQw==
</records><thingDef>Wolf_Arctic</thingDef></li><li><records>
AABIQw==
</records><thingDef>Fox_Fennec</thingDef></li><li><records>
AABIQw==
</records><thingDef>Fox_Red</thingDef></li><li><records>
AABIQw==
</records><thingDef>Fox_Arctic</thingDef></li><li><records>
AMDaRA==
</records><thingDef>Human</thingDef></li><li><records>
AAAvRQ==
</records><thingDef>ArchotechEye</thingDef></li><li><records>
AAAvRQ==
</records><thingDef>ArchotechArm</thingDef></li><li><records>
AAAvRQ==
</records><thingDef>ArchotechLeg</thingDef></li><li><records>
AMCARA==
</records><thingDef>BionicEye</thingDef></li><li><records>
AMCARA==
</records><thingDef>BionicArm</thingDef></li><li><records>
AMCARA==
</records><thingDef>BionicLeg</thingDef></li><li><records>
AMCARA==
</records><thingDef>BionicSpine</thingDef></li><li><records>
AMCARA==
</records><thingDef>BionicHeart</thingDef></li><li><records>
AEBERA==
</records><thingDef>BionicStomach</thingDef></li><li><records>
AADIQw==
</records><thingDef>DeathAcidifier</thingDef></li><li><records>
AEBERA==
</records><thingDef>BionicEar</thingDef></li><li><records>
AEANRA==
</records><thingDef>BionicTongue</thingDef></li><li><records>
AEBERA==
</records><thingDef>BionicJaw</thingDef></li><li><records>
AACWRA==
</records><thingDef>Heart</thingDef></li><li><records>
AAB6RA==
</records><thingDef>Lung</thingDef></li><li><records>
AABhRA==
</records><thingDef>Kidney</thingDef></li><li><records>
AACWRA==
</records><thingDef>Liver</thingDef></li><li><records>
AACCQw==
</records><thingDef>SimpleProstheticLeg</thingDef></li><li><records>
AACCQw==
</records><thingDef>SimpleProstheticArm</thingDef></li><li><records>
AABmQw==
</records><thingDef>SimpleProstheticHeart</thingDef></li><li><records>
AABcQw==
</records><thingDef>CochlearImplant</thingDef></li><li><records>
AIDAQw==
</records><thingDef>PowerClaw</thingDef></li><li><records>
AABcQw==
</records><thingDef>Joywire</thingDef></li><li><records>
AABcQw==
</records><thingDef>Painstopper</thingDef></li><li><records>
AADsQg==
</records><thingDef>MeleeWeapon_BreachAxe</thingDef></li><li><records>
MzPzQg==
</records><thingDef>MeleeWeapon_Mace</thingDef></li><li><records>
MzMPQw==
</records><thingDef>MeleeWeapon_Gladius</thingDef></li><li><records>
AICEQw==
</records><thingDef>MeleeWeapon_LongSword</thingDef></li><li><records>
16OoQg==
</records><thingDef>MeleeWeapon_Club</thingDef></li><li><records>
w/WEQg==
</records><thingDef>MeleeWeapon_Knife</thingDef></li><li><records>
AADsQg==
</records><thingDef>MeleeWeapon_Ikwa</thingDef></li><li><records>
MzNBQw==
</records><thingDef>MeleeWeapon_Spear</thingDef></li><li><records>
ZmYHQw==
</records><thingDef>Gun_Revolver</thingDef></li><li><records>
AAALQw==
</records><thingDef>Gun_Autopistol</thingDef></li><li><records>
AABcQw==
</records><thingDef>Gun_MachinePistol</thingDef></li><li><records>
AACqQw==
</records><thingDef>Gun_IncendiaryLauncher</thingDef></li><li><records>
AAC+Qw==
</records><thingDef>Gun_SmokeLauncher</thingDef></li><li><records>
AID8Qw==
</records><thingDef>Gun_EmpLauncher</thingDef></li><li><records>
AAB/Qw==
</records><thingDef>Gun_BoltActionRifle</thingDef></li><li><records>
AAB/Qw==
</records><thingDef>Gun_PumpShotgun</thingDef></li><li><records>
AIDKQw==
</records><thingDef>Gun_ChainShotgun</thingDef></li><li><records>
AICxQw==
</records><thingDef>Gun_HeavySMG</thingDef></li><li><records>
AIDUQw==
</records><thingDef>Gun_LMG</thingDef></li><li><records>
AADwQw==
</records><thingDef>Gun_AssaultRifle</thingDef></li><li><records>
AIAERA==
</records><thingDef>Gun_SniperRifle</thingDef></li><li><records>
AACRRA==
</records><thingDef>Gun_Minigun</thingDef></li><li><records>
AICEQw==
</records><thingDef>Weapon_GrenadeFrag</thingDef></li><li><records>
AAB1Qw==
</records><thingDef>Weapon_GrenadeMolotov</thingDef></li><li><records>
AICdQw==
</records><thingDef>Weapon_GrenadeEMP</thingDef></li><li><records>
rkeJQg==
</records><thingDef>Bow_Short</thingDef></li><li><records>
MzMlQw==
</records><thingDef>Pila</thingDef></li><li><records>
AADEQg==
</records><thingDef>Bow_Recurve</thingDef></li><li><records>
ZmYEQw==
</records><thingDef>Bow_Great</thingDef></li><li><records>
AIB8RA==
</records><thingDef>Gun_ChargeRifle</thingDef></li><li><records>
AGCpRA==
</records><thingDef>Gun_ChargeLance</thingDef></li><li><records>
AACWRA==
</records><thingDef>OrbitalTargeterBombardment</thingDef></li><li><records>
AACWRA==
</records><thingDef>OrbitalTargeterPowerBeam</thingDef></li><li><records>
AABIRA==
</records><thingDef>TornadoGenerator</thingDef></li><li><records>
AAB6RA==
</records><thingDef>PsychicSensitizer</thingDef></li><li><records>
AABIRA==
</records><thingDef>PsychicHarmonizer</thingDef></li><li><records>
AAB6RA==
</records><thingDef>PsychicReader</thingDef></li><li><records>
AMCARA==
</records><thingDef>Neurocalculator</thingDef></li><li><records>
AMCARA==
</records><thingDef>LearningAssistant</thingDef></li><li><records>
AIBPRA==
</records><thingDef>GastroAnalyzer</thingDef></li><li><records>
AMCARA==
</records><thingDef>Immunoenhancer</thingDef></li><li><records>
AMCARA==
</records><thingDef>Coagulator</thingDef></li><li><records>
AMCARA==
</records><thingDef>HealingEnhancer</thingDef></li><li><records>
AMCARA==
</records><thingDef>ToughskinGland</thingDef></li><li><records>
AGC4RA==
</records><thingDef>ArmorskinGland</thingDef></li><li><records>
AADwRA==
</records><thingDef>StoneskinGland</thingDef></li><li><records>
AIBPRA==
</records><thingDef>AestheticShaper</thingDef></li><li><records>
AEASRA==
</records><thingDef>AestheticNose</thingDef></li><li><records>
AMCARA==
</records><thingDef>LoveEnhancer</thingDef></li><li><records>
AMCARA==
</records><thingDef>DetoxifierStomach</thingDef></li><li><records>
AMCARA==
</records><thingDef>ReprocessorStomach</thingDef></li><li><records>
AMCARA==
</records><thingDef>NuclearStomach</thingDef></li><li><records>
AMCARA==
</records><thingDef>CircadianAssistant</thingDef></li><li><records>
AMCARA==
</records><thingDef>CircadianHalfCycler</thingDef></li><li><records>
AABSQw==
</records><thingDef>Mindscrew</thingDef></li><li><records>
AIDUQw==
</records><thingDef>DrillArm</thingDef></li><li><records>
AIDUQw==
</records><thingDef>FieldHand</thingDef></li><li><records>
AICxQw==
</records><thingDef>HandTalon</thingDef></li><li><records>
AICxQw==
</records><thingDef>ElbowBlade</thingDef></li><li><records>
AICxQw==
</records><thingDef>KneeSpike</thingDef></li><li><records>
AICxQw==
</records><thingDef>VenomFangs</thingDef></li><li><records>
AICxQw==
</records><thingDef>VenomTalon</thingDef></li><li><records>
AIC2Qw==
</records><thingDef>Drape</thingDef></li><li><records>
MzPPQg==
</records><thingDef>Brazier</thingDef></li><li><records>
MzPPQg==
</records><thingDef>DarklightBrazier</thingDef></li><li><records>
AICOQw==
</records><thingDef>Throne</thingDef></li><li><records>
AOC6RA==
</records><thingDef>GrandThrone</thingDef></li><li><records>
AADIQw==
</records><thingDef>UnstablePowerCell</thingDef></li><li><records>
j8LdQg==
</records><thingDef>ShipLandingBeacon</thingDef></li><li><records>
AICxQw==
</records><thingDef>NatureShrine_Small</thingDef></li><li><records>
AIAxRA==
</records><thingDef>NatureShrine_Large</thingDef></li><li><records>
AECcRQ==
</records><thingDef>AnimusStone</thingDef></li><li><records>
AIC2Qw==
</records><thingDef>Harp</thingDef></li><li><records>
AMAZRA==
</records><thingDef>Harpsichord</thingDef></li><li><records>
AIBURA==
</records><thingDef>Piano</thingDef></li><li><records>
AEAhRA==
</records><thingDef>Apparel_PackJump</thingDef></li><li><records>
AADXQw==
</records><thingDef>Apparel_PackBroadshield</thingDef></li><li><records>
AAD6Qw==
</records><thingDef>Apparel_PsyfocusHelmet</thingDef></li><li><records>
AAD6Qw==
</records><thingDef>Apparel_EltexSkullcap</thingDef></li><li><records>
AADIQw==
</records><thingDef>Apparel_PsyfocusShirt</thingDef></li><li><records>
AAD6Qw==
</records><thingDef>Apparel_PsyfocusVest</thingDef></li><li><records>
AAAWRA==
</records><thingDef>Apparel_PsyfocusRobe</thingDef></li><li><records>
mpkXQw==
</records><thingDef>Apparel_ShirtRuffle</thingDef></li><li><records>
MzMFQw==
</records><thingDef>Apparel_Corset</thingDef></li><li><records>
MzMFQw==
</records><thingDef>Apparel_VestRoyal</thingDef></li><li><records>
AACHQw==
</records><thingDef>Apparel_RobeRoyal</thingDef></li><li><records>
MzPzQg==
</records><thingDef>Apparel_HatLadies</thingDef></li><li><records>
MzPzQg==
</records><thingDef>Apparel_HatTop</thingDef></li><li><records>
zcwAQw==
</records><thingDef>Apparel_Coronet</thingDef></li><li><records>
MzNBQw==
</records><thingDef>Apparel_Crown</thingDef></li><li><records>
AAAqQw==
</records><thingDef>Apparel_CrownStellic</thingDef></li><li><records>
zcyoQg==
</records><thingDef>Apparel_Beret</thingDef></li><li><records>
AMAFRQ==
</records><thingDef>Apparel_ArmorReconPrestige</thingDef></li><li><records>
AABcRA==
</records><thingDef>Apparel_ArmorHelmetReconPrestige</thingDef></li><li><records>
AMAoRQ==
</records><thingDef>Apparel_ArmorMarinePrestige</thingDef></li><li><records>
AAB/RA==
</records><thingDef>Apparel_ArmorMarineHelmetPrestige</thingDef></li><li><records>
AABDRQ==
</records><thingDef>Apparel_ArmorCataphract</thingDef></li><li><records>
AEA6RA==
</records><thingDef>Apparel_ArmorHelmetCataphract</thingDef></li><li><records>
APB/RQ==
</records><thingDef>Apparel_ArmorCataphractPrestige</thingDef></li><li><records>
AAClRA==
</records><thingDef>Apparel_ArmorHelmetCataphractPrestige</thingDef></li><li><records>
AGALRQ==
</records><thingDef>Apparel_ArmorLocust</thingDef></li><li><records>
ABAQRQ==
</records><thingDef>Apparel_ArmorMarineGrenadier</thingDef></li><li><records>
AIBZRQ==
</records><thingDef>Apparel_ArmorCataphractPhoenix</thingDef></li><li><records>
AICsQw==
</records><thingDef>Apparel_Gunlink</thingDef></li><li><records>
AACvQw==
</records><thingDef>BroadshieldCore</thingDef></li><li><records>
AIA7RQ==
</records><thingDef>MeleeWeapon_MonoSwordBladelink</thingDef></li><li><records>
AIA7RQ==
</records><thingDef>MeleeWeapon_ZeusHammerBladelink</thingDef></li><li><records>
AIA7RQ==
</records><thingDef>MeleeWeapon_PlasmaSwordBladelink</thingDef></li><li><records>
Zmb6Qg==
</records><thingDef>MeleeWeapon_Axe</thingDef></li><li><records>
AIC2Qw==
</records><thingDef>MeleeWeapon_Warhammer</thingDef></li><li><records>
AAD6RA==
</records><thingDef>MeleeWeapon_MonoSword</thingDef></li><li><records>
AAD6RA==
</records><thingDef>MeleeWeapon_Zeushammer</thingDef></li><li><records>
AAD6RA==
</records><thingDef>MeleeWeapon_PlasmaSword</thingDef></li><li><records>
AACWRA==
</records><thingDef>OrbitalTargeterMechCluster</thingDef></li><li><records>
AAD6RA==
</records><thingDef>MeleeWeapon_PsyfocusStaff</thingDef></li><li><records>
AACbQw==
</records><thingDef>SculptureTerror</thingDef></li><li><records>
AICJQw==
</records><thingDef>SleepAccelerator</thingDef></li><li><records>
AIDjQw==
</records><thingDef>BiosculpterPod</thingDef></li><li><records>
AAB1Qw==
</records><thingDef>NeuralSupercharger</thingDef></li><li><records>
AAAeQw==
</records><thingDef>ChristmasTree</thingDef></li><li><records>
AAAEQw==
</records><thingDef>CannibalPlatter</thingDef></li><li><records>
mpnVQg==
</records><thingDef>Effigy</thingDef></li><li><records>
mpntQg==
</records><thingDef>SacrificialFlag</thingDef></li><li><records>
AAAKQw==
</records><thingDef>Pyre</thingDef></li><li><records>
AACbQw==
</records><thingDef>Burnbong</thingDef></li><li><records>
NDMjQw==
</records><thingDef>IncenseShrine</thingDef></li><li><records>
AADsQg==
</records><thingDef>Lectern</thingDef></li><li><records>
AABhQw==
</records><thingDef>StylingStation</thingDef></li><li><records>
H4X7Qg==
</records><thingDef>GibbetCage</thingDef></li><li><records>
MzO5Qg==
</records><thingDef>LightBall</thingDef></li><li><records>
AABcQw==
</records><thingDef>Loudspeaker</thingDef></li><li><records>
j8L1Qg==
</records><thingDef>Drum</thingDef></li><li><records>
AABSQw==
</records><thingDef>Pew</thingDef></li><li><records>
16MoQw==
</records><thingDef>KneelSheet</thingDef></li><li><records>
XI9qQg==
</records><thingDef>KneelPillow</thingDef></li><li><records>
w/VDQg==
</records><thingDef>PlantPot_Bonsai</thingDef></li><li><records>
j8J1Qg==
</records><thingDef>SlabBed</thingDef></li><li><records>
M7MsQw==
</records><thingDef>SlabDoubleBed</thingDef></li><li><records>
PQpzQg==
</records><thingDef>Skullspike</thingDef></li><li><records>
9ig0Qg==
</records><thingDef>Apparel_Headwrap</thingDef></li><li><records>
w/WEQg==
</records><thingDef>Apparel_Broadwrap</thingDef></li><li><records>
zcwUQg==
</records><thingDef>Apparel_VisageMask</thingDef></li><li><records>
zcwUQg==
</records><thingDef>Apparel_Slicecap</thingDef></li><li><records>
hethQg==
</records><thingDef>Apparel_Collar</thingDef></li><li><records>
mpldQg==
</records><thingDef>Apparel_AuthorityCap</thingDef></li><li><records>
9ig0Qg==
</records><thingDef>Apparel_Tailcap</thingDef></li><li><records>
hethQg==
</records><thingDef>Apparel_Shadecone</thingDef></li><li><records>
rkcxQg==
</records><thingDef>Apparel_Flophat</thingDef></li><li><records>
MzMlQw==
</records><thingDef>Apparel_BodyStrap</thingDef></li><li><records>
ZmYGQw==
</records><thingDef>Apparel_Burka</thingDef></li><li><records>
rkdZQg==
</records><thingDef>Apparel_TortureCrown</thingDef></li><li><records>
rkcxQg==
</records><thingDef>Apparel_Blindfold</thingDef></li><li><records>
AABNQw==
</records><thingDef>MorbidSlab_Medium</thingDef></li><li><records>
AICYQw==
</records><thingDef>MorbidSlab_Broad</thingDef></li><li><records>
AABNQw==
</records><thingDef>TotemicSlab_Medium</thingDef></li><li><records>
AICYQw==
</records><thingDef>TotemicSlab_Broad</thingDef></li><li><records>
mplBQw==
</records><thingDef>SpikecoreFloorStar_Medium</thingDef></li><li><records>
AACRQw==
</records><thingDef>SpikecoreFloorStar_Broad</thingDef></li><li><records>
mpkZQw==
</records><thingDef>RusticRug_Medium</thingDef></li><li><records>
AABmQw==
</records><thingDef>RusticRug_Broad</thingDef></li><li><records>
AABNQw==
</records><thingDef>AnimalistSlab_Medium</thingDef></li><li><records>
AICYQw==
</records><thingDef>AnimalistSlab_Broad</thingDef></li><li><records>
AAD6Qw==
</records><thingDef>RelicInertCup</thingDef></li><li><records>
AAD6Qw==
</records><thingDef>RelicInertPendant</thingDef></li><li><records>
AAD6Qw==
</records><thingDef>RelicInertBox</thingDef></li><li><records>
AAD6Qw==
</records><thingDef>RelicInertTablet</thingDef></li><li><records>
AAD6Qw==
</records><thingDef>RelicInertFragment</thingDef></li><li><records>
AAD6Qw==
</records><thingDef>RelicInertSwordHandle</thingDef></li><li><records>
AAD6Qw==
</records><thingDef>RelicInertArk</thingDef></li><li><records>
AAD6Qw==
</records><thingDef>RelicInertCube</thingDef></li><li><records>
AACMQg==
</records><thingDef>GauranlenSeed</thingDef></li><li><records>
AEBnRA==
</records><thingDef>DetoxifierLung</thingDef></li><li><records>
AACHRA==
</records><thingDef>DetoxifierKidney</thingDef></li><li><records>
AAD6Qw==
</records><thingDef>Mechlink</thingDef></li><li><records>
AACWRA==
</records><thingDef>ControlSublink</thingDef></li><li><records>
AACWRA==
</records><thingDef>ControlSublinkHigh</thingDef></li><li><records>
AACWRA==
</records><thingDef>RemoteRepairer</thingDef></li><li><records>
AACWRA==
</records><thingDef>MechFormfeeder</thingDef></li><li><records>
AACWRA==
</records><thingDef>RemoteShielder</thingDef></li><li><records>
AACWRA==
</records><thingDef>RepairProbe</thingDef></li><li><records>
AICTQw==
</records><thingDef>DeathrestCasket</thingDef></li><li><records>
AAC0Qw==
</records><thingDef>Hemopump</thingDef></li><li><records>
AIAJRA==
</records><thingDef>HemogenAmplifier</thingDef></li><li><records>
AMAARA==
</records><thingDef>GlucosoidPump</thingDef></li><li><records>
ACCZRA==
</records><thingDef>PsychofluidPump</thingDef></li><li><records>
AIAxRA==
</records><thingDef>DeathrestAccelerator</thingDef></li><li><records>
7FEkQw==
</records><thingDef>ToyBox</thingDef></li><li><records>
zcx6Qg==
</records><thingDef>SchoolDesk</thingDef></li><li><records>
j8L1Qg==
</records><thingDef>BabyDecoration</thingDef></li><li><records>
j8JNQg==
</records><thingDef>Crib</thingDef></li><li><records>
ZmYGQg==
</records><thingDef>Blackboard</thingDef></li><li><records>
AAARQw==
</records><thingDef>GeneBank</thingDef></li><li><records>
ZuY8Qw==
</records><thingDef>PollutionPump</thingDef></li><li><records>
SOHCQQ==
</records><thingDef>SanguphageMeetingTorch</thingDef></li><li><records>
AICsQw==
</records><thingDef>MechBooster</thingDef></li><li><records>
exTmQg==
</records><thingDef>TrapIED_ToxGas</thingDef></li><li><records>
AICdQw==
</records><thingDef>SubcoreEncoder</thingDef></li><li><records>
AACgPw==
</records><thingDef>BabyFood</thingDef></li><li><records>
AACgQA==
</records><thingDef>HemogenPack</thingDef></li><li><records>
AABIQw==
</records><thingDef>SubcoreBasic</thingDef></li><li><records>
AACWQw==
</records><thingDef>SubcoreRegular</thingDef></li><li><records>
AAB6RA==
</records><thingDef>SubcoreHigh</thingDef></li><li><records>
AAD6Qw==
</records><thingDef>SignalChip</thingDef></li><li><records>
AAB6RA==
</records><thingDef>PowerfocusChip</thingDef></li><li><records>
AIC7RA==
</records><thingDef>NanostructuringChip</thingDef></li><li><records>
AAB6RA==
</records><thingDef>DeathrestCapacitySerum</thingDef></li><li><records>
AABcQg==
</records><thingDef>Shell_Toxic</thingDef></li><li><records>
AABAPw==
</records><thingDef>RawToxipotato</thingDef></li><li><records>
AADIQg==
</records><thingDef>Genepack</thingDef></li><li><records>
AACgQQ==
</records><thingDef>Xenogerm</thingDef></li><li><records>
AAAvRA==
</records><thingDef>ArchiteCapsule</thingDef></li><li><records>
AABIQg==
</records><thingDef>HumanOvum</thingDef></li><li><records>
AABIQg==
</records><thingDef>HumanEmbryo</thingDef></li><li><records>
ZmaGQg==
</records><thingDef>Apparel_KidRomper</thingDef></li><li><records>
mG4yQg==
</records><thingDef>Apparel_KidShirt</thingDef></li><li><records>
mG4yQg==
</records><thingDef>Apparel_KidPants</thingDef></li><li><records>
exTOQg==
</records><thingDef>Apparel_KidParka</thingDef></li><li><records>
exSCQg==
</records><thingDef>Apparel_KidTribal</thingDef></li><li><records>
zcw8Qg==
</records><thingDef>Apparel_KidHelmet</thingDef></li><li><records>
AABmQw==
</records><thingDef>Apparel_AirwireHeadset</thingDef></li><li><records>
AAC0Qw==
</records><thingDef>Apparel_ArrayHeadset</thingDef></li><li><records>
ADAYRQ==
</records><thingDef>Apparel_IntegratorHeadset</thingDef></li><li><records>
AEChRA==
</records><thingDef>Apparel_ArmorHelmetMechCommander</thingDef></li><li><records>
ALimRQ==
</records><thingDef>Apparel_ArmorHelmetMechlordHelmet</thingDef></li><li><records>
MzPTQg==
</records><thingDef>Apparel_GasMask</thingDef></li><li><records>
AIDFQw==
</records><thingDef>Apparel_PackControl</thingDef></li><li><records>
AKCqRA==
</records><thingDef>Apparel_PackBandwidth</thingDef></li><li><records>
w3UQQw==
</records><thingDef>Apparel_PackTox</thingDef></li><li><records>
ADjbRQ==
</records><thingDef>Apparel_MechlordSuit</thingDef></li><li><records>
mpkiQw==
</records><thingDef>Apparel_Bandolier</thingDef></li><li><records>
ZmZWQg==
</records><thingDef>Apparel_Sash</thingDef></li><li><records>
AACWRA==
</records><thingDef>PoluxSeed</thingDef></li><li><records>
AAAMQg==
</records><thingDef>WasteRat</thingDef></li><li><records>
AACvQw==
</records><thingDef>Toxalope</thingDef></li><li><records>
AAC+Qw==
</records><thingDef>Gun_ToxbombLauncher</thingDef></li><li><records>
AICdQw==
</records><thingDef>Weapon_GrenadeTox</thingDef></li><li><records>
AAA0Qg==
</records><thingDef>Flamebow</thingDef></li><li><records>
AKCMRA==
</records><thingDef>Gun_BeamGraser</thingDef></li><li><records>
AAB6Qw==
</records><thingDef>Tome</thingDef></li><li><records>
zcypQg==
</records><thingDef>GhoulPlating</thingDef></li><li><records>
ZmY/Qg==
</records><thingDef>GhoulBarbs</thingDef></li><li><records>
PQq9Qg==
</records><thingDef>AdrenalHeart</thingDef></li><li><records>
PQq9Qg==
</records><thingDef>CorrosiveHeart</thingDef></li><li><records>
PQq9Qg==
</records><thingDef>MetalbloodHeart</thingDef></li><li><records>
AODsRA==
</records><thingDef>RevenantVertebrae</thingDef></li><li><records>
ZmamQg==
</records><thingDef>HoldingPlatform</thingDef></li><li><records>
AACQQQ==
</records><thingDef>DirtCubeSculpture</thingDef></li><li><records>
AACQQQ==
</records><thingDef>StoneCubeSculpture</thingDef></li><li><records>
AACQQQ==
</records><thingDef>SandCubeSculpture</thingDef></li><li><records>
AACQQQ==
</records><thingDef>ScrapCubeSculpture</thingDef></li><li><records>
mhkFQw==
</records><thingDef>ElectricInhibitor</thingDef></li><li><records>
AADXQw==
</records><thingDef>ShardInhibitor</thingDef></li><li><records>
M7OBQg==
</records><thingDef>ProximityDetector</thingDef></li><li><records>
AID3Qw==
</records><thingDef>FrenzyInducer</thingDef></li><li><records>
AEAIRA==
</records><thingDef>SleepSuppressor</thingDef></li><li><records>
exTmQg==
</records><thingDef>TrapIED_Deadlife</thingDef></li><li><records>
ZiYgQw==
</records><thingDef>Electroharvester</thingDef></li><li><records>
zcxHQw==
</records><thingDef>BioferriteShaper</thingDef></li><li><records>
AEA1RA==
</records><thingDef>SerumCentrifuge</thingDef></li><li><records>
ZmYNQw==
</records><thingDef>BioferriteHarvester</thingDef></li><li><records>
AIDUQw==
</records><thingDef>ShardBeacon</thingDef></li><li><records>
AEADRA==
</records><thingDef>ShardAnimalPulser</thingDef></li><li><records>
AABIRA==
</records><thingDef>BiomutationPulser</thingDef></li><li><records>
AABcQg==
</records><thingDef>Shell_Deadlife</thingDef></li><li><records>
AABwQg==
</records><thingDef>VoidsightSerum</thingDef></li><li><records>
AABIQw==
</records><thingDef>MetalbloodSerum</thingDef></li><li><records>
AABIQw==
</records><thingDef>JuggernautSerum</thingDef></li><li><records>
AACgQg==
</records><thingDef>MindNumbSerum</thingDef></li><li><records>
AABwQg==
</records><thingDef>GhoulResurrectionSerum</thingDef></li><li><records>
AABAPw==
</records><thingDef>Bioferrite</thingDef></li><li><records>
AABgQA==
</records><thingDef>Leather_Dread</thingDef></li><li><records>
AADIQw==
</records><thingDef>Shard</thingDef></li><li><records>
AAB6RA==
</records><thingDef>RevenantSpine</thingDef></li><li><records>
AAAAPw==
</records><thingDef>Meat_Twisted</thingDef></li><li><records>
AACWRA==
</records><thingDef>GoldenCube</thingDef></li><li><records>
AAD6RA==
</records><thingDef>MonolithFragment</thingDef></li><li><records>
MzNzQg==
</records><thingDef>Apparel_CultistMask</thingDef></li><li><records>
zcxaQg==
</records><thingDef>Apparel_CeremonialCultistMask</thingDef></li><li><records>
CtegQg==
</records><thingDef>Apparel_DisruptorFlarePack</thingDef></li><li><records>
AABrQw==
</records><thingDef>Apparel_PackTurret</thingDef></li><li><records>
AIDeQw==
</records><thingDef>Apparel_DeadlifePack</thingDef></li><li><records>
AAD/Qw==
</records><thingDef>Apparel_ShardPsychicShockLance</thingDef></li><li><records>
AIAERA==
</records><thingDef>Apparel_ShardPsychicInsanityLance</thingDef></li><li><records>
AIBURA==
</records><thingDef>Apparel_BiomutationLance</thingDef></li><li><records>
AAAeQw==
</records><thingDef>Apparel_LabCoat</thingDef></li><li><records>
AAAWRA==
</records><thingDef>HarbingerSeed</thingDef></li><li><records>
AMDaRA==
</records><thingDef>CreepJoiner</thingDef></li><li><records>
AID3Qw==
</records><thingDef>Gun_HellcatRifle</thingDef></li><li><records>
AIAERA==
</records><thingDef>Gun_Incinerator</thingDef></li><li><records>
mZl5Qg==
</records><thingDef>NerveSpiker</thingDef></li><li><records>
AAA0Qw==
</records><thingDef>Map</thingDef></li><li><records>
AAAgQQ==
</records><thingDef>Drug_Psilocap</thingDef></li><li><records>
PQrcQg==
</records><thingDef>BloodWarmer</thingDef></li><li><records>
AEASRA==
</records><thingDef>PilotAssistant</thingDef></li><li><records>
AMCZRA==
</records><thingDef>VacskinGland</thingDef></li><li><records>
AABNQw==
</records><thingDef>Statue</thingDef></li><li><records>
H4WOQg==
</records><thingDef>Building_OutfitStand</thingDef></li><li><records>
PQp1Qg==
</records><thingDef>Building_KidOutfitStand</thingDef></li><li><records>
AAD6RA==
</records><thingDef>GravEngine</thingDef></li><li><records>
AEDJRA==
</records><thingDef>GravFieldExtender</thingDef></li><li><records>
AAC5Qw==
</records><thingDef>PilotConsole</thingDef></li><li><records>
AID8Qw==
</records><thingDef>SmallThruster</thingDef></li><li><records>
AAA+RA==
</records><thingDef>LargeThruster</thingDef></li><li><records>
AMDBRA==
</records><thingDef>FuelOptimizer</thingDef></li><li><records>
AMAyRQ==
</records><thingDef>SignalJammer</thingDef></li><li><records>
AID3RA==
</records><thingDef>GravcorePowerCell</thingDef></li><li><records>
AMBzRA==
</records><thingDef>PilotSubpersonaCore</thingDef></li><li><records>
AMAPRQ==
</records><thingDef>GravshipShieldGenerator</thingDef></li><li><records>
zcwsQQ==
</records><thingDef>AncientMiningCharge</thingDef></li><li><records>
AABIQw==
</records><thingDef>OxygenPump</thingDef></li><li><records>
w/U0Qw==
</records><thingDef>HunterDroneTrap</thingDef></li><li><records>
AACgQg==
</records><thingDef>WaspDroneTrap</thingDef></li><li><records>
AADwQg==
</records><thingDef>MastodonTusk</thingDef></li><li><records>
AIA7RQ==
</records><thingDef>AlphaThrumboHorn</thingDef></li><li><records>
AADIQw==
</records><thingDef>SentienceCatalyst</thingDef></li><li><records>
AADQQQ==
</records><thingDef>EggMonitorLizardFertilized</thingDef></li><li><records>
AAAQQQ==
</records><thingDef>EggMonitorLizardUnfertilized</thingDef></li><li><records>
AADQQQ==
</records><thingDef>EggFlamingoFertilized</thingDef></li><li><records>
AADgQA==
</records><thingDef>EggFlamingoUnfertilized</thingDef></li><li><records>
AACQQQ==
</records><thingDef>EggHeronFertilized</thingDef></li><li><records>
AADgQA==
</records><thingDef>EggHeronUnfertilized</thingDef></li><li><records>
AABwQQ==
</records><thingDef>EggSwanFertilized</thingDef></li><li><records>
AADgQA==
</records><thingDef>EggSwanUnfertilized</thingDef></li><li><records>
AAAwQQ==
</records><thingDef>EggSparrowFertilized</thingDef></li><li><records>
AADgQA==
</records><thingDef>EggSparrowUnfertilized</thingDef></li><li><records>
AAAwQQ==
</records><thingDef>EggCrowFertilized</thingDef></li><li><records>
AADgQA==
</records><thingDef>EggCrowUnfertilized</thingDef></li><li><records>
AAAwQQ==
</records><thingDef>EggBluebirdFertilized</thingDef></li><li><records>
AADgQA==
</records><thingDef>EggBluebirdUnfertilized</thingDef></li><li><records>
AAAwQQ==
</records><thingDef>EggQuailFertilized</thingDef></li><li><records>
AADgQA==
</records><thingDef>EggQuailUnfertilized</thingDef></li><li><records>
AAAwQQ==
</records><thingDef>EggMacawFertilized</thingDef></li><li><records>
AADgQA==
</records><thingDef>EggMacawUnfertilized</thingDef></li><li><records>
AADQQQ==
</records><thingDef>EggPeacockFertilized</thingDef></li><li><records>
AADgQA==
</records><thingDef>EggPeacockUnfertilized</thingDef></li><li><records>
AACAQQ==
</records><thingDef>EggVultureFertilized</thingDef></li><li><records>
AADgQA==
</records><thingDef>EggVultureUnfertilized</thingDef></li><li><records>
AADIQQ==
</records><thingDef>EggPenguinFertilized</thingDef></li><li><records>
AADgQA==
</records><thingDef>EggPenguinUnfertilized</thingDef></li><li><records>
AACgQQ==
</records><thingDef>EggSeaTurtleFertilized</thingDef></li><li><records>
AAAQQQ==
</records><thingDef>EggSeaTurtleUnfertilized</thingDef></li><li><records>
AACgQQ==
</records><thingDef>EggAlligatorFertilized</thingDef></li><li><records>
AACIQQ==
</records><thingDef>EggAlligatorUnfertilized</thingDef></li><li><records>
zcwsQA==
</records><thingDef>WoolMastodon</thingDef></li><li><records>
zcwsQA==
</records><thingDef>WoolMuskox</thingDef></li><li><records>
AADQQA==
</records><thingDef>Fish_Salmon</thingDef></li><li><records>
AADQQA==
</records><thingDef>Fish_Bass</thingDef></li><li><records>
AADQQA==
</records><thingDef>Fish_Tilapia</thingDef></li><li><records>
AADQQA==
</records><thingDef>Fish_Cod</thingDef></li><li><records>
AADQQA==
</records><thingDef>Fish_Bluefish</thingDef></li><li><records>
AADIQQ==
</records><thingDef>Fish_Guppy</thingDef></li><li><records>
AAAIQg==
</records><thingDef>Fish_Frostfish</thingDef></li><li><records>
AADQQQ==
</records><thingDef>Fish_Catfish</thingDef></li><li><records>
AAAgQg==
</records><thingDef>Fish_Piranha</thingDef></li><li><records>
AABIQQ==
</records><thingDef>Fish_Dogfish</thingDef></li><li><records>
AADgQQ==
</records><thingDef>Fish_Marlin</thingDef></li><li><records>
AAAAQg==
</records><thingDef>Fish_Tuna</thingDef></li><li><records>
AACwQQ==
</records><thingDef>Fish_Flounder</thingDef></li><li><records>
AACAPw==
</records><thingDef>Fish_Toxfish</thingDef></li><li><records>
AACAQA==
</records><thingDef>GravlitePanel</thingDef></li><li><records>
AEAcRQ==
</records><thingDef>ShuttleEngine</thingDef></li><li><records>
AACgQA==
</records><thingDef>Obsidian</thingDef></li><li><records>
AABAQA==
</records><thingDef>Leather_Mastodon</thingDef></li><li><records>
AACAQA==
</records><thingDef>Leather_Sealskin</thingDef></li><li><records>
AACgQQ==
</records><thingDef>Leather_AlphaThrumbo</thingDef></li><li><records>
ZmamQA==
</records><thingDef>Leather_Mink</thingDef></li><li><records>
zcxsQA==
</records><thingDef>Leather_Hippo</thingDef></li><li><records>
zcxMQA==
</records><thingDef>Leather_Armadillo</thingDef></li><li><records>
ZmYHQw==
</records><thingDef>Gun_Revolver_Unique</thingDef></li><li><records>
AAB/Qw==
</records><thingDef>Gun_BoltActionRifle_Unique</thingDef></li><li><records>
AIDKQw==
</records><thingDef>Gun_ChainShotgun_Unique</thingDef></li><li><records>
AICxQw==
</records><thingDef>Gun_HeavySMG_Unique</thingDef></li><li><records>
AIDUQw==
</records><thingDef>Gun_LMG_Unique</thingDef></li><li><records>
AADwQw==
</records><thingDef>Gun_AssaultRifle_Unique</thingDef></li><li><records>
AIAERA==
</records><thingDef>Gun_SniperRifle_Unique</thingDef></li><li><records>
AACRRA==
</records><thingDef>Gun_Minigun_Unique</thingDef></li><li><records>
ZmYEQw==
</records><thingDef>Bow_Great_Unique</thingDef></li><li><records>
AIB8RA==
</records><thingDef>Gun_ChargeRifle_Unique</thingDef></li><li><records>
AGCpRA==
</records><thingDef>Gun_ChargeLance_Unique</thingDef></li><li><records>
AID3Qw==
</records><thingDef>Gun_HellcatRifle_Unique</thingDef></li><li><records>
AGCaRA==
</records><thingDef>Gun_BeamRepeater_Unique</thingDef></li><li><records>
AABCQw==
</records><thingDef>Apparel_VacsuitHelmet</thingDef></li><li><records>
AICYQw==
</records><thingDef>Apparel_PackHunter</thingDef></li><li><records>
AECcRQ==
</records><thingDef>Apparel_CerebrexNode</thingDef></li><li><records>
AAAbRA==
</records><thingDef>Apparel_Vacsuit</thingDef></li><li><records>
AICsQw==
</records><thingDef>Apparel_VacsuitChildren</thingDef></li><li><records>
AAAAQA==
</records><thingDef>BlocksVacstone</thingDef></li><li><records>
AIAiRA==
</records><thingDef>ArcheanSeed</thingDef></li><li><records>
AABcQw==
</records><thingDef>BogHound</thingDef></li><li><records>
AAAvQw==
</records><thingDef>MonitorLizard</thingDef></li><li><records>
AADwQQ==
</records><thingDef>PrairieDog</thingDef></li><li><records>
AAAMQg==
</records><thingDef>Porcupine</thingDef></li><li><records>
AAA5RA==
</records><thingDef>Mastodon</thingDef></li><li><records>
AAD6Qw==
</records><thingDef>Cat_Scimitar</thingDef></li><li><records>
AAAWQw==
</records><thingDef>Wolverine</thingDef></li><li><records>
AAD6Qw==
</records><thingDef>Wolf_Great</thingDef></li><li><records>
AIC7Qw==
</records><thingDef>Moose</thingDef></li><li><records>
AMDaRQ==
</records><thingDef>AlphaThrumbo</thingDef></li><li><records>
AAC5Qw==
</records><thingDef>Muskox</thingDef></li><li><records>
AADhQw==
</records><thingDef>Tiger</thingDef></li><li><records>
AAAgQw==
</records><thingDef>Mink</thingDef></li><li><records>
AAAWRA==
</records><thingDef>Gorilla</thingDef></li><li><records>
AADIQg==
</records><thingDef>Badger</thingDef></li><li><records>
AADIQw==
</records><thingDef>Panda</thingDef></li><li><records>
AAAWRA==
</records><thingDef>Hippo</thingDef></li><li><records>
AAB6Qw==
</records><thingDef>Megavole</thingDef></li><li><records>
AADIQg==
</records><thingDef>Armadillo</thingDef></li><li><records>
AACvQw==
</records><thingDef>Alligator</thingDef></li><li><records>
AABwQg==
</records><thingDef>Bullfrog</thingDef></li><li><records>
AABcQw==
</records><thingDef>ColossusToad</thingDef></li><li><records>
AAA0Qw==
</records><thingDef>LavaSnail</thingDef></li><li><records>
AADwQQ==
</records><thingDef>Sparrow</thingDef></li><li><records>
AADwQQ==
</records><thingDef>Crow</thingDef></li><li><records>
AADwQQ==
</records><thingDef>Bluebird</thingDef></li><li><records>
AADwQQ==
</records><thingDef>Quail</thingDef></li><li><records>
AAC0Qg==
</records><thingDef>Macaw</thingDef></li><li><records>
AADwQg==
</records><thingDef>Flamingo</thingDef></li><li><records>
AADwQg==
</records><thingDef>Heron</thingDef></li><li><records>
AABIQw==
</records><thingDef>Swan</thingDef></li><li><records>
AAA0Qw==
</records><thingDef>Peacock</thingDef></li><li><records>
AADwQg==
</records><thingDef>Vulture</thingDef></li><li><records>
AAAWQw==
</records><thingDef>Penguin</thingDef></li><li><records>
AACWQw==
</records><thingDef>Walrus</thingDef></li><li><records>
AACgQw==
</records><thingDef>SeaLion</thingDef></li><li><records>
AACRQw==
</records><thingDef>Seal</thingDef></li><li><records>
AABwQg==
</records><thingDef>HermitCrab</thingDef></li><li><records>
AACgQg==
</records><thingDef>StoneCrab</thingDef></li><li><records>
AAB6Qw==
</records><thingDef>SeaTurtle</thingDef></li><li><records>
AABwQg==
</records><thingDef>Otter</thingDef></li><li><records>
AAAMQg==
</records><thingDef>Larva</thingDef></li><li><records>
AAD6RA==
</records><thingDef>HiveQueen</thingDef></li><li><records>
AADwQg==
</records><thingDef>Locust</thingDef></li><li><records>
AGCaRA==
</records><thingDef>Gun_BeamRepeater</thingDef></li><li><records>
AMDaRA==
</records><thingDef>BS_Centaur</thingDef></li><li><records>
AMDaRA==
</records><thingDef>BS_HumanFouramed</thingDef></li><li><records>
AMDaRA==
</records><thingDef>BS_Naga</thingDef></li><li><records>
AAD6RA==
</records><thingDef>BS_Marlith</thingDef></li><li><records>
AEAcRQ==
</records><thingDef>BS_UrbMech</thingDef></li><li><records>
AMDaRA==
</records><thingDef>BS_SixArmedHuman</thingDef></li><li><records>
AMDaRA==
</records><thingDef>BS_SpiderPersonRace</thingDef></li><li><records>
AMDaRA==
</records><thingDef>BS_HumanoidWithTail</thingDef></li><li><records>
AMDaRA==
</records><thingDef>BS_HumanoidWithWings</thingDef></li><li><records>
AMDaRA==
</records><thingDef>BS_JustAHead</thingDef></li><li><records>
AIAORA==
</records><thingDef>ASF_CellarStone</thingDef></li><li><records>
AEANRA==
</records><thingDef>ASF_CellarWood</thingDef></li><li><records>
zcy6Qg==
</records><thingDef>ASF_CoveredClayPot</thingDef></li><li><records>
zcySQg==
</records><thingDef>ASF_UncoveredClayPot</thingDef></li><li><records>
AICJQw==
</records><thingDef>ASF_Granary</thingDef></li><li><records>
H4WrQQ==
</records><thingDef>ASF_MeatRack</thingDef></li><li><records>
AADQQg==
</records><thingDef>ASF_StoragePit</thingDef></li><li><records>
AACbQw==
</records><thingDef>ASF_StorageTent</thingDef></li><li><records>
16MgQg==
</records><thingDef>ASF_WeaponRack</thingDef></li><li><records>
pHA1Qg==
</records><thingDef>ASF_WovenBasket</thingDef></li><li><records>
pHC1Qg==
</records><thingDef>ASF_WovenBasketDouble</thingDef></li><li><records>
exQIQw==
</records><thingDef>ASF_WovenBasketTriple</thingDef></li><li><records>
SOGiQg==
</records><thingDef>Doghouse</thingDef></li><li><records>
MzOnQQ==
</records><thingDef>Dogbowl</thingDef></li><li><records>
pHCNQg==
</records><thingDef>meng_pungi_sticks</thingDef></li><li><records>
pHCNQg==
</records><thingDef>meng_pungi_sticks_poison</thingDef></li><li><records>
AAD/Qw==
</records><thingDef>UT_TurretGun</thingDef></li><li><records>
AAB6RA==
</records><thingDef>Ad_Turret_Mortar</thingDef></li><li><records>
AIDUQw==
</records><thingDef>CoalSmelter</thingDef></li><li><records>
ZuYTQw==
</records><thingDef>CoalGrill</thingDef></li><li><records>
XrqGQg==
</records><thingDef>NECCoalLamp</thingDef></li><li><records>
H4X8Qg==
</records><thingDef>NECActiveCooler</thingDef></li><li><records>
16OzQg==
</records><thingDef>CoalStove</thingDef></li><li><records>
MzOzPw==
</records><thingDef>Coal</thingDef></li><li><records>
ZmamPw==
</records><thingDef>Charcoal</thingDef></li><li><records>
AACgQg==
</records><thingDef>XR_Ork_Machete</thingDef></li><li><records>
AABFQw==
</records><thingDef>VHE_TableBarber</thingDef></li><li><records>
AAABQw==
</records><thingDef>VWE_SmokeGrenade</thingDef></li><li><records>
AICdQw==
</records><thingDef>VWE_FlashGrenade</thingDef></li><li><records>
AABEQw==
</records><thingDef>VWE_MeleeWeapon_Shovel</thingDef></li><li><records>
H4X3Qg==
</records><thingDef>VWE_MeleeWeapon_Baton</thingDef></li><li><records>
exT2Qg==
</records><thingDef>VWE_MeleeWeapon_CombatKnife</thingDef></li><li><records>
zcwoQw==
</records><thingDef>VWE_MeleeWeapon_Hammer</thingDef></li><li><records>
AICEQw==
</records><thingDef>VWE_MeleeWeapon_BattleAxe</thingDef></li><li><records>
AACRQw==
</records><thingDef>VWE_MeleeWeapon_Halberd</thingDef></li><li><records>
CtevQg==
</records><thingDef>VWE_MeleeWeapon_Axe</thingDef></li><li><records>
AAB6RA==
</records><thingDef>Gun_TripleRocket</thingDef></li><li><records>
AAB6RA==
</records><thingDef>Gun_DoomsdayRocket</thingDef></li><li><records>
AAB6RA==
</records><thingDef>VWE_Gun_RocketLauncher</thingDef></li><li><records>
AAAQQw==
</records><thingDef>VWE_Bow_Compound</thingDef></li><li><records>
AAALQw==
</records><thingDef>VWE_Gun_HandCannon</thingDef></li><li><records>
mpkuQw==
</records><thingDef>VWE_CombatHandgun</thingDef></li><li><records>
MzMyQw==
</records><thingDef>VWE_SawedOffShotgun</thingDef></li><li><records>
AICYQw==
</records><thingDef>VWE_Gun_GrenadeLauncher</thingDef></li><li><records>
AADIQw==
</records><thingDef>VWE_Gun_Flamethrower</thingDef></li><li><records>
AICYQw==
</records><thingDef>VWE_Gun_FireExtinguisher</thingDef></li><li><records>
AAB1Qw==
</records><thingDef>VWE_Gun_SemiAutomaticRifle</thingDef></li><li><records>
AAB1Qw==
</records><thingDef>VWE_Gun_LeverActionRifle</thingDef></li><li><records>
AABmQw==
</records><thingDef>VWE_Gun_LightSMG</thingDef></li><li><records>
AICnQw==
</records><thingDef>VWE_Gun_SMG</thingDef></li><li><records>
AADwQw==
</records><thingDef>VWE_Gun_HMG</thingDef></li><li><records>
AADwQw==
</records><thingDef>VWE_Gun_ServiceRifle</thingDef></li><li><records>
AADwQw==
</records><thingDef>VWE_Gun_BattleRifle</thingDef></li><li><records>
AADwQw==
</records><thingDef>VWE_Gun_Carbine</thingDef></li><li><records>
AIAxRA==
</records><thingDef>VWE_Gun_MarksmanRifle</thingDef></li><li><records>
AMCARA==
</records><thingDef>VWE_Gun_AntiMaterialRifle</thingDef></li><li><records>
AABXQw==
</records><thingDef>VWE_Bow_Crossbow</thingDef></li><li><records>
AABmQw==
</records><thingDef>VWE_Gun_Musket</thingDef></li><li><records>
zcwkQw==
</records><thingDef>VWE_Gun_Flintlock</thingDef></li><li><records>
uB7BQg==
</records><thingDef>VWE_Throwing_Knives</thingDef></li><li><records>
w/XzQg==
</records><thingDef>VWE_Tool_Whip</thingDef></li><li><records>
16PsQg==
</records><thingDef>VWE_Bow_Long</thingDef></li><li><records>
AEAXRA==
</records><thingDef>VWE_Gun_ChargePistol</thingDef></li><li><records>
AIB8RA==
</records><thingDef>VWE_Gun_ChargeShotgun</thingDef></li><li><records>
AEBiRA==
</records><thingDef>VWE_Gun_ChargeSMG</thingDef></li><li><records>
AIDURA==
</records><thingDef>VWE_Gun_ChargeLMG</thingDef></li><li><records>
AMCZRA==
</records><thingDef>VWE_Gun_ChargeSniperRifle</thingDef></li><li><records>
ALBMRQ==
</records><thingDef>VWE_Gun_ChargeMinigun</thingDef></li><li><records>
AMDaRQ==
</records><thingDef>VWE_Gun_ChargeRocketLauncher</thingDef></li><li><records>
AAAgQQ==
</records><thingDef>Chemshine</thingDef></li><li><records>
AIC2Qw==
</records><thingDef>ChemBoiler</thingDef></li><li><records>
16NkQg==
</records><thingDef>Building_ChemshineBarrel</thingDef></li><li><records>
4XomQg==
</records><thingDef>StoolBar</thingDef></li><li><records>
zcyqQg==
</records><thingDef>TableCircular</thingDef></li><li><records>
MzMZQw==
</records><thingDef>TableFaro</thingDef></li><li><records>
Zmb2Qg==
</records><thingDef>TableFiveFingerFilet</thingDef></li><li><records>
AAB1Qw==
</records><thingDef>Turret_GatlingGun</thingDef></li><li><records>
rkdZQg==
</records><thingDef>VFES_Headgear_Bandana</thingDef></li><li><records>
FK5nQg==
</records><thingDef>VFES_Headgear_Sombrero</thingDef></li><li><records>
zcxkQg==
</records><thingDef>VFES_Headgear_FlatCap</thingDef></li><li><records>
pHDbQg==
</records><thingDef>Apparel_Vest</thingDef></li><li><records>
mpkEQw==
</records><thingDef>Apparel_GreatDress</thingDef></li><li><records>
M7MSQw==
</records><thingDef>VFES_Gun_DoubleActionRevolver</thingDef></li><li><records>
AICEQw==
</records><thingDef>VFES_Gun_DoubleBarreledShotgun</thingDef></li><li><records>
AACRQw==
</records><thingDef>VFES_Gun_HuntingRifle</thingDef></li><li><records>
AIDFQw==
</records><thingDef>VFES_Weapon_GrenadeDynamite</thingDef></li><li><records>
Ctf7Qg==
</records><thingDef>VFES_Tomahawk</thingDef></li><li><records>
rkfZQg==
</records><thingDef>VAEA_Apparel_Backpack</thingDef></li><li><records>
PQpfQg==
</records><thingDef>VAEA_Apparel_BattleBanner</thingDef></li><li><records>
ZmaeQg==
</records><thingDef>VAEA_Apparel_MedicBag</thingDef></li><li><records>
cD0KQQ==
</records><thingDef>VAEA_Apparel_Quiver</thingDef></li><li><records>
mpnHQg==
</records><thingDef>VAEA_Apparel_ToolBelt</thingDef></li><li><records>
mpnTQg==
</records><thingDef>VAEA_Apparel_AmmoPack</thingDef></li><li><records>
PQrzQg==
</records><thingDef>VAEA_Apparel_ExplosiveBelt</thingDef></li><li><records>
AADDQw==
</records><thingDef>VAEA_Apparel_RangedShieldBelt</thingDef></li><li><records>
AIDURA==
</records><thingDef>VAEA_Apparel_RessurectorBelt</thingDef></li><li><records>
rkfpQg==
</records><thingDef>VAEA_Apparel_MiniTurretPack</thingDef></li><li><records>
AAAnQw==
</records><thingDef>VPE_Eltex</thingDef></li><li><records>
AAD6Qw==
</records><thingDef>VPE_Apparel_EltexMask</thingDef></li><li><records>
AABIRA==
</records><thingDef>VPE_Apparel_EltexCape</thingDef></li><li><records>
AABSRA==
</records><thingDef>VPE_Apparel_PlateArmorPrestige</thingDef></li><li><records>
AACWRA==
</records><thingDef>VPE_Psyring</thingDef></li><li><records>
AAAWQw==
</records><thingDef>VPE_SteelConstruct</thingDef></li><li><records>
AAAWQw==
</records><thingDef>VPE_RockConstruct</thingDef></li><li><records>
AAAWQw==
</records><thingDef>VPE_SummonedSkeleton</thingDef></li><li><records>
AMA3RA==
</records><thingDef>VPE_MeleeWeapon_EltexDagger</thingDef></li><li><records>
AABIRA==
</records><thingDef>VPE_MeleeWeapon_EltexMace</thingDef></li><li><records>
AIBPRA==
</records><thingDef>VPE_MeleeWeapon_EltexSword</thingDef></li><li><records>
AAC0Qw==
</records><thingDef>AM_BanquetTable</thingDef></li><li><records>
j8K5Qg==
</records><thingDef>AM_CubicBed</thingDef></li><li><records>
ZmYvQw==
</records><thingDef>AM_DoubleCubicBed</thingDef></li><li><records>
AADIQw==
</records><thingDef>AM_CubicHospitalBed</thingDef></li><li><records>
j8K5Qg==
</records><thingDef>AM_HoraxianBed</thingDef></li><li><records>
ZmYvQw==
</records><thingDef>AM_DoubleHoraxianBed</thingDef></li><li><records>
AABNQw==
</records><thingDef>AM_CubicSlab_Medium</thingDef></li><li><records>
AICYQw==
</records><thingDef>AM_CubicSlab_Broad</thingDef></li><li><records>
AABNQw==
</records><thingDef>AM_FleshSlab_Medium</thingDef></li><li><records>
AICYQw==
</records><thingDef>AM_FleshSlab_Broad</thingDef></li><li><records>
AABNQw==
</records><thingDef>AM_HoraxianSlab_Medium</thingDef></li><li><records>
AICYQw==
</records><thingDef>AM_HoraxianSlab_Broad</thingDef></li><li><records>
AAA0RQ==
</records><thingDef>AM_Pyramid</thingDef></li><li><records>
AMCFRA==
</records><thingDef>AM_GrandGate</thingDef></li><li><records>
AMBQRA==
</records><thingDef>AM_FuturisticObelisk</thingDef></li><li><records>
AMBQRA==
</records><thingDef>AM_FuturisticStele</thingDef></li><li><records>
ALCLRg==
</records><thingDef>AM_FuturisticPyramid</thingDef></li><li><records>
AOCXRg==
</records><thingDef>AM_GreatPyramid</thingDef></li><li><records>
AOAXRg==
</records><thingDef>AM_Sphynx</thingDef></li><li><records>
AECSRA==
</records><thingDef>AM_Megalith</thingDef></li><li><records>
zcy+Qg==
</records><thingDef>AM_StoneBedroll</thingDef></li><li><records>
MzMxQw==
</records><thingDef>AM_DoubleStoneBedroll</thingDef></li><li><records>
H4V7Qg==
</records><thingDef>AM_AncientBed</thingDef></li><li><records>
ZmYRQw==
</records><thingDef>AM_AncientDoubleBed</thingDef></li><li><records>
AADDQw==
</records><thingDef>AM_AncientOperatingTable</thingDef></li><li><records>
AAB/Qw==
</records><thingDef>AM_AncientLockerBank</thingDef></li><li><records>
zcxqQg==
</records><thingDef>AM_Neolithic_StoneTable_1x2c</thingDef></li><li><records>
zczSQg==
</records><thingDef>AM_Neolithic_StoneTable_2x2c</thingDef></li><li><records>
AABIQw==
</records><thingDef>AM_Neolithic_StoneTable_2x4c</thingDef></li><li><records>
AABSQw==
</records><thingDef>AM_Neolithic_StoneTable_3x3c</thingDef></li><li><records>
zcxqQg==
</records><thingDef>AM_Neolithic_WoodenTable_1x2c</thingDef></li><li><records>
zczSQg==
</records><thingDef>AM_Neolithic_WoodenTable_2x2c</thingDef></li><li><records>
AABIQw==
</records><thingDef>AM_Neolithic_WoodenTable_2x4c</thingDef></li><li><records>
AABSQw==
</records><thingDef>AM_Neolithic_WoodenTable_3x3c</thingDef></li><li><records>
ZmaGQg==
</records><thingDef>AM_TrapBlunt</thingDef></li><li><records>
MzO5Qg==
</records><thingDef>AM_AnimalDatabase</thingDef></li><li><records>
ZmbCQQ==
</records><thingDef>AM_Apparel_Eyepatch</thingDef></li><li><records>
AABNQw==
</records><thingDef>AM_JewishSlab_Medium</thingDef></li><li><records>
AICYQw==
</records><thingDef>AM_JewishSlab_Broad</thingDef></li><li><records>
AABNQw==
</records><thingDef>AM_KemeticSlab_Medium</thingDef></li><li><records>
AICYQw==
</records><thingDef>AM_KemeticSlab_Broad</thingDef></li><li><records>
AABNQw==
</records><thingDef>AM_HinduSlab_Medium</thingDef></li><li><records>
AICYQw==
</records><thingDef>AM_HinduSlab_Broad</thingDef></li><li><records>
AABNQw==
</records><thingDef>AM_SteampunkSlab_Medium</thingDef></li><li><records>
AICYQw==
</records><thingDef>AM_SteampunkSlab_Broad</thingDef></li><li><records>
AABNQw==
</records><thingDef>AM_CorsairSlab_Medium</thingDef></li><li><records>
AICYQw==
</records><thingDef>AM_CorsairSlab_Broad</thingDef></li><li><records>
AABNQw==
</records><thingDef>AM_JainSlab_Medium</thingDef></li><li><records>
AICYQw==
</records><thingDef>AM_JainSlab_Broad</thingDef></li><li><records>
AABNQw==
</records><thingDef>AM_SikhSlab_Medium</thingDef></li><li><records>
AICYQw==
</records><thingDef>AM_SikhSlab_Broad</thingDef></li><li><records>
AABNQw==
</records><thingDef>AM_IslamicSlab_Medium</thingDef></li><li><records>
AICYQw==
</records><thingDef>AM_IslamicSlab_Broad</thingDef></li><li><records>
AABNQw==
</records><thingDef>AM_ChristianSlab_Medium</thingDef></li><li><records>
AICYQw==
</records><thingDef>AM_ChristianSlab_Broad</thingDef></li><li><records>
AABNQw==
</records><thingDef>AM_BuddhistSlab_Medium</thingDef></li><li><records>
AICYQw==
</records><thingDef>AM_BuddhistSlab_Broad</thingDef></li><li><records>
AAB6Qw==
</records><thingDef>AM_UnshackledDryad</thingDef></li><li><records>
AICTQw==
</records><thingDef>AM_RumBurialSpot</thingDef></li><li><records>
H4WrQg==
</records><thingDef>AM_SkyBurialSpot</thingDef></li><li><records>
MzMnQg==
</records><thingDef>AM_Urn</thingDef></li><li><records>
AADsQg==
</records><thingDef>AM_MummyMale</thingDef></li><li><records>
AADsQg==
</records><thingDef>AM_MummyFemale</thingDef></li><li><records>
AABwQQ==
</records><thingDef>AM_CorpseRumBasic</thingDef></li><li><records>
AABIQg==
</records><thingDef>AM_CorpseRumFine</thingDef></li><li><records>
AAAWQw==
</records><thingDef>AA_BlackScarab_Temporary</thingDef></li><li><records>
AAB6Qw==
</records><thingDef>AA_BlackSpelopede_Temporary</thingDef></li><li><records>
AIAJRA==
</records><thingDef>AA_BlackSpider_Temporary</thingDef></li><li><records>
AAAWRA==
</records><thingDef>AA_MammothWorm_Temporary</thingDef></li><li><records>
AAB6RA==
</records><thingDef>AA_BlackLarvae</thingDef></li><li><records>
AIC7RA==
</records><thingDef>AAVPE_BlackQueen</thingDef></li><li><records>
AIBURA==
</records><thingDef>AA_OcularOriginator</thingDef></li><li><records>
AADIQg==
</records><thingDef>AA_Summoned_Eyeling</thingDef></li><li><records>
AABIQg==
</records><thingDef>AA_DarkGlowPod</thingDef></li><li><records>
AAAgRA==
</records><thingDef>AA_BlueGelBattery</thingDef></li><li><records>
AKC+RA==
</records><thingDef>AA_HexaGelBattery</thingDef></li><li><records>
AADIQg==
</records><thingDef>AA_MutantLeg</thingDef></li><li><records>
AADIQg==
</records><thingDef>AA_MutantArm</thingDef></li><li><records>
AADIQg==
</records><thingDef>AA_MutantEye</thingDef></li><li><records>
AADIQg==
</records><thingDef>AA_TheOmniscientEye</thingDef></li><li><records>
AADIQg==
</records><thingDef>AA_TheRecalcitrantEye</thingDef></li><li><records>
AADIQg==
</records><thingDef>AA_TheQuiescentEye</thingDef></li><li><records>
AADIQg==
</records><thingDef>AA_TheNumbingEye</thingDef></li><li><records>
AADIQg==
</records><thingDef>AA_TheSpasmodicEye</thingDef></li><li><records>
AADIQg==
</records><thingDef>AA_TheMeretriciousEye</thingDef></li><li><records>
AADIQg==
</records><thingDef>AA_TheHeuristicEye</thingDef></li><li><records>
AAAQQQ==
</records><thingDef>AA_IronhuskEggUnfertilized</thingDef></li><li><records>
AAAQQQ==
</records><thingDef>AA_MammothWormEggUnfertilized</thingDef></li><li><records>
AAAQQQ==
</records><thingDef>AA_CrepuscularBeetleEggUnfertilized</thingDef></li><li><records>
AAAQQQ==
</records><thingDef>AA_GreatDevourerEggUnfertilized</thingDef></li><li><records>
AAAQQQ==
</records><thingDef>AA_MegalouseEggUnfertilized</thingDef></li><li><records>
AAAQQQ==
</records><thingDef>AA_BedBugEggUnfertilized</thingDef></li><li><records>
AAAQQQ==
</records><thingDef>AA_AnimaliskEggFertilized</thingDef></li><li><records>
AAAQQQ==
</records><thingDef>AA_FeraliskEggUnfertilized</thingDef></li><li><records>
AADIQg==
</records><thingDef>AA_EggNightlingFertilized</thingDef></li><li><records>
AABwQQ==
</records><thingDef>AA_EggNightlingUnfertilized</thingDef></li><li><records>
AACYQQ==
</records><thingDef>AA_EggMeadowAveFertilized</thingDef></li><li><records>
AABwQQ==
</records><thingDef>AA_EggMeadowAveUnfertilized</thingDef></li><li><records>
AACYQQ==
</records><thingDef>AA_EggDesertAveFertilized</thingDef></li><li><records>
AAAMQg==
</records><thingDef>AA_EggNightAveFertilized</thingDef></li><li><records>
AAAHQw==
</records><thingDef>AA_EggRoyalAveFertilized</thingDef></li><li><records>
AAAgQQ==
</records><thingDef>AA_EggRoughPlatedMonitorFertilized</thingDef></li><li><records>
AAAAPw==
</records><thingDef>AA_AtispecEggFertilized</thingDef></li><li><records>
AAAAPw==
</records><thingDef>AA_AtispecEggUnfertilized</thingDef></li><li><records>
AAAAPw==
</records><thingDef>AA_AngelMothEggFertilized</thingDef></li><li><records>
AAAAPw==
</records><thingDef>AA_ButterflyEggUnfertilized</thingDef></li><li><records>
AAAAPw==
</records><thingDef>AA_DrainerEggFertilized</thingDef></li><li><records>
AADgQA==
</records><thingDef>AA_FireWaspEggFertilized</thingDef></li><li><records>
AADgQA==
</records><thingDef>AA_FireWaspEggUnfertilized</thingDef></li><li><records>
AAAgQQ==
</records><thingDef>AA_EggFlamingoPhoenixFertilized</thingDef></li><li><records>
AAAQQQ==
</records><thingDef>AA_EggCrescendoAnoleFertilized</thingDef></li><li><records>
AADgQA==
</records><thingDef>AA_EggCrescendoAnoleUnfertilized</thingDef></li><li><records>
AAA0Qg==
</records><thingDef>AA_EggPedigreedRaptorFertilized</thingDef></li><li><records>
AABwQQ==
</records><thingDef>AA_EggPedigreedRaptorUnfertilized</thingDef></li><li><records>
AAAAPw==
</records><thingDef>AA_EmpressButterflyEggFertilized</thingDef></li><li><records>
AAAQQQ==
</records><thingDef>AA_EggGiantCrownedSilkieUnfertilized</thingDef></li><li><records>
AAAQQQ==
</records><thingDef>AA_EggGiantCrownedSilkieFertilized</thingDef></li><li><records>
AAAAQA==
</records><thingDef>AA_AerofleetMeat</thingDef></li><li><records>
AAAAQA==
</records><thingDef>AA_OcularJellyMeat</thingDef></li><li><records>
AAAAPw==
</records><thingDef>AB_RawRedSlime</thingDef></li><li><records>
zcyMPw==
</records><thingDef>AA_CactusMeat</thingDef></li><li><records>
AAAQQQ==
</records><thingDef>AA_BlackInsectJelly</thingDef></li><li><records>
AAAgQQ==
</records><thingDef>AA_CactipineQuill</thingDef></li><li><records>
AACQQA==
</records><thingDef>AA_BlueMilk</thingDef></li><li><records>
MzODQA==
</records><thingDef>AA_GowMilk</thingDef></li><li><records>
AACAPw==
</records><thingDef>AA_DisgustingMealNutrientPaste</thingDef></li><li><records>
AACWRA==
</records><thingDef>AA_GallatrossHorn</thingDef></li><li><records>
mpmZPw==
</records><thingDef>GU_RedWood</thingDef></li><li><records>
AACgQA==
</records><thingDef>AA_SkySteel</thingDef></li><li><records>
AACCQg==
</records><thingDef>AA_UraniumCrystals</thingDef></li><li><records>
AACAPw==
</records><thingDef>AA_BlueGel</thingDef></li><li><records>
AADAQA==
</records><thingDef>AA_Hexagel</thingDef></li><li><records>
AAAoQg==
</records><thingDef>AA_HexagelCore</thingDef></li><li><records>
mpm5Pw==
</records><thingDef>AA_AgariluxRawFungus</thingDef></li><li><records>
mpm5Pw==
</records><thingDef>AA_RottingMoundItem</thingDef></li><li><records>
AABIQg==
</records><thingDef>AA_HugeAnimaPearl</thingDef></li><li><records>
AACQQA==
</records><thingDef>AA_NightMilk</thingDef></li><li><records>
AACwQA==
</records><thingDef>AA_BlackTruffles</thingDef></li><li><records>
ZmbGQA==
</records><thingDef>AA_Leather_Behemoth</thingDef></li><li><records>
AABAQA==
</records><thingDef>AA_Leather_Aerofleet</thingDef></li><li><records>
MzNzQA==
</records><thingDef>AA_ArcticLion_Leather</thingDef></li><li><records>
MzNzQA==
</records><thingDef>AA_SandLion_Leather</thingDef></li><li><records>
AABAQA==
</records><thingDef>Leather_Chitin</thingDef></li><li><records>
AABAQA==
</records><thingDef>Leather_IronChitin</thingDef></li><li><records>
ZmaGQA==
</records><thingDef>Leather_RaptorPlates</thingDef></li><li><records>
MzNzQA==
</records><thingDef>Leather_Cactus</thingDef></li><li><records>
ZmaGQA==
</records><thingDef>Leather_BlackChitin</thingDef></li><li><records>
AACAQQ==
</records><thingDef>Leather_Gallatross</thingDef></li><li><records>
AABgQA==
</records><thingDef>Leather_Night</thingDef></li><li><records>
zcwsQA==
</records><thingDef>AA_ChameleonYakWoolTemperate</thingDef></li><li><records>
zcwsQA==
</records><thingDef>AA_ChameleonYakWoolWinter</thingDef></li><li><records>
zcwsQA==
</records><thingDef>AA_ChameleonYakWoolJungle</thingDef></li><li><records>
zcwsQA==
</records><thingDef>AA_ChameleonYakWoolDesert</thingDef></li><li><records>
AACAQA==
</records><thingDef>AA_CinderSilk</thingDef></li><li><records>
AACwQA==
</records><thingDef>AA_MothSilk</thingDef></li><li><records>
AACAQA==
</records><thingDef>AA_GiantCrownedSilkieSilk</thingDef></li><li><records>
zcwsQA==
</records><thingDef>AA_GreyCoatedMouflonWool</thingDef></li><li><records>
zcwsQA==
</records><thingDef>AA_NightWool</thingDef></li><li><records>
AAAWQw==
</records><thingDef>AA_AcanthamoebaGiganteaSmall</thingDef></li><li><records>
AACvQw==
</records><thingDef>AA_AcanthamoebaGiganteaLarge</thingDef></li><li><records>
AAAvRA==
</records><thingDef>AA_AcanthamoebaGiganteaHuge</thingDef></li><li><records>
AADwQg==
</records><thingDef>AA_Aerofleet</thingDef></li><li><records>
AADIQw==
</records><thingDef>AA_ColossalAerofleet</thingDef></li><li><records>
AABIQw==
</records><thingDef>AA_Agaripawn</thingDef></li><li><records>
AADhQw==
</records><thingDef>AA_Agaripod</thingDef></li><li><records>
AABwQQ==
</records><thingDef>AA_AngelMothLarva</thingDef></li><li><records>
AADhQw==
</records><thingDef>AA_AngelMoth</thingDef></li><li><records>
AIAiRA==
</records><thingDef>AA_AnimaColossus</thingDef></li><li><records>
AAD6Qw==
</records><thingDef>AA_Animalisk</thingDef></li><li><records>
AACWQw==
</records><thingDef>AA_AnimusVox</thingDef></li><li><records>
AAAWRA==
</records><thingDef>AA_ArcticLion</thingDef></li><li><records>
AABwQQ==
</records><thingDef>AA_LarvalAtispec</thingDef></li><li><records>
AACWRA==
</records><thingDef>AA_Atispec</thingDef></li><li><records>
AAB6Qw==
</records><thingDef>AA_AuroraSylph</thingDef></li><li><records>
AAD6Qw==
</records><thingDef>AA_Barbslinger</thingDef></li><li><records>
AADIQg==
</records><thingDef>AA_BedBug</thingDef></li><li><records>
AFBDRw==
</records><thingDef>AA_Behemoth</thingDef></li><li><records>
AAAWQw==
</records><thingDef>AA_BlackScarab</thingDef></li><li><records>
AAB6Qw==
</records><thingDef>AA_BlackSpelopede</thingDef></li><li><records>
AIAJRA==
</records><thingDef>AA_BlackSpider</thingDef></li><li><records>
AAD6Qw==
</records><thingDef>AA_Blizzarisk</thingDef></li><li><records>
AABhRA==
</records><thingDef>AA_BlizzariskClutchMother</thingDef></li><li><records>
AADhQw==
</records><thingDef>AA_BloodShrimp</thingDef></li><li><records>
AIAJRA==
</records><thingDef>AA_Bobeene</thingDef></li><li><records>
AACvQw==
</records><thingDef>AA_BoulderMit</thingDef></li><li><records>
AIC7RA==
</records><thingDef>AA_SummitCrab</thingDef></li><li><records>
AACvQw==
</records><thingDef>AA_Bumbledrone</thingDef></li><li><records>
AACvQw==
</records><thingDef>AA_BumbledroneHierophant</thingDef></li><li><records>
AADhQw==
</records><thingDef>AA_BumbledroneQueen</thingDef></li><li><records>
AADIQg==
</records><thingDef>AA_Cactipine</thingDef></li><li><records>
AACvQw==
</records><thingDef>AA_ChameleonYak</thingDef></li><li><records>
AADhQw==
</records><thingDef>AA_ChemfuelMyrmidon</thingDef></li><li><records>
AMAPRA==
</records><thingDef>AA_Cinderlisk</thingDef></li><li><records>
AAAWRA==
</records><thingDef>AA_CrepuscularBeetle</thingDef></li><li><records>
AADhQw==
</records><thingDef>AA_CrescendoAnole</thingDef></li><li><records>
AAB6Qw==
</records><thingDef>AA_CrystalMit</thingDef></li><li><records>
AAB6RA==
</records><thingDef>AA_CrystallineCaracal</thingDef></li><li><records>
AABIQw==
</records><thingDef>AA_DarkVandal</thingDef></li><li><records>
AIA7RA==
</records><thingDef>AA_Darkbeast</thingDef></li><li><records>
AACvQw==
</records><thingDef>AA_DecayDrake</thingDef></li><li><records>
AADIQw==
</records><thingDef>AA_DesertAve</thingDef></li><li><records>
AABIRA==
</records><thingDef>AA_DevilSheep</thingDef></li><li><records>
AABwQQ==
</records><thingDef>AA_DrainerLarva</thingDef></li><li><records>
AAB6Qw==
</records><thingDef>AA_Drainer</thingDef></li><li><records>
AAD6Qw==
</records><thingDef>AA_Dunealisk</thingDef></li><li><records>
AABhRA==
</records><thingDef>AA_DunealiskClutchMother</thingDef></li><li><records>
AIA7RA==
</records><thingDef>AA_DuskProwler</thingDef></li><li><records>
AAAMQg==
</records><thingDef>AA_DuskRat</thingDef></li><li><records>
AABIQg==
</records><thingDef>AA_EmpressButterflyLarva</thingDef></li><li><records>
AIAiRA==
</records><thingDef>AA_EmpressButterfly</thingDef></li><li><records>
AIAJRA==
</records><thingDef>AA_EngorgedTentacularAberration</thingDef></li><li><records>
AIAJRA==
</records><thingDef>AA_Erin</thingDef></li><li><records>
AADIQg==
</records><thingDef>AA_Eyeling</thingDef></li><li><records>
AAD6Qw==
</records><thingDef>AA_Feralisk</thingDef></li><li><records>
AABhRA==
</records><thingDef>AA_FeraliskClutchMother</thingDef></li><li><records>
AACvQw==
</records><thingDef>AA_FireWasp</thingDef></li><li><records>
AAAMQg==
</records><thingDef>AA_FissionMouse</thingDef></li><li><records>
AAAMQg==
</records><thingDef>AA_FissionMouseSecond</thingDef></li><li><records>
AAAMQg==
</records><thingDef>AA_FissionMouseThird</thingDef></li><li><records>
AABIQw==
</records><thingDef>AA_FlamingoPhoenix</thingDef></li><li><records>
AADIQw==
</records><thingDef>AA_FrostAve</thingDef></li><li><records>
AIC7Qw==
</records><thingDef>AA_FrostLynx</thingDef></li><li><records>
AADwQg==
</records><thingDef>AA_Frostmite</thingDef></li><li><records>
AAAWRA==
</records><thingDef>AA_FrostboundBehemoth</thingDef></li><li><records>
AIA7RA==
</records><thingDef>AA_Frostling</thingDef></li><li><records>
AAAWQw==
</records><thingDef>AA_FungalHusk</thingDef></li><li><records>
AEAcRg==
</records><thingDef>AA_Gallatross</thingDef></li><li><records>
AGDqRQ==
</records><thingDef>AA_GallatrossMoribund</thingDef></li><li><records>
AIC7Qw==
</records><thingDef>AA_Genix</thingDef></li><li><records>
AADIQw==
</records><thingDef>AA_GiantCrownedSilkie</thingDef></li><li><records>
AACvQw==
</records><thingDef>AA_Gigantelope</thingDef></li><li><records>
AADIQw==
</records><thingDef>AA_GreatDevourer</thingDef></li><li><records>
AAD6Qg==
</records><thingDef>AA_GreenGoo</thingDef></li><li><records>
AIAiRA==
</records><thingDef>AA_GreyCoatedMouflon</thingDef></li><li><records>
AAB6Qw==
</records><thingDef>AA_Groundrunner</thingDef></li><li><records>
AIA7RA==
</records><thingDef>AA_Helixien</thingDef></li><li><records>
AAA0Qw==
</records><thingDef>AA_InfectedAerofleet</thingDef></li><li><records>
AIA7RA==
</records><thingDef>AA_IronhuskBeetle</thingDef></li><li><records>
AAD6Qw==
</records><thingDef>AA_Junglelisk</thingDef></li><li><records>
AIAJRA==
</records><thingDef>AA_Lockjaw</thingDef></li><li><records>
AACgQA==
</records><thingDef>AA_Locusts</thingDef></li><li><records>
AAB6RA==
</records><thingDef>AA_LuciferBug</thingDef></li><li><records>
AAAWRA==
</records><thingDef>AA_MammothWorm</thingDef></li><li><records>
AADhQw==
</records><thingDef>AA_Mantrap</thingDef></li><li><records>
AIAJRA==
</records><thingDef>AA_MatureFleshbeast</thingDef></li><li><records>
AADIQw==
</records><thingDef>AA_MeadowAve</thingDef></li><li><records>
AADIQw==
</records><thingDef>AA_MegaLouse</thingDef></li><li><records>
AAAWQw==
</records><thingDef>AA_Metallovore</thingDef></li><li><records>
AAB6RA==
</records><thingDef>AA_Mime</thingDef></li><li><records>
AAAMQg==
</records><thingDef>AA_Murkling</thingDef></li><li><records>
AIAJRA==
</records><thingDef>AA_MycoidColossus</thingDef></li><li><records>
AIAdRA==
</records><thingDef>AA_Needlepost</thingDef></li><li><records>
AAB6Qw==
</records><thingDef>AA_Needleroll</thingDef></li><li><records>
AACvQw==
</records><thingDef>AA_NightMule</thingDef></li><li><records>
AADIQw==
</records><thingDef>AA_NightAve</thingDef></li><li><records>
AIA7RA==
</records><thingDef>AA_Nightling</thingDef></li><li><records>
AIAJRA==
</records><thingDef>AA_NightRam</thingDef></li><li><records>
AAB6Qw==
</records><thingDef>AA_OcularJelly</thingDef></li><li><records>
AIA7RA==
</records><thingDef>AA_OcularNightling</thingDef></li><li><records>
AIAJRA==
</records><thingDef>AA_OvergrownColossus</thingDef></li><li><records>
AAB6Qw==
</records><thingDef>AA_PebbleMit</thingDef></li><li><records>
AECDRA==
</records><thingDef>AA_PedigreedRaptor</thingDef></li><li><records>
AAB6Qw==
</records><thingDef>AA_PhoenixOwlcat</thingDef></li><li><records>
AAAWQw==
</records><thingDef>AA_Plasmorph</thingDef></li><li><records>
AEAcRQ==
</records><thingDef>AA_Radyak</thingDef></li><li><records>
AIA7RA==
</records><thingDef>AA_RaptorShrimp</thingDef></li><li><records>
AAAWQw==
</records><thingDef>AA_Ravager</thingDef></li><li><records>
AADhQw==
</records><thingDef>AA_RayHound</thingDef></li><li><records>
AACvQw==
</records><thingDef>AA_Razorjack</thingDef></li><li><records>
AAAWQw==
</records><thingDef>AA_RedGoo</thingDef></li><li><records>
AAB6Qw==
</records><thingDef>AA_RedSpore</thingDef></li><li><records>
AIAJRA==
</records><thingDef>AA_RipperHound</thingDef></li><li><records>
AACvQw==
</records><thingDef>AA_RoughPlatedMonitor</thingDef></li><li><records>
AIA7RA==
</records><thingDef>AA_RoyalAve</thingDef></li><li><records>
AAAWRA==
</records><thingDef>AA_SandLion</thingDef></li><li><records>
AADhQw==
</records><thingDef>AA_SandProwler</thingDef></li><li><records>
AACvQw==
</records><thingDef>AA_SandSquid</thingDef></li><li><records>
AIAJRA==
</records><thingDef>AA_ShadowCharger</thingDef></li><li><records>
AACvQw==
</records><thingDef>AA_ShockGoat</thingDef></li><li><records>
AIA7RA==
</records><thingDef>AA_Skiphound</thingDef></li><li><records>
AAAWQw==
</records><thingDef>AA_Skyeel</thingDef></li><li><records>
AIAiRA==
</records><thingDef>AA_Slurrypede</thingDef></li><li><records>
AACgQA==
</records><thingDef>AA_SmallButterfly</thingDef></li><li><records>
AACvQw==
</records><thingDef>AA_SpinedGow</thingDef></li><li><records>
AAAMQg==
</records><thingDef>AA_Swarmling</thingDef></li><li><records>
AAAWQw==
</records><thingDef>AA_TarGuzzler</thingDef></li><li><records>
AIBURA==
</records><thingDef>AA_TeratogenicOriginator</thingDef></li><li><records>
AAB6Qw==
</records><thingDef>AA_Terramorph</thingDef></li><li><records>
AAB6RQ==
</records><thingDef>AA_TetraSlug</thingDef></li><li><records>
AIAiRA==
</records><thingDef>AA_Thermadon</thingDef></li><li><records>
AIA7RA==
</records><thingDef>AA_Thunderbeast</thingDef></li><li><records>
AACvQw==
</records><thingDef>AA_Thunderox</thingDef></li><li><records>
AACWRA==
</records><thingDef>AA_UnblinkingEye</thingDef></li><li><records>
AABIQw==
</records><thingDef>AA_Wildpawn</thingDef></li><li><records>
AADIQw==
</records><thingDef>AA_Wildpod</thingDef></li><li><records>
AIA7RA==
</records><thingDef>AA_WindBeast</thingDef></li><li><records>
16OYQg==
</records><thingDef>Conga</thingDef></li><li><records>
16OOQg==
</records><thingDef>Ogolupe</thingDef></li><li><records>
16OOQg==
</records><thingDef>Ranat</thingDef></li><li><records>
16MAQw==
</records><thingDef>TCS_ConversionStaff</thingDef></li><li><records>
AAAKQw==
</records><thingDef>FuneralPyre</thingDef></li><li><records>
AAB6RQ==
</records><thingDef>HVT_PersonalityNeuroformatter</thingDef></li><li><records>
AADIQw==
</records><thingDef>AG_RuinedHospitalBed</thingDef></li><li><records>
zcxsQA==
</records><thingDef>AG_AncientShelf</thingDef></li><li><records>
AABXQw==
</records><thingDef>AG_ForsakenForge</thingDef></li><li><records>
AADIQg==
</records><thingDef>AG_Alphapack</thingDef></li><li><records>
AADIQg==
</records><thingDef>AG_Mixedpack</thingDef></li><li><records>
AADIQg==
</records><thingDef>AG_GeneRemover</thingDef></li><li><records>
AADIQg==
</records><thingDef>AG_Endogenefier</thingDef></li><li><records>
AADIQg==
</records><thingDef>AG_Xenogenefier</thingDef></li><li><records>
AADIQg==
</records><thingDef>AG_XenotypeNullifier</thingDef></li><li><records>
AADIQg==
</records><thingDef>AG_XenotypeInjector</thingDef></li><li><records>
AADIQg==
</records><thingDef>AG_GermlineMutator</thingDef></li><li><records>
AADIQg==
</records><thingDef>AG_GenepackTweaker</thingDef></li><li><records>
AADIQg==
</records><thingDef>AG_GenepackDisruptor</thingDef></li><li><records>
AAD6Qw==
</records><thingDef>AG_ArchoGeneRemover</thingDef></li><li><records>
AAD6Qw==
</records><thingDef>AG_ArchoEndogenefier</thingDef></li><li><records>
AADIQg==
</records><thingDef>AG_ArchoXenogenefier</thingDef></li><li><records>
AADIQg==
</records><thingDef>AG_HumanEgg</thingDef></li><li><records>
AAAAQA==
</records><thingDef>AG_Ultima</thingDef></li><li><records>
AACbQw==
</records><thingDef>AG_Forsaken_Hood</thingDef></li><li><records>
ZuYrQw==
</records><thingDef>AG_Forsaken_Hood_Child</thingDef></li><li><records>
AMAoRA==
</records><thingDef>AG_ForsakenCloak</thingDef></li><li><records>
AIDUQw==
</records><thingDef>AG_ForsakenCloak_Child</thingDef></li><li><records>
AABNRA==
</records><thingDef>AG_ForsakenMarineHelmet</thingDef></li><li><records>
AABhRA==
</records><thingDef>AG_ForsakenMarineHelmetPsy</thingDef></li><li><records>
ALBbRQ==
</records><thingDef>AG_ForsakenMarineArmor</thingDef></li><li><records>
AODYRA==
</records><thingDef>AG_ForsakenSniper</thingDef></li><li><records>
AODdRA==
</records><thingDef>AG_ForsakenShotgun</thingDef></li><li><records>
ACDuRA==
</records><thingDef>AG_ForsakenAssaultRifle</thingDef></li><li><records>
AAB/RA==
</records><thingDef>AG_ForsakenLongBlade</thingDef></li><li><records>
AAB/RA==
</records><thingDef>AG_ForsakenBattleAxe</thingDef></li><li><records>
AAAMRA==
</records><thingDef>AG_ForsakenBulkSword</thingDef></li><li><records>
AABXQw==
</records><thingDef>AG_ForsakenSpear</thingDef></li><li><records>
Zmb6Qg==
</records><thingDef>AG_ForsakenBow</thingDef></li><li><records>
AMCPRA==
</records><thingDef>AG_ForsakenHydra</thingDef></li><li><records>
4XoSQw==
</records><thingDef>VWE_MeleeWeapon_HeavyClub</thingDef></li><li><records>
w/VUQg==
</records><thingDef>VWE_MeleeWeapon_LightClub</thingDef></li><li><records>
H4XTQg==
</records><thingDef>VWE_MeleeWeapon_TribalAxe</thingDef></li><li><records>
w/UsQg==
</records><thingDef>VWE_MeleeWeapon_Shiv</thingDef></li><li><records>
mpl5QQ==
</records><thingDef>VWE_Sling</thingDef></li><li><records>
H4VTQg==
</records><thingDef>VWE_Throwing_Shards</thingDef></li><li><records>
7FE8Qw==
</records><thingDef>VWE_Weapon_FireBomb</thingDef></li><li><records>
mpmZPw==
</records><thingDef>VCE_RawApple</thingDef></li><li><records>
mpmZPw==
</records><thingDef>VCE_RawPeach</thingDef></li><li><records>
mpmZPw==
</records><thingDef>VCE_RawCherry</thingDef></li><li><records>
mpmZPw==
</records><thingDef>VCE_RawPlum</thingDef></li><li><records>
MzOzPw==
</records><thingDef>VCE_RawPrunes</thingDef></li><li><records>
mpmZPw==
</records><thingDef>VCE_RawPear</thingDef></li><li><records>
mpmZPw==
</records><thingDef>VCE_RawPricklyPear</thingDef></li><li><records>
mpmZPw==
</records><thingDef>VCE_Bearberry</thingDef></li><li><records>
mpmZPw==
</records><thingDef>VCE_RawBanana</thingDef></li><li><records>
mpmZPw==
</records><thingDef>VCE_RawOrange</thingDef></li><li><records>
zcyMPw==
</records><thingDef>VCE_RawOnion</thingDef></li><li><records>
AADAPw==
</records><thingDef>VCE_RawPumpkin</thingDef></li><li><records>
zcyMPw==
</records><thingDef>VCE_RawPepper</thingDef></li><li><records>
zcyMPw==
</records><thingDef>VCE_RawPeas</thingDef></li><li><records>
zcyMPw==
</records><thingDef>VCE_RawEggplant</thingDef></li><li><records>
zcyMPw==
</records><thingDef>VCE_RawCabbage</thingDef></li><li><records>
zcyMPw==
</records><thingDef>VCE_RawBeets</thingDef></li><li><records>
zcyMPw==
</records><thingDef>VCE_RawTomatoes</thingDef></li><li><records>
SOEBQw==
</records><thingDef>VCE_ElectricPot</thingDef></li><li><records>
SGEpQw==
</records><thingDef>VCE_Grill</thingDef></li><li><records>
ZuZBQw==
</records><thingDef>VCE_DeepFrier</thingDef></li><li><records>
AABmQw==
</records><thingDef>VCE_CanningMachine</thingDef></li><li><records>
mpkbQw==
</records><thingDef>VCE_CondimentPrepTable</thingDef></li><li><records>
16NkQg==
</records><thingDef>VCE_CheesePress</thingDef></li><li><records>
AABwQQ==
</records><thingDef>VCE_SimpleBake</thingDef></li><li><records>
AACgQQ==
</records><thingDef>VCE_FineBake</thingDef></li><li><records>
AAAgQg==
</records><thingDef>VCE_LavishBake</thingDef></li><li><records>
AACMQg==
</records><thingDef>VCE_GourmetBake</thingDef></li><li><records>
AADAPw==
</records><thingDef>VCE_CannedProduce</thingDef></li><li><records>
AABgQA==
</records><thingDef>VCE_CannedAP</thingDef></li><li><records>
AAAAQA==
</records><thingDef>VCE_CannedFish</thingDef></li><li><records>
AAAgQQ==
</records><thingDef>VCE_Cheese</thingDef></li><li><records>
w/WoPw==
</records><thingDef>VCE_AgaveNectar</thingDef></li><li><records>
mplBQQ==
</records><thingDef>VCE_RawSugar</thingDef></li><li><records>
MzPTQA==
</records><thingDef>VCE_RawSpices</thingDef></li><li><records>
rkfhPw==
</records><thingDef>VCE_Salt</thingDef></li><li><records>
ZmZ2QA==
</records><thingDef>VCE_Mayo</thingDef></li><li><records>
zcwMQQ==
</records><thingDef>VCE_InsectJellyPreserves</thingDef></li><li><records>
AADgQA==
</records><thingDef>VCE_SmokeleafButter</thingDef></li><li><records>
MzNTQA==
</records><thingDef>VCE_ChocolateSyrup</thingDef></li><li><records>
AIC7RA==
</records><thingDef>VCE_DigestibleResurrectorNanites</thingDef></li><li><records>
AABwQQ==
</records><thingDef>VCE_SimpleDessert</thingDef></li><li><records>
AACgQQ==
</records><thingDef>VCE_FineDessert</thingDef></li><li><records>
AAAgQg==
</records><thingDef>VCE_LavishDessert</thingDef></li><li><records>
AACWQg==
</records><thingDef>VCE_GourmetDessert</thingDef></li><li><records>
AACMQg==
</records><thingDef>VCE_MealGourmet</thingDef></li><li><records>
AABwQQ==
</records><thingDef>VCE_SimpleGrill</thingDef></li><li><records>
AABgQQ==
</records><thingDef>VCE_RuinedSimpleGrill</thingDef></li><li><records>
AACgQQ==
</records><thingDef>VCE_FineGrill</thingDef></li><li><records>
AACQQQ==
</records><thingDef>VCE_RuinedFineGrill</thingDef></li><li><records>
AAAgQg==
</records><thingDef>VCE_LavishGrill</thingDef></li><li><records>
AAAMQg==
</records><thingDef>VCE_RuinedLavishGrill</thingDef></li><li><records>
AACWQg==
</records><thingDef>VCE_GourmetGrill</thingDef></li><li><records>
AABwQg==
</records><thingDef>VCE_RuinedGourmetGrill</thingDef></li><li><records>
MzPzPw==
</records><thingDef>VCE_Flour</thingDef></li><li><records>
AABAQQ==
</records><thingDef>VCE_CookedSoupSimple</thingDef></li><li><records>
AACgQQ==
</records><thingDef>VCE_CookedSoupFine</thingDef></li><li><records>
AAAgQg==
</records><thingDef>VCE_CookedSoupLavish</thingDef></li><li><records>
AACMQg==
</records><thingDef>VCE_CookedSoupGourmet</thingDef></li><li><records>
AADQQA==
</records><thingDef>VCEF_RawAnchovy</thingDef></li><li><records>
AAAAQQ==
</records><thingDef>VCEF_RawAngelfish</thingDef></li><li><records>
AADQQA==
</records><thingDef>VCEF_RawAnglerfish</thingDef></li><li><records>
AADQQA==
</records><thingDef>VCEF_RawClownfish</thingDef></li><li><records>
AADQQA==
</records><thingDef>VCEF_RawEel</thingDef></li><li><records>
AAAMQg==
</records><thingDef>VCEF_RawGoldfish</thingDef></li><li><records>
AADQQA==
</records><thingDef>VCEF_RawHaddock</thingDef></li><li><records>
AADQQA==
</records><thingDef>VCEF_RawHalibut</thingDef></li><li><records>
AADQQA==
</records><thingDef>VCEF_RawHerring</thingDef></li><li><records>
zcwMQA==
</records><thingDef>VCEF_RawKoi</thingDef></li><li><records>
AAAgQQ==
</records><thingDef>VCEF_RawLobster</thingDef></li><li><records>
AADQQA==
</records><thingDef>VCEF_RawMackerel</thingDef></li><li><records>
AADQQA==
</records><thingDef>VCEF_RawMinnow</thingDef></li><li><records>
AADQQA==
</records><thingDef>VCEF_RawPerch</thingDef></li><li><records>
AADQQA==
</records><thingDef>VCEF_RawPufferfish</thingDef></li><li><records>
AADQQA==
</records><thingDef>VCEF_RawSprat</thingDef></li><li><records>
AADQQQ==
</records><thingDef>VCEF_RawSwordfish</thingDef></li><li><records>
AADQQA==
</records><thingDef>VCEF_RawTrout</thingDef></li><li><records>
MzMXQw==
</records><thingDef>VBE_WritersTable</thingDef></li><li><records>
AABNQw==
</records><thingDef>VBE_TypewritersTable</thingDef></li><li><records>
4XqcQQ==
</records><thingDef>VBE_Newspaper</thingDef></li><li><records>
zcwsQQ==
</records><thingDef>VME_TackleBox</thingDef></li><li><records>
mpnVQg==
</records><thingDef>VME_WickerMan</thingDef></li><li><records>
AAD6Qw==
</records><thingDef>VME_Bonfire</thingDef></li><li><records>
AADwQw==
</records><thingDef>VME_MechanoidEffigy</thingDef></li><li><records>
AABcQw==
</records><thingDef>VME_Obelisk</thingDef></li><li><records>
AABNQw==
</records><thingDef>VME_TaoistSlab_Medium</thingDef></li><li><records>
AICYQw==
</records><thingDef>VME_TaoistSlab_Broad</thingDef></li><li><records>
AABNQw==
</records><thingDef>VME_EsotericismSlab_Medium</thingDef></li><li><records>
AICYQw==
</records><thingDef>VME_EsotericismSlab_Broad</thingDef></li><li><records>
AABNQw==
</records><thingDef>VME_EldritchSlab_Medium</thingDef></li><li><records>
AICYQw==
</records><thingDef>VME_EldritchSlab_Broad</thingDef></li><li><records>
AABNQw==
</records><thingDef>VME_SerketistSlab_Medium</thingDef></li><li><records>
AICYQw==
</records><thingDef>VME_SerketistSlab_Broad</thingDef></li><li><records>
AADIQw==
</records><thingDef>VFE_LargeBattery</thingDef></li><li><records>
SOHaQg==
</records><thingDef>VFE_SmallBattery</thingDef></li><li><records>
AADhQw==
</records><thingDef>VFE_AdvancedBattery</thingDef></li><li><records>
AABcRA==
</records><thingDef>VFE_LargeAdvancedBattery</thingDef></li><li><records>
zcziQg==
</records><thingDef>VFE_PortableWoodFiredGenerator</thingDef></li><li><records>
ZmYRQw==
</records><thingDef>VFE_PortableChemfuelPoweredGenerator</thingDef></li><li><records>
AADIQw==
</records><thingDef>VFE_SmallVanometricPowerCell</thingDef></li><li><records>
AAAWRQ==
</records><thingDef>VFE_LargeVanometricPowerCell</thingDef></li><li><records>
AIBURQ==
</records><thingDef>VPE_ArchotechViolenceGenerator</thingDef></li><li><records>
AIA7RQ==
</records><thingDef>VFE_ArchotechSculpture</thingDef></li><li><records>
AACsQg==
</records><thingDef>VFE_Pottery</thingDef></li><li><records>
zcwkQw==
</records><thingDef>VFE_StatueSmall</thingDef></li><li><records>
AABNQw==
</records><thingDef>VFE_Carving</thingDef></li><li><records>
AACvQw==
</records><thingDef>VFE_StatueLarge</thingDef></li><li><records>
AMAoRA==
</records><thingDef>VFE_StatueGrand</thingDef></li><li><records>
AICdRA==
</records><thingDef>VFE_Monument</thingDef></li><li><records>
AMCURA==
</records><thingDef>VFE_Relief</thingDef></li><li><records>
AACHQw==
</records><thingDef>VFE_Pillar</thingDef></li><li><records>
AIDoQw==
</records><thingDef>VFE_Obelisk</thingDef></li><li><records>
AICEQw==
</records><thingDef>VFE_Plinth</thingDef></li><li><records>
AACsQg==
</records><thingDef>VFE_DecorativePlantPot</thingDef></li><li><records>
AACMQw==
</records><thingDef>HologramBase</thingDef></li><li><records>
zczcQg==
</records><thingDef>VFE_RugSmall</thingDef></li><li><records>
AICTQw==
</records><thingDef>VFE_RugLarge</thingDef></li><li><records>
AIAERA==
</records><thingDef>VFE_RugGrand</thingDef></li><li><records>
AABAQQ==
</records><thingDef>VBE_Cider</thingDef></li><li><records>
AAACQw==
</records><thingDef>VBE_LuciferiumPowder</thingDef></li><li><records>
AABwQg==
</records><thingDef>VBE_WakeUpPowder</thingDef></li><li><records>
AAC0Qg==
</records><thingDef>VBE_GoJuiceStock</thingDef></li><li><records>
AADXQw==
</records><thingDef>VBE_Bar</thingDef></li><li><records>
j8LdQg==
</records><thingDef>VBE_SodaFountain</thingDef></li><li><records>
AIAdRA==
</records><thingDef>VBE_AmbrandyDistillery</thingDef></li><li><records>
AIDZQw==
</records><thingDef>VBE_WhiskeyCask</thingDef></li><li><records>
MzNjQg==
</records><thingDef>VBE_TequilaBarrel</thingDef></li><li><records>
mplDQg==
</records><thingDef>VBE_VodkaDrum</thingDef></li><li><records>
cT3bQg==
</records><thingDef>VBE_GinStill</thingDef></li><li><records>
AAAWRA==
</records><thingDef>VBE_Ambrandy</thingDef></li><li><records>
AABAQQ==
</records><thingDef>VBE_Gin</thingDef></li><li><records>
AABwQQ==
</records><thingDef>VBE_Tequila</thingDef></li><li><records>
AAAAQQ==
</records><thingDef>VBE_Vodka</thingDef></li><li><records>
AADwQQ==
</records><thingDef>VBE_Whiskey</thingDef></li><li><records>
AABwQg==
</records><thingDef>VBE_DoubleWhiskey</thingDef></li><li><records>
AAAAQQ==
</records><thingDef>VBE_HotCoffee</thingDef></li><li><records>
AAAQQQ==
</records><thingDef>VBE_IceCoffee</thingDef></li><li><records>
AABQQQ==
</records><thingDef>VBE_EnergyDrink</thingDef></li><li><records>
mpmZPw==
</records><thingDef>VBE_Juice</thingDef></li><li><records>
AABAQQ==
</records><thingDef>VBE_Soda</thingDef></li><li><records>
AAAAQQ==
</records><thingDef>VBE_Tea</thingDef></li><li><records>
AABwQQ==
</records><thingDef>VBE_SimpleCocktail</thingDef></li><li><records>
AACgQQ==
</records><thingDef>VBE_FineCocktail</thingDef></li><li><records>
AAAgQg==
</records><thingDef>VBE_LavishCocktail</thingDef></li><li><records>
AACWQg==
</records><thingDef>VBE_GourmetCocktail</thingDef></li><li><records>
zcyMPw==
</records><thingDef>VBE_RawTobacco</thingDef></li><li><records>
AAAAQQ==
</records><thingDef>VBE_Cigarettes</thingDef></li><li><records>
AABwQg==
</records><thingDef>VBE_Cigars</thingDef></li><li><records>
AEA/RA==
</records><thingDef>VAE_Headgear_RoyalTrooperHelmet</thingDef></li><li><records>
ACDLRA==
</records><thingDef>VAE_Apparel_RoyalTrooperArmor</thingDef></li><li><records>
AICnRA==
</records><thingDef>VAE_Headgear_RoyalSiegeHelmet</thingDef></li><li><records>
AOCDRQ==
</records><thingDef>VAE_Apparel_RoyalSiegeArmor</thingDef></li><li><records>
w/X4Qg==
</records><thingDef>VAE_Footwear_PlateBoots</thingDef></li><li><records>
AADcQw==
</records><thingDef>VAE_Footwear_MarineBoots</thingDef></li><li><records>
MzPPQg==
</records><thingDef>VAE_Handwear_PlateGloves</thingDef></li><li><records>
AADcQw==
</records><thingDef>VAE_Handwear_MarineGloves</thingDef></li><li><records>
AABNQw==
</records><thingDef>VAE_Apparel_GhillieSuit</thingDef></li><li><records>
AAAMRA==
</records><thingDef>VAE_Apparel_HAZMATSuit</thingDef></li><li><records>
AAAoQw==
</records><thingDef>VAE_Apparel_Gambeson</thingDef></li><li><records>
Zmb8Qg==
</records><thingDef>VAE_Apparel_QuiltedVest</thingDef></li><li><records>
AICiQw==
</records><thingDef>VAE_Apparel_LightPlateArmor</thingDef></li><li><records>
mpnZQg==
</records><thingDef>VAE_Apparel_PlateShoulderpads</thingDef></li><li><records>
AABmQw==
</records><thingDef>VAE_Apparel_Chestplate</thingDef></li><li><records>
AAB6Qw==
</records><thingDef>VAE_Apparel_Chainmail</thingDef></li><li><records>
w/X4Qg==
</records><thingDef>VAE_Apparel_PlateHelmet</thingDef></li><li><records>
H4UrQw==
</records><thingDef>VAE_Apparel_WoodenArmor</thingDef></li><li><records>
ZmaYQg==
</records><thingDef>VAE_Headgear_StoneWarMask</thingDef></li><li><records>
AADIQw==
</records><thingDef>VAE_Apparel_RiotArmor</thingDef></li><li><records>
MzM9Qw==
</records><thingDef>VAE_Apparel_RiotHelmet</thingDef></li><li><records>
mpkkQw==
</records><thingDef>VAE_Apparel_Shield_Riot</thingDef></li><li><records>
AIDtQw==
</records><thingDef>VAE_Headgear_TrooperHelmet</thingDef></li><li><records>
AMCPRA==
</records><thingDef>VAE_Apparel_TrooperArmor</thingDef></li><li><records>
AAA5RA==
</records><thingDef>VAE_Headgear_HeavyMarineHelmet</thingDef></li><li><records>
AEBJRQ==
</records><thingDef>VAE_Apparel_HeavyMarineArmor</thingDef></li><li><records>
FK5nQg==
</records><thingDef>VAE_Headgear_Balaclava</thingDef></li><li><records>
Zma3Qg==
</records><thingDef>VAE_Headgear_GhillieHood</thingDef></li><li><records>
mpk4Qw==
</records><thingDef>VAE_Headgear_HAZMATMask</thingDef></li><li><records>
H4WDQg==
</records><thingDef>VAE_Footwear_Boots</thingDef></li><li><records>
rkeJQg==
</records><thingDef>VAE_Footwear_Shoes</thingDef></li><li><records>
ZmZWQg==
</records><thingDef>VAE_Handwear_Gloves</thingDef></li><li><records>
H4WrQg==
</records><thingDef>VAE_Apparel_CasualTShirt</thingDef></li><li><records>
uB4bQw==
</records><thingDef>VAE_Apparel_Hoodie</thingDef></li><li><records>
16OoQg==
</records><thingDef>VAE_Apparel_Shorts</thingDef></li><li><records>
exSqQg==
</records><thingDef>VAE_Apparel_Skirt</thingDef></li><li><records>
mpm1Qg==
</records><thingDef>VAE_Apparel_ShirtandTie</thingDef></li><li><records>
AABEQw==
</records><thingDef>VAE_Apparel_SuitJacket</thingDef></li><li><records>
XI/EQg==
</records><thingDef>VAE_Apparel_Trousers</thingDef></li><li><records>
hethQg==
</records><thingDef>VAE_Headgear_Fedora</thingDef></li><li><records>
CtfXQg==
</records><thingDef>VAE_Apparel_Overalls</thingDef></li><li><records>
H4W/Qg==
</records><thingDef>VAE_Apparel_FleeceShirt</thingDef></li><li><records>
rkftQg==
</records><thingDef>VAE_Apparel_Jeans</thingDef></li><li><records>
w/UEQw==
</records><thingDef>VAE_Apparel_ChefsUniform</thingDef></li><li><records>
AABhQw==
</records><thingDef>VAE_Apparel_MilitaryJacket</thingDef></li><li><records>
KVwTQw==
</records><thingDef>VAE_Apparel_MilitaryUniform</thingDef></li><li><records>
UriSQg==
</records><thingDef>VAE_Apparel_BuildersJacket</thingDef></li><li><records>
MzPfQg==
</records><thingDef>VAE_Apparel_DoctorScrubs</thingDef></li><li><records>
MzMRQw==
</records><thingDef>VAE_Apparel_LabCoat</thingDef></li><li><records>
16OAQg==
</records><thingDef>VAE_Apparel_TankTop</thingDef></li><li><records>
Ctf/Qg==
</records><thingDef>VAE_Apparel_SheriffShirt</thingDef></li><li><records>
hesnQw==
</records><thingDef>VAE_Apparel_Jumpsuit</thingDef></li><li><records>
H4WrQg==
</records><thingDef>VAE_Apparel_Tunic</thingDef></li><li><records>
H4WXQg==
</records><thingDef>VAE_Apparel_Blouse</thingDef></li><li><records>
4Xr0Qg==
</records><thingDef>VAE_Apparel_Apron</thingDef></li><li><records>
AABEQw==
</records><thingDef>VAE_Apparel_PeltCoat</thingDef></li><li><records>
w/WsQg==
</records><thingDef>VAE_Apparel_TribalPoncho</thingDef></li><li><records>
w/WsQg==
</records><thingDef>VAE_Apparel_TribalKilt</thingDef></li><li><records>
rkdZQg==
</records><thingDef>VAE_Headgear_Scarf</thingDef></li><li><records>
hes5Qg==
</records><thingDef>VAE_Headgear_Beret</thingDef></li><li><records>
MzPEQg==
</records><thingDef>VAE_Headgear_Hardhat</thingDef></li><li><records>
UriQQg==
</records><thingDef>VAE_Headgear_SurgicalMask</thingDef></li><li><records>
hes5Qg==
</records><thingDef>VAE_Headgear_BaseballCap</thingDef></li><li><records>
MzO7Qg==
</records><thingDef>VAE_Headgear_Sunglasses</thingDef></li><li><records>
zcy0QQ==
</records><thingDef>VAE_Headgear_Glasses</thingDef></li><li><records>
ZmaGQg==
</records><thingDef>VAE_Headgear_ChefsToque</thingDef></li><li><records>
AADAQQ==
</records><thingDef>AEXP_EggCrocodileUnfertilized</thingDef></li><li><records>
AADAQQ==
</records><thingDef>AEXP_EggCrocodileFertilized</thingDef></li><li><records>
AAAQQQ==
</records><thingDef>AEXP_EggPlatypusUnfertilized</thingDef></li><li><records>
AAAQQQ==
</records><thingDef>AEXP_EggPlatypusFertilized</thingDef></li><li><records>
AAAgQQ==
</records><thingDef>AEXP_EggDesertTortoiseUnfertilized</thingDef></li><li><records>
AADgQQ==
</records><thingDef>AEXP_EggDesertTortoiseFertilized</thingDef></li><li><records>
AABAQQ==
</records><thingDef>AEXP_EggGilaMonsterUnfertilized</thingDef></li><li><records>
AAAAQg==
</records><thingDef>AEXP_EggGilaMonsterFertilized</thingDef></li><li><records>
AADgQQ==
</records><thingDef>AEXP_EggRattlesnakeUnfertilized</thingDef></li><li><records>
AAAgQg==
</records><thingDef>AEXP_EggRattlesnakeFertilized</thingDef></li><li><records>
AAAQQQ==
</records><thingDef>AEXP_EggWildGooseUnfertilized</thingDef></li><li><records>
AAAwQQ==
</records><thingDef>AEXP_EggWildGooseFertilized</thingDef></li><li><records>
AAD6Qg==
</records><thingDef>AEXP_EggAnacondaUnfertilized</thingDef></li><li><records>
AAD6Qg==
</records><thingDef>AEXP_EggAnacondaFertilized</thingDef></li><li><records>
zcxMQA==
</records><thingDef>AEXP_Leather_Wildebeest</thingDef></li><li><records>
AAAQQQ==
</records><thingDef>AEXP_Leather_Platypus</thingDef></li><li><records>
ZmamQA==
</records><thingDef>AEXP_Leather_Lion</thingDef></li><li><records>
zcwsQA==
</records><thingDef>WoolCamel</thingDef></li><li><records>
AAAWQw==
</records><thingDef>AEXP_Coyote</thingDef></li><li><records>
AIAiRA==
</records><thingDef>AEXP_Giraffe</thingDef></li><li><records>
AAAWRA==
</records><thingDef>AEXP_Zebra</thingDef></li><li><records>
AACqQw==
</records><thingDef>AEXP_Wildebeest</thingDef></li><li><records>
AABIRA==
</records><thingDef>AEXP_Crocodile</thingDef></li><li><records>
AADIQw==
</records><thingDef>AEXP_Cheetah</thingDef></li><li><records>
AAAWQw==
</records><thingDef>AEXP_Boombat</thingDef></li><li><records>
AAB6Qw==
</records><thingDef>AEXP_Kangaroo</thingDef></li><li><records>
AACWQg==
</records><thingDef>AEXP_Koala</thingDef></li><li><records>
AADwQg==
</records><thingDef>AEXP_Platypus</thingDef></li><li><records>
AAAWQw==
</records><thingDef>AEXP_ArcticCoyote</thingDef></li><li><records>
AAAvRA==
</records><thingDef>AEXP_BlackBear</thingDef></li><li><records>
AABIQw==
</records><thingDef>AEXP_CatAbyssinian</thingDef></li><li><records>
AABIQw==
</records><thingDef>AEXP_CatBengal</thingDef></li><li><records>
AABIQw==
</records><thingDef>AEXP_CatBritishShorthair</thingDef></li><li><records>
AIA7RA==
</records><thingDef>AEXP_CatMaineCoon</thingDef></li><li><records>
AABIQw==
</records><thingDef>AEXP_CatMunchkin</thingDef></li><li><records>
AABIQw==
</records><thingDef>AEXP_CatNorwegianForest</thingDef></li><li><records>
AABIQw==
</records><thingDef>AEXP_CatPersian</thingDef></li><li><records>
AABIQw==
</records><thingDef>AEXP_CatSiamese</thingDef></li><li><records>
AABIQw==
</records><thingDef>AEXP_CatSomali</thingDef></li><li><records>
AABIQw==
</records><thingDef>AEXP_CatSphynx</thingDef></li><li><records>
AAA5Qw==
</records><thingDef>AEXP_Hyena</thingDef></li><li><records>
AAB6Qw==
</records><thingDef>AEXP_DesertTortoise</thingDef></li><li><records>
AACWRA==
</records><thingDef>AEXP_Lion</thingDef></li><li><records>
AABIQw==
</records><thingDef>AEXP_GilaMonster</thingDef></li><li><records>
AADIQg==
</records><thingDef>AEXP_Beagle</thingDef></li><li><records>
AAClQw==
</records><thingDef>AEXP_Chihuahua</thingDef></li><li><records>
AIAiRA==
</records><thingDef>AEXP_Corgi</thingDef></li><li><records>
AAAWQw==
</records><thingDef>AEXP_FrenchBulldog</thingDef></li><li><records>
AADhQw==
</records><thingDef>AEXP_GermanShepherd</thingDef></li><li><records>
AIAiRA==
</records><thingDef>AEXP_GreatDane</thingDef></li><li><records>
AAB6Qw==
</records><thingDef>AEXP_Poodle</thingDef></li><li><records>
AACWQw==
</records><thingDef>AEXP_Pug</thingDef></li><li><records>
AAB6Qw==
</records><thingDef>AEXP_Rottweiler</thingDef></li><li><records>
AACWQw==
</records><thingDef>AEXP_Shih-Tzu</thingDef></li><li><records>
AAB6Qw==
</records><thingDef>AEXP_WelshTerrier</thingDef></li><li><records>
AACgQw==
</records><thingDef>AEXP_Camel</thingDef></li><li><records>
AABIQw==
</records><thingDef>AEXP_Rattlesnake</thingDef></li><li><records>
AADIQg==
</records><thingDef>AEXP_Megascorpion</thingDef></li><li><records>
AAB6Qw==
</records><thingDef>AEXP_RedPanda</thingDef></li><li><records>
AACWQg==
</records><thingDef>AEXP_WildGoose</thingDef></li><li><records>
AADwQg==
</records><thingDef>AEXP_Beaver</thingDef></li><li><records>
AADIQQ==
</records><thingDef>AEXP_Hedgehog</thingDef></li><li><records>
AADIQw==
</records><thingDef>AEXP_Jaguar</thingDef></li><li><records>
AAAWQw==
</records><thingDef>AEXP_Lemur</thingDef></li><li><records>
AICJQw==
</records><thingDef>AEXP_Mandrill</thingDef></li><li><records>
AICJQw==
</records><thingDef>AEXP_Tapir</thingDef></li><li><records>
AMBBRA==
</records><thingDef>AEXP_Anaconda</thingDef></li><li><records>
AAAWRA==
</records><thingDef>AEXP_IndianElephant</thingDef></li><li><records>
AIBURA==
</records><thingDef>AEXP_MegaWolverine</thingDef></li><li><records>
AAC0RA==
</records><thingDef>VPER_MeleeWeapon_RunesmithBattleaxe</thingDef></li><li><records>
AABIQg==
</records><thingDef>VPER_WarriorSpirit</thingDef></li><li><records>
AAB1RA==
</records><thingDef>Building_RTMagneticShield</thingDef></li><li><records>
mpkmQw==
</records><thingDef>Building_RTCircuitBreaker</thingDef></li><li><records>
mpmPQg==
</records><thingDef>Building_RTMakeshiftFuse</thingDef></li><li><records>
AABSQw==
</records><thingDef>NapalmBomb</thingDef></li><li><records>
exTuQQ==
</records><thingDef>pipelineValve</thingDef></li><li><records>
AIDAQw==
</records><thingDef>ResourceConsole</thingDef></li><li><records>
AMBpRA==
</records><thingDef>FuelPowerplant</thingDef></li><li><records>
16PsQQ==
</records><thingDef>ChemfuelHopper</thingDef></li><li><records>
16PsQQ==
</records><thingDef>ChemfuelSiphon</thingDef></li><li><records>
16PsQQ==
</records><thingDef>RefineryLoadingBay</thingDef></li><li><records>
AIDjQw==
</records><thingDef>SynthyleneRefiner</thingDef></li><li><records>
AIDjQw==
</records><thingDef>NapalmRefiner</thingDef></li><li><records>
AIDyQw==
</records><thingDef>SynthreadRefiner</thingDef></li><li><records>
AAAvRA==
</records><thingDef>SynthamideRefiner</thingDef></li><li><records>
AKCbRA==
</records><thingDef>HyperweaveRefiner</thingDef></li><li><records>
AIBtRA==
</records><thingDef>NeutroamineRefiner</thingDef></li><li><records>
AEAmRA==
</records><thingDef>Autoclave</thingDef></li><li><records>
AABcQg==
</records><thingDef>Shell_Napalm</thingDef></li><li><records>
AAAAQA==
</records><thingDef>UncuredPlasteel</thingDef></li><li><records>
AACwQA==
</records><thingDef>Synthamide</thingDef></li><li><records>
AAAAQA==
</records><thingDef>Synthylene</thingDef></li><li><records>
AAAAQA==
</records><thingDef>UncuredComposite</thingDef></li><li><records>
AAAAQQ==
</records><thingDef>FiberComposite</thingDef></li><li><records>
w/VDQg==
</records><thingDef>PlantPot_BambooBonsai</thingDef></li><li><records>
AACAQA==
</records><thingDef>CPD_CoffeeBeans</thingDef></li><li><records>
AAAAQA==
</records><thingDef>Rawtea</thingDef></li><li><records>
ZmamPw==
</records><thingDef>Silage</thingDef></li><li><records>
AACAQA==
</records><thingDef>VG_Biofuel</thingDef></li><li><records>
AAAWQw==
</records><thingDef>VG_Hivepiece</thingDef></li><li><records>
AAAAQQ==
</records><thingDef>Cuptea</thingDef></li><li><records>
AAAAQQ==
</records><thingDef>VG_BarleyTea</thingDef></li><li><records>
AAAAQQ==
</records><thingDef>Coffee</thingDef></li><li><records>
AADgQA==
</records><thingDef>Fruitdrink</thingDef></li><li><records>
AABwQQ==
</records><thingDef>Chocomilk</thingDef></li><li><records>
AAA0Qg==
</records><thingDef>bowlstew</thingDef></li><li><records>
AAA0Qg==
</records><thingDef>bowlstew_Veg</thingDef></li><li><records>
AAA0Qg==
</records><thingDef>bowlstew_Meat</thingDef></li><li><records>
AADIQQ==
</records><thingDef>stirfry</thingDef></li><li><records>
AADIQQ==
</records><thingDef>Mealstirfry_Veg</thingDef></li><li><records>
AADIQQ==
</records><thingDef>Mealstirfry_Meat</thingDef></li><li><records>
mpmZPw==
</records><thingDef>VG_Hardtack</thingDef></li><li><records>
ZmamPw==
</records><thingDef>Bamboo</thingDef></li><li><records>
zczMPw==
</records><thingDef>VG_IronWoodLog</thingDef></li><li><records>
zcyMPw==
</records><thingDef>RawAgave</thingDef></li><li><records>
mpmZPw==
</records><thingDef>RawBerries</thingDef></li><li><records>
AADAPw==
</records><thingDef>Rawapple</thingDef></li><li><records>
AADAPw==
</records><thingDef>Rawbanana</thingDef></li><li><records>
AADAPw==
</records><thingDef>Rawgrape</thingDef></li><li><records>
AADAPw==
</records><thingDef>Raworange</thingDef></li><li><records>
AADAPw==
</records><thingDef>Rawpeach</thingDef></li><li><records>
AADAPw==
</records><thingDef>Rawpineapple</thingDef></li><li><records>
AADAPw==
</records><thingDef>Rawblueberry</thingDef></li><li><records>
AADAPw==
</records><thingDef>Rawwatermelon</thingDef></li><li><records>
AADAPw==
</records><thingDef>Rawdate</thingDef></li><li><records>
AADAPw==
</records><thingDef>Rawfig</thingDef></li><li><records>
AADAPw==
</records><thingDef>Rawgooseberry</thingDef></li><li><records>
AADAPw==
</records><thingDef>Rawcloudberry</thingDef></li><li><records>
AADAPw==
</records><thingDef>RawCherry</thingDef></li><li><records>
AADAPw==
</records><thingDef>RawCoconut</thingDef></li><li><records>
AAAAQQ==
</records><thingDef>Honey</thingDef></li><li><records>
AAAwQQ==
</records><thingDef>Mead</thingDef></li><li><records>
AAAAQA==
</records><thingDef>RawRedLentil</thingDef></li><li><records>
AAAAQA==
</records><thingDef>Rawmushroom</thingDef></li><li><records>
AAAAQA==
</records><thingDef>VG_GardenFish</thingDef></li><li><records>
mpmZPw==
</records><thingDef>Rawsnowbeet</thingDef></li><li><records>
zcyMPw==
</records><thingDef>RawBarley</thingDef></li><li><records>
mpmZPw==
</records><thingDef>Rawbean</thingDef></li><li><records>
zcyMPw==
</records><thingDef>RawOlive</thingDef></li><li><records>
zcyMPw==
</records><thingDef>RawCactusFruit</thingDef></li><li><records>
AABIQw==
</records><thingDef>VG_FoodShelf</thingDef></li><li><records>
AADIQQ==
</records><thingDef>bakedpolenta</thingDef></li><li><records>
AABwQQ==
</records><thingDef>Bread</thingDef></li><li><records>
AADIQQ==
</records><thingDef>sweetbun</thingDef></li><li><records>
AADIQQ==
</records><thingDef>muffin</thingDef></li><li><records>
AADIQQ==
</records><thingDef>BlueberryPie</thingDef></li><li><records>
AACgQQ==
</records><thingDef>cookie</thingDef></li><li><records>
AADIQQ==
</records><thingDef>pizza</thingDef></li><li><records>
AACgQA==
</records><thingDef>SaltedMeat</thingDef></li><li><records>
AABQQQ==
</records><thingDef>PickledVeg</thingDef></li><li><records>
AAAAQA==
</records><thingDef>Rawsugarcane</thingDef></li><li><records>
AAAAQA==
</records><thingDef>Flour</thingDef></li><li><records>
AABwQQ==
</records><thingDef>cheese</thingDef></li><li><records>
zcyMPw==
</records><thingDef>Rawwheat</thingDef></li><li><records>
AABgQQ==
</records><thingDef>driedfruit</thingDef></li><li><records>
AAAAQA==
</records><thingDef>VeganEgg</thingDef></li><li><records>
AACoQQ==
</records><thingDef>MakiRoll</thingDef></li><li><records>
AACAQQ==
</records><thingDef>Nigiri</thingDef></li><li><records>
AADIQQ==
</records><thingDef>yogurt</thingDef></li><li><records>
AADIQQ==
</records><thingDef>icecream</thingDef></li><li><records>
AADIQQ==
</records><thingDef>smoothie</thingDef></li><li><records>
AADIQQ==
</records><thingDef>Caramel</thingDef></li><li><records>
AADIQQ==
</records><thingDef>Hardcandy</thingDef></li><li><records>
AADIQQ==
</records><thingDef>Taffy</thingDef></li><li><records>
AACQQQ==
</records><thingDef>Grilledveg</thingDef></li><li><records>
AACQQQ==
</records><thingDef>Grilledsteak</thingDef></li><li><records>
AABAQQ==
</records><thingDef>meatpie</thingDef></li><li><records>
AADIQQ==
</records><thingDef>grilledpolenta</thingDef></li><li><records>
AACAQQ==
</records><thingDef>Porridge</thingDef></li><li><records>
AACgQQ==
</records><thingDef>grilledcheese</thingDef></li><li><records>
AACQQQ==
</records><thingDef>Kabob</thingDef></li><li><records>
AADIQQ==
</records><thingDef>grilledmeat</thingDef></li><li><records>
AABwQQ==
</records><thingDef>Tacos</thingDef></li><li><records>
AABgQQ==
</records><thingDef>Rawtofu</thingDef></li><li><records>
Zmb+Qg==
</records><thingDef>Oven</thingDef></li><li><records>
AABcQw==
</records><thingDef>ElectricOven</thingDef></li><li><records>
ZmamQg==
</records><thingDef>HandCanningstove</thingDef></li><li><records>
ZmamQg==
</records><thingDef>Canningstove</thingDef></li><li><records>
MzMCQw==
</records><thingDef>FueledCandyTable</thingDef></li><li><records>
MzMCQw==
</records><thingDef>CandyTable</thingDef></li><li><records>
AADwQw==
</records><thingDef>CookingTools</thingDef></li><li><records>
mpmrQg==
</records><thingDef>GrindStone</thingDef></li><li><records>
zcwlQw==
</records><thingDef>ElectricGrindStone</thingDef></li><li><records>
AACAPw==
</records><thingDef>ChunkSalt</thingDef></li><li><records>
MzMzPw==
</records><thingDef>CR_RawCocoaBeans</thingDef></li><li><records>
zcyMPw==
</records><thingDef>CR_RoastedCacaoBeans</thingDef></li><li><records>
MzMzQA==
</records><thingDef>CR_ChocolateLiquor</thingDef></li><li><records>
ZmaGQA==
</records><thingDef>CR_MilkChocolate</thingDef></li><li><records>
ZmaGQA==
</records><thingDef>CR_ChocolateMilk</thingDef></li><li><records>
AADQQg==
</records><thingDef>LightColumnMod</thingDef></li><li><records>
AAD2Qg==
</records><thingDef>DarkColumnMod</thingDef></li><li><records>
AABhQw==
</records><thingDef>OrbitalTradeColumnMod</thingDef></li><li><records>
AAAbQw==
</records><thingDef>Wall_TradeDevice</thingDef></li><li><records>
zcwcQw==
</records><thingDef>Wall_FirefoamPopper</thingDef></li><li><records>
AIDeQw==
</records><thingDef>SunColumnMod</thingDef></li><li><records>
AAAoQw==
</records><thingDef>Wall_SunDevice</thingDef></li><li><records>
AABXQw==
</records><thingDef>Wall_HeatDevice</thingDef></li><li><records>
AAD/Qw==
</records><thingDef>IceColumnMod</thingDef></li><li><records>
AABXQw==
</records><thingDef>Wall_CoolDevice</thingDef></li><li><records>
AIBAQw==
</records><thingDef>DetColumnMod</thingDef></li><li><records>
AABIQw==
</records><thingDef>FlameColumnMod</thingDef></li><li><records>
AABmQw==
</records><thingDef>EMPColumnMod</thingDef></li><li><records>
AABSQw==
</records><thingDef>DeadColumnMod</thingDef></li><li><records>
AIA7Rg==
</records><thingDef>ArchotechDroneColumn</thingDef></li><li><records>
AAD6RA==
</records><thingDef>ComponentArchoDrone</thingDef></li><li><records>
AACIQQ==
</records><thingDef>MealCannedFood</thingDef></li><li><records>
AACgQA==
</records><thingDef>CannedVeg</thingDef></li><li><records>
AACgQA==
</records><thingDef>CannedMeat</thingDef></li><li><records>
AADAQA==
</records><thingDef>CannedFruit</thingDef></li><li><records>
AACRQw==
</records><thingDef>CanningFactory</thingDef></li><li><records>
ZmaRQg==
</records><thingDef>RimFridge_SingleRefrigerator</thingDef></li><li><records>
XI/fQg==
</records><thingDef>RimFridge_Refrigerator</thingDef></li><li><records>
4Xo4Qw==
</records><thingDef>RimFridge_QuadRefrigerator</thingDef></li><li><records>
ZmaRQg==
</records><thingDef>RimFridge_SingleWallRefrigerator</thingDef></li><li><records>
XI/fQg==
</records><thingDef>RimFridge_WallRefrigerator</thingDef></li><li><records>
zcyMPw==
</records><thingDef>Raweggplant</thingDef></li><li><records>
zcyMPw==
</records><thingDef>Rawpumpkin</thingDef></li><li><records>
zcyMPw==
</records><thingDef>Rawsquash</thingDef></li><li><records>
zcyMPw==
</records><thingDef>RawTomatoes</thingDef></li><li><records>
zcyMPw==
</records><thingDef>RawCarrots</thingDef></li><li><records>
mpmZPw==
</records><thingDef>RawKiwi</thingDef></li><li><records>
mpmZPw==
</records><thingDef>RawMango</thingDef></li><li><records>
mpmZPw==
</records><thingDef>RawAvocado</thingDef></li><li><records>
AABwQQ==
</records><thingDef>VG_Guacamole</thingDef></li><li><records>
AMBaRQ==
</records><thingDef>BS_SurtrSword_Persona</thingDef></li><li><records>
AMBaRQ==
</records><thingDef>BS_SkrymirHammer_Persona</thingDef></li><li><records>
AAB1Qw==
</records><thingDef>BS_OgreClub</thingDef></li><li><records>
AAB1Qw==
</records><thingDef>BS_GiantHammer</thingDef></li><li><records>
AMAeRA==
</records><thingDef>BS_JotunHammer</thingDef></li><li><records>
AEAcRQ==
</records><thingDef>BS_SurtrSword</thingDef></li><li><records>
AEAcRQ==
</records><thingDef>BS_SkrymirHammer</thingDef></li><li><records>
AIDAQw==
</records><thingDef>BS_JotunJavelin</thingDef></li><li><records>
AICTQw==
</records><thingDef>BS_GiantPrimitiveBow</thingDef></li><li><records>
AABIQg==
</records><thingDef>BS_OgreThrowinRock</thingDef></li><li><records>
AEAwRA==
</records><thingDef>BS_JotunRifle</thingDef></li><li><records>
AMDVRA==
</records><thingDef>BS_GiantMinigun</thingDef></li><li><records>
AADDRA==
</records><thingDef>BS_JotunRocketLauncher</thingDef></li><li><records>
AADIQw==
</records><thingDef>BS_DarkSoulshard</thingDef></li><li><records>
AADXQw==
</records><thingDef>BS_Giant_Serum</thingDef></li><li><records>
AADXQw==
</records><thingDef>BS_Shrink_Serum</thingDef></li><li><records>
ZmbuQg==
</records><thingDef>BS_GeneDicombobulator</thingDef></li><li><records>
AABSQw==
</records><thingDef>BS_GeneGeneIntegrator</thingDef></li><li><records>
AAB/Qw==
</records><thingDef>BS_CreateXenogerm</thingDef></li><li><records>
AICYQw==
</records><thingDef>BS_CreateXenogerm_Endo</thingDef></li><li><records>
AEANRQ==
</records><thingDef>BS_CreateArchiteXenogerm</thingDef></li><li><records>
APAMRQ==
</records><thingDef>BS_CreateArchiteXenogerm_Endo</thingDef></li><li><records>
AIC7RA==
</records><thingDef>BS_GluttonRace</thingDef></li><li><records>
AIC7RA==
</records><thingDef>BS_InsectoidHumanoid_FourArmed</thingDef></li><li><records>
AAAvRQ==
</records><thingDef>BS_IndestructibelApparel</thingDef></li><li><records>
AIDtQw==
</records><thingDef>BS_JotunSword</thingDef></li><li><records>
AADmQw==
</records><thingDef>BS_BarbarianArmor</thingDef></li><li><records>
exT6Qg==
</records><thingDef>BS_Nisse_Cap</thingDef></li><li><records>
AAB6Qw==
</records><thingDef>VFEM_Bow_HeavyCrossbow</thingDef></li><li><records>
7FGEQg==
</records><thingDef>ASF_BigSShelf</thingDef></li><li><records>
7FEGQw==
</records><thingDef>ASF_BigShelf</thingDef></li><li><records>
9igiQw==
</records><thingDef>ASF_Basket</thingDef></li><li><records>
Di3MQg==
</records><thingDef>ASF_ClothingRack</thingDef></li><li><records>
AABmQw==
</records><thingDef>ASF_FabricHamper</thingDef></li><li><records>
9igsQw==
</records><thingDef>ASF_Hayloft</thingDef></li><li><records>
9igYQw==
</records><thingDef>ASF_MeatHook</thingDef></li><li><records>
mpnzQg==
</records><thingDef>ASF_MedCab</thingDef></li><li><records>
9igEQw==
</records><thingDef>ASF_Pallet</thingDef></li><li><records>
AIAYRA==
</records><thingDef>ASF_Safe</thingDef></li><li><records>
2c42Qw==
</records><thingDef>ASF_Skip</thingDef></li><li><records>
SOEYQw==
</records><thingDef>ASF_TrayRack</thingDef></li><li><records>
ZmYmQw==
</records><thingDef>ASF_VeryBigSShelf</thingDef></li><li><records>
AAClQw==
</records><thingDef>ASF_VeryBigShelf</thingDef></li><li><records>
9igYQw==
</records><thingDef>ASF_WeaponsCabinet</thingDef></li><li><records>
9igOQw==
</records><thingDef>ASF_WeaponsLocker</thingDef></li><li><records>
PQrHQQ==
</records><thingDef>TVG_TrapMouse</thingDef></li><li><records>
AAAVQw==
</records><thingDef>ArcheryTarget</thingDef></li><li><records>
AABDQw==
</records><thingDef>ShootingRangeTarget</thingDef></li><li><records>
ZmYWQw==
</records><thingDef>MartialArtsTarget</thingDef></li><li><records>
AMAFRA==
</records><thingDef>sbz_LargeGravshipCrate</thingDef></li><li><records>
AABrQw==
</records><thingDef>sbz_GravshipCrate</thingDef></li><li><records>
AIATRA==
</records><thingDef>sbz_LongGravshipCrate</thingDef></li><li><records>
AAA8Qg==
</records><thingDef>sbz_GravshipGlassShelf</thingDef></li><li><records>
AACqQg==
</records><thingDef>sbz_GravshipTwoTierShelf</thingDef></li><li><records>
AAA8Qg==
</records><thingDef>sbz_GravshipShelf</thingDef></li><li><records>
AAC8QQ==
</records><thingDef>sbz_SmallGravshipShelf</thingDef></li><li><records>
AAC8QQ==
</records><thingDef>sbz_GravshipWeaponRack</thingDef></li><li><records>
AAApQw==
</records><thingDef>sbz_Crate</thingDef></li><li><records>
ZmauQg==
</records><thingDef>sbz_MidCrate</thingDef></li><li><records>
AAAyQg==
</records><thingDef>sbz_SmallCrate</thingDef></li><li><records>
AAApQw==
</records><thingDef>sbz_Pallet</thingDef></li><li><records>
AAAyQg==
</records><thingDef>sbz_MiniPallet</thingDef></li><li><records>
AACyQg==
</records><thingDef>sbz_OpenShelf</thingDef></li><li><records>
AACyQg==
</records><thingDef>sbz_TwoTierDisplayShelf</thingDef></li><li><records>
AABEQg==
</records><thingDef>sbz_DisplayShelf</thingDef></li><li><records>
AADEQQ==
</records><thingDef>sbz_SmallDisplayShelf</thingDef></li><li><records>
AACyQg==
</records><thingDef>sbz_TallDisplayShelf</thingDef></li><li><records>
AAAyQg==
</records><thingDef>sbz_NarrowTallDisplayShelf</thingDef></li><li><records>
AACKQg==
</records><thingDef>sbz_WideHangerShelf</thingDef></li><li><records>
AAAKQg==
</records><thingDef>sbz_HangerShelf</thingDef></li><li><records>
AACKQg==
</records><thingDef>sbz_DisplayCabinet</thingDef></li><li><records>
AAAKQg==
</records><thingDef>sbz_NarrowDisplayCabinet</thingDef></li><li><records>
AADEQQ==
</records><thingDef>sbz_DisplayTable</thingDef></li><li><records>
AACyQg==
</records><thingDef>sbz_MeatHook</thingDef></li><li><records>
AACpQg==
</records><thingDef>sbz_TextileRack</thingDef></li><li><records>
AAAyQg==
</records><thingDef>sbz_Safe</thingDef></li><li><records>
AAAyQg==
</records><thingDef>sbz_Drum</thingDef></li><li><records>
AACyQg==
</records><thingDef>sbz_HorizontalWeaponRack</thingDef></li><li><records>
AACyQg==
</records><thingDef>sbz_VerticalWeaponRack</thingDef></li><li><records>
mpk1Qg==
</records><thingDef>sbz_WeaponRack</thingDef></li><li><records>
KVxRQg==
</records><thingDef>BarrelA</thingDef></li><li><records>
MzP3Qg==
</records><thingDef>BarrelB</thingDef></li><li><records>
AACMQw==
</records><thingDef>BarrelC</thingDef></li><li><records>
XI9iQA==
</records><thingDef>BundleA</thingDef></li><li><records>
ZmbCQQ==
</records><thingDef>BundleB</thingDef></li><li><records>
ZmabQg==
</records><thingDef>BundleC</thingDef></li><li><records>
zcxSQg==
</records><thingDef>CanisterA</thingDef></li><li><records>
AABSQw==
</records><thingDef>CanisterB</thingDef></li><li><records>
KVxRQg==
</records><thingDef>CrateA</thingDef></li><li><records>
38/PQg==
</records><thingDef>CrateB</thingDef></li><li><records>
CtemQg==
</records><thingDef>CrateC</thingDef></li><li><records>
HwUdQw==
</records><thingDef>CrateD</thingDef></li><li><records>
AACCQw==
</records><thingDef>CrateE</thingDef></li><li><records>
AADSQw==
</records><thingDef>CrateF</thingDef></li><li><records>
AAAbRA==
</records><thingDef>CrateG</thingDef></li><li><records>
zcxSQg==
</records><thingDef>MetalCrateA</thingDef></li><li><records>
AICEQw==
</records><thingDef>MetalCrateB</thingDef></li><li><records>
AADSQw==
</records><thingDef>MetalCrateC</thingDef></li><li><records>
AEAcRA==
</records><thingDef>MetalCrateD</thingDef></li><li><records>
cT2PQg==
</records><thingDef>PalletCrateA</thingDef></li><li><records>
AACMQw==
</records><thingDef>PalletCrateB</thingDef></li><li><records>
mpm1Qg==
</records><thingDef>CaravanBiofuelRefinery_TWB</thingDef></li><li><records>
mpmxQg==
</records><thingDef>CaravanChair_TWB</thingDef></li><li><records>
ZmYmQg==
</records><thingDef>CaravanChemfuelStove_TWB</thingDef></li><li><records>
MzOTQg==
</records><thingDef>CaravanGenerator_TWB</thingDef></li><li><records>
MzMfQg==
</records><thingDef>CaravanLantern_TWB</thingDef></li><li><records>
mpn1QQ==
</records><thingDef>CaravanTable_TWB</thingDef></li><li><records>
mpnJQg==
</records><thingDef>BurialUrn</thingDef></li><li><records>
AHAeRQ==
</records><thingDef>AdvancedMultiAnalyzer</thingDef></li><li><records>
AIAJRA==
</records><thingDef>ToolCabinetA</thingDef></li><li><records>
AMBpRA==
</records><thingDef>ToolCabinetB</thingDef></li><li><records>
AOC1RA==
</records><thingDef>ToolCabinetC</thingDef></li><li><records>
zczSQg==
</records><thingDef>KitchenCupboard</thingDef></li><li><records>
mpntQg==
</records><thingDef>SurgicalLamp</thingDef></li><li><records>
AIDtQw==
</records><thingDef>SurgicalInstruments</thingDef></li><li><records>
rkedQg==
</records><thingDef>TST_MeditationStone</thingDef></li><li><records>
16MeQw==
</records><thingDef>TST_DrumStool</thingDef></li><li><records>
AACbQw==
</records><thingDef>TST_DrumBench</thingDef></li><li><records>
AABcQw==
</records><thingDef>TST_CushionedPew</thingDef></li><li><records>
AACRQw==
</records><thingDef>TST_BoxPew</thingDef></li><li><records>
rkfFQg==
</records><thingDef>TST_PrieDieu</thingDef></li><li><records>
16MyQw==
</records><thingDef>TST_SlabPew</thingDef></li><li><records>
16OUQg==
</records><thingDef>IceWorld_Mantle</thingDef></li><li><records>
w/X8Qg==
</records><thingDef>Gunmar_Apparel_Tribal</thingDef></li><li><records>
AICJQw==
</records><thingDef>Gunmar_Apparel_ThickPeltArmor</thingDef></li><li><records>
MzPLQg==
</records><thingDef>Gunmar_Apparel_PeltCap</thingDef></li><li><records>
mpk1Qw==
</records><thingDef>Gunmar_Apparel_PeltMantle</thingDef></li><li><records>
ZmZ+Qg==
</records><thingDef>Gunmar_Apparel_PeltHandWraps</thingDef></li><li><records>
mpkNQw==
</records><thingDef>Gunmar_Apparel_PeltLeggings</thingDef></li><li><records>
rkexQg==
</records><thingDef>Gunmar_Apparel_PeltBoots</thingDef></li><li><records>
MzPLQg==
</records><thingDef>Gunmar_Apparel_SunshadePeltCap</thingDef></li><li><records>
mpk1Qw==
</records><thingDef>Gunmar_Apparel_SunshadePeltMantle</thingDef></li><li><records>
MzPLQg==
</records><thingDef>Gunmar_Apparel_WovenCap</thingDef></li><li><records>
mpk1Qw==
</records><thingDef>Gunmar_Apparel_WovenMantle</thingDef></li><li><records>
ZmZ+Qg==
</records><thingDef>Gunmar_Apparel_WovenHandWraps</thingDef></li><li><records>
mpkNQw==
</records><thingDef>Gunmar_Apparel_WovenLeggings</thingDef></li><li><records>
rkexQg==
</records><thingDef>Gunmar_Apparel_WovenFootWraps</thingDef></li><li><records>
AABrQw==
</records><thingDef>Gunmar_War_Bow</thingDef></li><li><records>
MzNzQg==
</records><thingDef>Apparel_KidTribalCape</thingDef></li><li><records>
mpmNQg==
</records><thingDef>Apparel_KidTribalCloak</thingDef></li><li><records>
zcy8Qg==
</records><thingDef>Apparel_KidTribalFurCloak</thingDef></li><li><records>
AAAKQw==
</records><thingDef>Apparel_TribalCape</thingDef></li><li><records>
AAAeQw==
</records><thingDef>Apparel_TribalCloak</thingDef></li><li><records>
mpk1Qw==
</records><thingDef>Apparel_TribalFurCloak</thingDef></li><li><records>
MzOOQg==
</records><thingDef>River_Tribal_sandals</thingDef></li><li><records>
rkeJQg==
</records><thingDef>River_Tribal_moccasins</thingDef></li><li><records>
AAAKQw==
</records><thingDef>River_Tribal_mukluks</thingDef></li><li><records>
AACeQg==
</records><thingDef>River_Tribal_mittens</thingDef></li><li><records>
ZmZGQA==
</records><thingDef>klvlt_SmokedFish</thingDef></li><li><records>
ZmZGQA==
</records><thingDef>Tam_SmokedMeat</thingDef></li><li><records>
ZmZGQA==
</records><thingDef>Tam_SmokedInsectMeat</thingDef></li><li><records>
ZmZGQA==
</records><thingDef>Tam_SmokedHumanMeat</thingDef></li><li><records>
ZmZGQA==
</records><thingDef>Tam_SmokedVeg</thingDef></li><li><records>
KVy7Qg==
</records><thingDef>Mallow_dress_shoes</thingDef></li><li><records>
AEBYRA==
</records><thingDef>Mallow_royal_shoes</thingDef></li><li><records>
rkcxQg==
</records><thingDef>Mallow_kid_shoes</thingDef></li><li><records>
PQo3Qg==
</records><thingDef>Mallow_kid_socks</thingDef></li><li><records>
zcwsQg==
</records><thingDef>Mallow_clogs</thingDef></li><li><records>
zcwsQg==
</records><thingDef>Mallow_wool_felt_boots</thingDef></li><li><records>
PQr3QQ==
</records><thingDef>Mallow_footwraps</thingDef></li><li><records>
PQpfQg==
</records><thingDef>Mallow_summer_socks</thingDef></li><li><records>
ZmaGQg==
</records><thingDef>Mallow_winter_socks</thingDef></li><li><records>
MzPzQg==
</records><thingDef>Mallow_riding_boots</thingDef></li><li><records>
ZmaaQg==
</records><thingDef>Mallow_stockings</thingDef></li><li><records>
AIAvQw==
</records><thingDef>Mallow_work_boots</thingDef></li><li><records>
uB5JQg==
</records><thingDef>Mallow_school_shoes</thingDef></li><li><records>
AICJQw==
</records><thingDef>Apparel_NepChildArmor</thingDef></li><li><records>
ZuYgQw==
</records><thingDef>Apparel_NepChildVest</thingDef></li><li><records>
AIA7RA==
</records><thingDef>Apparel_NepChildRecon</thingDef></li><li><records>
AADDQw==
</records><thingDef>Apparel_NepChildHelmetRecon</thingDef></li><li><records>
ZuY3Qw==
</records><thingDef>IF_MeditrainTable</thingDef></li><li><records>
UrgGQw==
</records><thingDef>IH_Apparel_InsulatedHelmet</thingDef></li><li><records>
AICYQw==
</records><thingDef>IH_Apparel_InsulatedFlakHelmet</thingDef></li><li><records>
AID8Qw==
</records><thingDef>Apparel_InsultatedPlateArmor</thingDef></li><li><records>
FK6aQg==
</records><thingDef>VFE_Scarecrow</thingDef></li><li><records>
H4XaQg==
</records><thingDef>VFE_Sprinkler</thingDef></li><li><records>
AOChRA==
</records><thingDef>yy_rocket_launcher</thingDef></li><li><records>
AOC/RA==
</records><thingDef>yy_defense_turret</thingDef></li><li><records>
AMAURA==
</records><thingDef>yy_towed_artillery</thingDef></li><li><records>
AID8Qw==
</records><thingDef>yy_autoblaster</thingDef></li><li><records>
AMAURA==
</records><thingDef>yy_fieldgun</thingDef></li><li><records>
AAAgQg==
</records><thingDef>Uranium_Shell</thingDef></li><li><records>
M7MVQw==
</records><thingDef>MedicalIV</thingDef></li><li><records>
pHA3Qw==
</records><thingDef>Canopy</thingDef></li><li><records>
2KN4Qg==
</records><thingDef>WoodenCanopy</thingDef></li><li><records>
AABNQw==
</records><thingDef>Teepee</thingDef></li><li><records>
AABNQw==
</records><thingDef>Tent</thingDef></li><li><records>
AABmQw==
</records><thingDef>VikingTent</thingDef></li><li><records>
AABrQw==
</records><thingDef>ModernTent</thingDef></li><li><records>
AABrQw==
</records><thingDef>FoldingTent</thingDef></li><li><records>
ZmZCQg==
</records><thingDef>CampingLuggages</thingDef></li><li><records>
Z2b+Qg==
</records><thingDef>WoodPile</thingDef></li><li><records>
Zmb+QQ==
</records><thingDef>FSFStoneTrapSpike</thingDef></li><li><records>
AICdQw==
</records><thingDef>GrenadeBouquet</thingDef></li><li><records>
AABcQw==
</records><thingDef>Turret_TeslaStunner</thingDef></li><li><records>
MzMnQg==
</records><thingDef>SmallShelf</thingDef></li><li><records>
MzMnQg==
</records><thingDef>OldSmallShelf</thingDef></li><li><records>
AACgQA==
</records><thingDef>LT_DoorMatLeather</thingDef></li><li><records>
AACgQA==
</records><thingDef>LT_DoorMatCheckerLeather</thingDef></li><li><records>
AAAAQQ==
</records><thingDef>LT_DoorMatBigLeather</thingDef></li><li><records>
AAAAQQ==
</records><thingDef>LT_DoorMatBigCheckerLeather</thingDef></li><li><records>
AACgQA==
</records><thingDef>LT_DoorMatRed</thingDef></li><li><records>
AACgQA==
</records><thingDef>LT_DoorMatOrange</thingDef></li><li><records>
AACgQA==
</records><thingDef>LT_DoorMatGreen</thingDef></li><li><records>
AACgQA==
</records><thingDef>LT_DoorMatTeal</thingDef></li><li><records>
AACgQA==
</records><thingDef>LT_DoorMatBlue</thingDef></li><li><records>
AAAAQQ==
</records><thingDef>LT_DoorMatBigRed</thingDef></li><li><records>
AAAAQQ==
</records><thingDef>LT_DoorMatBigOrange</thingDef></li><li><records>
AAAAQQ==
</records><thingDef>LT_DoorMatBigGreen</thingDef></li><li><records>
AAAAQQ==
</records><thingDef>LT_DoorMatBigTeal</thingDef></li><li><records>
AAAAQQ==
</records><thingDef>LT_DoorMatBigBlue</thingDef></li><li><records>
16P/Qg==
</records><thingDef>WDWoodFiredHeater</thingDef></li><li><records>
j0IhQw==
</records><thingDef>WDChemfuelPoweredHeater</thingDef></li><li><records>
AACvRA==
</records><thingDef>MechSerumYouth</thingDef></li><li><records>
AMAPRA==
</records><thingDef>RotR_ISR2GNew</thingDef></li><li><records>
AKAHRQ==
</records><thingDef>RotR_AISR2GNew</thingDef></li><li><records>
L93wQQ==
</records><thingDef>Museums_Bench_Small</thingDef></li><li><records>
L91wQg==
</records><thingDef>Museums_Bench_Medium</thingDef></li><li><records>
46W0Qg==
</records><thingDef>Museums_Bench_Large</thingDef></li><li><records>
AAAgQw==
</records><thingDef>BBLK_ChildrensBook</thingDef></li><li><records>
AAAgQw==
</records><thingDef>BBLK_ColoringBook</thingDef></li><li><records>
ZmYRQw==
</records><thingDef>PortablePolutionPoweredGenerator</thingDef></li><li><records>
7FHoQg==
</records><thingDef>EW_WasteTap</thingDef></li><li><records>
7FHoQg==
</records><thingDef>EW_WasteBin</thingDef></li><li><records>
AICiQw==
</records><thingDef>RockMill</thingDef></li><li><records>
7FGoQg==
</records><thingDef>CompostBarrel</thingDef></li><li><records>
QmCNQQ==
</records><thingDef>HeavySandbags</thingDef></li><li><records>
AADAQA==
</records><thingDef>Fertilizer</thingDef></li><li><records>
AACAPw==
</records><thingDef>CrushedRocks</thingDef></li><li><records>
AAAAQA==
</records><thingDef>PileofDirt</thingDef></li><li><records>
AACAPw==
</records><thingDef>SandPile</thingDef></li><li><records>
AAAAQA==
</records><thingDef>RFFClay</thingDef></li><li><records>
MzPzPw==
</records><thingDef>RFFBricks</thingDef></li><li><records>
AICOQw==
</records><thingDef>FPIndustrialBreaker</thingDef></li><li><records>
AOgjRg==
</records><thingDef>FPGWBreaker</thingDef></li><li><records>
AAB6Qw==
</records><thingDef>Jewelry_Bracelet</thingDef></li><li><records>
AAC0Qw==
</records><thingDef>Jewelry_Necklace</thingDef></li><li><records>
AAAWQw==
</records><thingDef>Jewelry_Ring</thingDef></li><li><records>
AAAgQw==
</records><thingDef>Jewelry_Earring</thingDef></li><li><records>
AAB6Qw==
</records><thingDef>Jewelry_EltexBracelet</thingDef></li><li><records>
AADhQw==
</records><thingDef>Jewelry_PsychicNecklace</thingDef></li><li><records>
AAAWQw==
</records><thingDef>Jewelry_EltexRing</thingDef></li><li><records>
AAAgQw==
</records><thingDef>Jewelry_EltexEarring</thingDef></li><li><records>
AAD/Qw==
</records><thingDef>LaserTableSculpting</thingDef></li><li><records>
AADwQA==
</records><thingDef>Diamond</thingDef></li><li><records>
AADAQA==
</records><thingDef>Ruby</thingDef></li><li><records>
AADAQA==
</records><thingDef>Sapphire</thingDef></li><li><records>
j8ITQw==
</records><thingDef>WallHeater</thingDef></li><li><records>
ZmYTQw==
</records><thingDef>WallCooler</thingDef></li><li><records>
ZmaaQg==
</records><thingDef>WYD_SlaveBelt</thingDef></li><li><records>
AAB6Qw==
</records><thingDef>RWE_Map</thingDef></li><li><records>
AAD6Qw==
</records><thingDef>VRecyclingE_LargePollutionPump</thingDef></li><li><records>
AABcQw==
</records><thingDef>VRecyclingE_PollutionFastPump</thingDef></li><li><records>
AABwQg==
</records><thingDef>VRecyclingE_WasteCrate</thingDef></li><li><records>
AICJQw==
</records><thingDef>VRecyclingE_RecyclingWorkbench</thingDef></li><li><records>
AIC2Qw==
</records><thingDef>VRecyclingE_ElectricRecyclingWorkbench</thingDef></li><li><records>
AABAQA==
</records><thingDef>VRecyclingE_ReclaimedBiopack</thingDef></li><li><records>
AACgQQ==
</records><thingDef>VRecyclingE_StabilizedAlloypack</thingDef></li><li><records>
AABAQA==
</records><thingDef>VRecyclingE_Trash</thingDef></li><li><records>
XI9iQQ==
</records><thingDef>BasicTrapPunji</thingDef></li><li><records>
NV4KQg==
</records><thingDef>PoisonTrapPunji</thingDef></li><li><records>
NDPTQA==
</records><thingDef>GlassPane</thingDef></li><li><records>
AKDrRA==
</records><thingDef>ManualMountainMiner</thingDef></li><li><records>
zczyQg==
</records><thingDef>XER_RoundShield</thingDef></li><li><records>
zcwoQw==
</records><thingDef>XER_HeaterShield</thingDef></li><li><records>
AICnQw==
</records><thingDef>XER_BallisticShield</thingDef></li><li><records>
AAAgQw==
</records><thingDef>ABooks_BookOfCondiments</thingDef></li><li><records>
AAAgQw==
</records><thingDef>ABooks_AberrantGrimoire</thingDef></li><li><records>
AAAgQw==
</records><thingDef>ABooks_PsycasterGuide</thingDef></li><li><records>
AAAgQw==
</records><thingDef>ABooks_HermeticMysteries</thingDef></li><li><records>
AAAgQw==
</records><thingDef>ABooks_ReligiousText</thingDef></li><li><records>
AAAgQw==
</records><thingDef>ABooks_AdventuringLogs</thingDef></li><li><records>
AAAgQw==
</records><thingDef>ABooks_ArmyManual</thingDef></li><li><records>
AAAgQw==
</records><thingDef>ABooks_BookOfPortents</thingDef></li><li><records>
AAAgQw==
</records><thingDef>ABooks_BotanicalCompendium</thingDef></li><li><records>
AAAgQw==
</records><thingDef>ABooks_TheChickenBook</thingDef></li><li><records>
AAAgQw==
</records><thingDef>ABooks_DurathreadTechniques</thingDef></li><li><records>
AAAgQw==
</records><thingDef>ABooks_InstructionManual</thingDef></li><li><records>
AAAgQw==
</records><thingDef>ABooks_LustySauridMaid</thingDef></li><li><records>
AAAgQw==
</records><thingDef>ABooks_MedicalJournal</thingDef></li><li><records>
AAAgQw==
</records><thingDef>ABooks_MidasTome</thingDef></li><li><records>
AAAgQw==
</records><thingDef>ABooks_OfficeBinder</thingDef></li><li><records>
AAAgQw==
</records><thingDef>ABooks_PoliticalPamphlet</thingDef></li><li><records>
AAAgQw==
</records><thingDef>ABooks_PsychologyBook</thingDef></li><li><records>
AAAgQw==
</records><thingDef>ABooks_RestaurantGuide</thingDef></li><li><records>
AAAAQA==
</records><thingDef>ABooks_RuinedBook</thingDef></li><li><records>
AAAAQA==
</records><thingDef>ABooks_BurnedBook</thingDef></li><li><records>
AAAgQw==
</records><thingDef>ABooks_SelfHelpBook</thingDef></li><li><records>
AAAgQw==
</records><thingDef>ABooks_SurvivalGuide</thingDef></li><li><records>
AAAgQw==
</records><thingDef>ABooks_TomeOfFire</thingDef></li><li><records>
AAAgQw==
</records><thingDef>ABooks_TrainingManual</thingDef></li><li><records>
AAAgQw==
</records><thingDef>ABooks_TreatiseOfStainlessSteel</thingDef></li><li><records>
AAAgQw==
</records><thingDef>ABooks_TynansBook</thingDef></li><li><records>
AAAgQw==
</records><thingDef>ABooks_ZoologicalCompendium</thingDef></li><li><records>
mplzQg==
</records><thingDef>ABooks_BookPlinth</thingDef></li><li><records>
AACAQA==
</records><thingDef>ABooks_StainlessSteel</thingDef></li><li><records>
AAAwQA==
</records><thingDef>ABooks_Durathread</thingDef></li><li><records>
MzMvQw==
</records><thingDef>Apparel_SimpleVest</thingDef></li><li><records>
AAB1Qw==
</records><thingDef>TA_Pike</thingDef></li><li><records>
AAB/Qw==
</records><thingDef>TA_MailleShirt</thingDef></li><li><records>
ZmYpQw==
</records><thingDef>TA_MailleVest</thingDef></li><li><records>
zcxGQw==
</records><thingDef>TA_CloakClosed</thingDef></li><li><records>
zcxGQw==
</records><thingDef>TA_CloakSemi</thingDef></li><li><records>
zcxGQw==
</records><thingDef>TA_CloakOpen</thingDef></li><li><records>
AADsQg==
</records><thingDef>TA_KidCloak</thingDef></li><li><records>
zcw8Qg==
</records><thingDef>TA_KidHood</thingDef></li><li><records>
AACyQg==
</records><thingDef>TA_PeasantTunic</thingDef></li><li><records>
mpmpQg==
</records><thingDef>TA_KidDress</thingDef></li><li><records>
AAClQw==
</records><thingDef>TA_BannerSpear_BurgundyCross</thingDef></li><li><records>
AAClQw==
</records><thingDef>TA_BannerSpear_Dutch</thingDef></li><li><records>
AAClQw==
</records><thingDef>TA_BannerSpear_FleurDeLis</thingDef></li><li><records>
AAClQw==
</records><thingDef>TA_BannerSpear_HRE</thingDef></li><li><records>
AAClQw==
</records><thingDef>TA_BannerSpear_Muscovite</thingDef></li><li><records>
AAClQw==
</records><thingDef>TA_BannerSpear_Ottoman</thingDef></li><li><records>
AAClQw==
</records><thingDef>TA_BannerSpear_PLCommonwealth</thingDef></li><li><records>
AAClQw==
</records><thingDef>TA_BannerSpear_StAndrewCross</thingDef></li><li><records>
AAClQw==
</records><thingDef>TA_BannerSpear_StGeorgeCross</thingDef></li><li><records>
AAClQw==
</records><thingDef>TA_BannerSpear_Swede</thingDef></li><li><records>
AACRQw==
</records><thingDef>TA_Bardiche</thingDef></li><li><records>
AABIQw==
</records><thingDef>TA_BoardingAxe</thingDef></li><li><records>
AACRQw==
</records><thingDef>TA_Halberd</thingDef></li><li><records>
AAASQw==
</records><thingDef>TA_Hanger</thingDef></li><li><records>
AABmQw==
</records><thingDef>TA_Rapier</thingDef></li><li><records>
AABIQw==
</records><thingDef>TA_HussarSaber</thingDef></li><li><records>
AABmQw==
</records><thingDef>TA_Sidesword</thingDef></li><li><records>
AAASQw==
</records><thingDef>TA_WarPick</thingDef></li><li><records>
AAASQw==
</records><thingDef>TA_Yatagan</thingDef></li><li><records>
AAClQw==
</records><thingDef>TA_Zweihander</thingDef></li><li><records>
zUwdQw==
</records><thingDef>TA_Arquebus</thingDef></li><li><records>
AABNQw==
</records><thingDef>TA_MilitaryMusket</thingDef></li><li><records>
MzMvQw==
</records><thingDef>TA_OttomanMiquelet</thingDef></li><li><records>
AABIQw==
</records><thingDef>TA_SnaphaunceRifle</thingDef></li><li><records>
AADkQg==
</records><thingDef>TA_TurkBow</thingDef></li><li><records>
MzMWQw==
</records><thingDef>TA_WheellockCarbine</thingDef></li><li><records>
AIDZQw==
</records><thingDef>TA_WheellockHandMortar</thingDef></li><li><records>
MzO6Qg==
</records><thingDef>TA_WheellockPistol</thingDef></li><li><records>
mplGQw==
</records><thingDef>TA_WarScytheWeapon</thingDef></li><li><records>
ZmaqQg==
</records><thingDef>TA_Bazubands</thingDef></li><li><records>
AABoQg==
</records><thingDef>TA_Gauntlets</thingDef></li><li><records>
mpmfQg==
</records><thingDef>TA_HussarWings</thingDef></li><li><records>
ZmbiQg==
</records><thingDef>TA_MusketeerBandolier</thingDef></li><li><records>
AADBQg==
</records><thingDef>TA_RapierBaldrick</thingDef></li><li><records>
AADpQg==
</records><thingDef>TA_RapierSash</thingDef></li><li><records>
AACGQg==
</records><thingDef>TA_HussarSaberScabbard</thingDef></li><li><records>
AABoQg==
</records><thingDef>TM_SashBelt</thingDef></li><li><records>
AACwQg==
</records><thingDef>TA_TallBoots</thingDef></li><li><records>
AACcQg==
</records><thingDef>TA_TallGloves</thingDef></li><li><records>
AICYQw==
</records><thingDef>TA_BuffCoat</thingDef></li><li><records>
ZmYsQw==
</records><thingDef>TA_BuffVest</thingDef></li><li><records>
AAA4Qw==
</records><thingDef>TA_Cuirass</thingDef></li><li><records>
MzMjQg==
</records><thingDef>TA_Gorget</thingDef></li><li><records>
AAAuQw==
</records><thingDef>TA_Krug</thingDef></li><li><records>
AICOQw==
</records><thingDef>TA_PaddedDoublet</thingDef></li><li><records>
ZmYZQw==
</records><thingDef>TA_PaddedVest</thingDef></li><li><records>
AACCQw==
</records><thingDef>TA_PikemanPlate</thingDef></li><li><records>
AAD6Qw==
</records><thingDef>TA_ThreeQuartersPlate</thingDef></li><li><records>
AIDeQw==
</records><thingDef>TA_Yushman</thingDef></li><li><records>
ZmZAQw==
</records><thingDef>TA_CassockClosed</thingDef></li><li><records>
ZmZAQw==
</records><thingDef>TA_CassockShoulder</thingDef></li><li><records>
Zmb8Qg==
</records><thingDef>TA_Doublet</thingDef></li><li><records>
Zmb8Qg==
</records><thingDef>TA_DoubletVest</thingDef></li><li><records>
ZmZAQw==
</records><thingDef>TA_LongcoatClosed</thingDef></li><li><records>
ZmZAQw==
</records><thingDef>TA_LongcoatOpen</thingDef></li><li><records>
MzO5Qg==
</records><thingDef>TA_ShirtSashBelt</thingDef></li><li><records>
MzO5Qg==
</records><thingDef>TA_ShirtSashBeltWhite</thingDef></li><li><records>
zcw8Qg==
</records><thingDef>TA_FeltHat</thingDef></li><li><records>
ZmZ2Qg==
</records><thingDef>TA_HatCavalier</thingDef></li><li><records>
AABsQg==
</records><thingDef>TA_MusketeerHat</thingDef></li><li><records>
AADWQg==
</records><thingDef>TA_LandsknechtHat</thingDef></li><li><records>
zcw8Qg==
</records><thingDef>TA_Bonnet</thingDef></li><li><records>
mpmVQg==
</records><thingDef>TA_Turban</thingDef></li><li><records>
mpmVQg==
</records><thingDef>TA_TurbanWhite</thingDef></li><li><records>
zczOQg==
</records><thingDef>TA_JanissaryHat</thingDef></li><li><records>
zcw8Qg==
</records><thingDef>TA_FurCap</thingDef></li><li><records>
zcySQg==
</records><thingDef>TA_NobleFurCap</thingDef></li><li><records>
mpnxQg==
</records><thingDef>TA_Burgonet</thingDef></li><li><records>
zcwZQw==
</records><thingDef>TA_BurgonetVisored_off</thingDef></li><li><records>
zcwZQw==
</records><thingDef>TA_BurgonetVisored_on</thingDef></li><li><records>
AAA6Qw==
</records><thingDef>TA_CloseHelmet_off</thingDef></li><li><records>
AAA6Qw==
</records><thingDef>TA_CloseHelmet_on</thingDef></li><li><records>
MzMGQw==
</records><thingDef>TA_LobstertailHelmet</thingDef></li><li><records>
MzMGQw==
</records><thingDef>TA_HussarHelmet</thingDef></li><li><records>
MzMGQw==
</records><thingDef>TA_SipahiHelmet</thingDef></li><li><records>
zcyUQg==
</records><thingDef>TA_Morion</thingDef></li><li><records>
zcyUQg==
</records><thingDef>TA_Cabasset</thingDef></li><li><records>
AABQQQ==
</records><thingDef>CM_Tradeable_Trinkets_Thing_Trinket_Tribal</thingDef></li><li><records>
AABQQQ==
</records><thingDef>CM_Tradeable_Trinkets_Thing_Trinket_Doll</thingDef></li><li><records>
AACIQg==
</records><thingDef>CM_Tradeable_Trinkets_Thing_Trinket_Industrial</thingDef></li><li><records>
AIDAQw==
</records><thingDef>CM_Tradeable_Trinkets_Thing_Trinket_Spacer</thingDef></li><li><records>
AACAQA==
</records><thingDef>TradeGoodsCheap</thingDef></li><li><records>
AADAQA==
</records><thingDef>TradeGoodsCustom</thingDef></li><li><records>
AAAgQQ==
</records><thingDef>TradeGoodsSimple</thingDef></li><li><records>
AACIQQ==
</records><thingDef>TradeGoodsAdvanced</thingDef></li><li><records>
AACCRA==
</records><thingDef>BS_BionicStriderLeg</thingDef></li><li><records>
APAWRQ==
</records><thingDef>BS_BionicLocomotiveSpine</thingDef></li><li><records>
j8LdQg==
</records><thingDef>BS_AndroidFuelRefinery</thingDef></li><li><records>
AACAQQ==
</records><thingDef>BS_AndroidFuel</thingDef></li><li><records>
AACCQw==
</records><thingDef>BS_AndroidChargingStation</thingDef></li><li><records>
j8JNQg==
</records><thingDef>AM_CubicCrib</thingDef></li><li><records>
SOGaPw==
</records><thingDef>VCE_Ketchup</thingDef></li><li><records>
SOGaPw==
</records><thingDef>VCE_HotSauce</thingDef></li><li><records>
AADQQA==
</records><thingDef>VCEF_Crayfish</thingDef></li><li><records>
AADQQA==
</records><thingDef>VCEF_ButterFish</thingDef></li><li><records>
AADQQA==
</records><thingDef>VCEF_FreshwaterStingray</thingDef></li><li><records>
AADQQA==
</records><thingDef>VCEF_FlyingFish</thingDef></li><li><records>
AADQQA==
</records><thingDef>VCEF_Arapaima</thingDef></li><li><records>
AADQQA==
</records><thingDef>VCEF_ShortfinMakoShark</thingDef></li><li><records>
AMDaRA==
</records><thingDef>G_CentaurFourArm</thingDef></li><li><records>
AMDaRA==
</records><thingDef>G_CentaurFourArmWinged</thingDef></li><li><records>
AMDaRA==
</records><thingDef>G_CentaurSixArm</thingDef></li><li><records>
AMDaRA==
</records><thingDef>G_CentaurSixArmWinged</thingDef></li><li><records>
AMDaRA==
</records><thingDef>G_CentaurWinged</thingDef></li><li><records>
AMDaRA==
</records><thingDef>G_SnekFourArm</thingDef></li><li><records>
AMDaRA==
</records><thingDef>G_SnekFourArmWinged</thingDef></li><li><records>
AMDaRA==
</records><thingDef>G_SnekSixArm</thingDef></li><li><records>
AMDaRA==
</records><thingDef>G_SnekSixArmWinged</thingDef></li><li><records>
AMDaRA==
</records><thingDef>G_SnekWinged</thingDef></li><li><records>
AMDaRA==
</records><thingDef>G_SpooderFourArm</thingDef></li><li><records>
AMDaRA==
</records><thingDef>G_SpooderFourArmWinged</thingDef></li><li><records>
AMDaRA==
</records><thingDef>G_SpooderSixArm</thingDef></li><li><records>
AMDaRA==
</records><thingDef>G_SpooderSixArmWinged</thingDef></li><li><records>
AMDaRA==
</records><thingDef>G_SpooderWinged</thingDef></li><li><records>
AMDaRA==
</records><thingDef>G_FourArmTailed</thingDef></li><li><records>
AMDaRA==
</records><thingDef>G_FourArmTailedWinged</thingDef></li><li><records>
AMDaRA==
</records><thingDef>G_FourArmWinged</thingDef></li><li><records>
AMDaRA==
</records><thingDef>G_SixArmTailed</thingDef></li><li><records>
AMDaRA==
</records><thingDef>G_SixArmTailedWinged</thingDef></li><li><records>
AMDaRA==
</records><thingDef>G_SixArmWinged</thingDef></li><li><records>
AMDaRA==
</records><thingDef>G_TailedWinged</thingDef></li><li><records>
AEAcRQ==
</records><thingDef>M_MechaCentaurFourArm</thingDef></li><li><records>
AEAcRQ==
</records><thingDef>M_MechaCentaurFourArmWinged</thingDef></li><li><records>
AEAcRQ==
</records><thingDef>M_MechaCentaurSixArm</thingDef></li><li><records>
AEAcRQ==
</records><thingDef>M_MechaCentaurSixArmWinged</thingDef></li><li><records>
AEAcRQ==
</records><thingDef>M_MechaCentaurWinged</thingDef></li><li><records>
AEAcRQ==
</records><thingDef>M_MechaSnekFourArm</thingDef></li><li><records>
AEAcRQ==
</records><thingDef>M_MechaSnekFourArmWinged</thingDef></li><li><records>
AEAcRQ==
</records><thingDef>M_MechaSnekSixArm</thingDef></li><li><records>
AEAcRQ==
</records><thingDef>M_MechaSnekSixArmWinged</thingDef></li><li><records>
AEAcRQ==
</records><thingDef>M_MechaSnekWinged</thingDef></li><li><records>
AEAcRQ==
</records><thingDef>M_MechaSpooderFourArm</thingDef></li><li><records>
AEAcRQ==
</records><thingDef>M_MechaSpooderFourArmWinged</thingDef></li><li><records>
AEAcRQ==
</records><thingDef>M_MechaSpooderSixArm</thingDef></li><li><records>
AEAcRQ==
</records><thingDef>M_MechaSpooderSixArmWinged</thingDef></li><li><records>
AEAcRQ==
</records><thingDef>M_MechaSpooderWinged</thingDef></li><li><records>
AEAcRQ==
</records><thingDef>M_MechaFourArmTailed</thingDef></li><li><records>
AEAcRQ==
</records><thingDef>M_MechaFourArmTailedWinged</thingDef></li><li><records>
AEAcRQ==
</records><thingDef>M_MechaFourArmWinged</thingDef></li><li><records>
AEAcRQ==
</records><thingDef>M_MechaSixArmTailed</thingDef></li><li><records>
AEAcRQ==
</records><thingDef>M_MechaSixArmTailedWinged</thingDef></li><li><records>
AEAcRQ==
</records><thingDef>M_MechaSixArmWinged</thingDef></li><li><records>
AEAcRQ==
</records><thingDef>M_MechaTailedWinged</thingDef></li><li><records>
AEAcRQ==
</records><thingDef>M_MechaCentaur</thingDef></li><li><records>
AEAcRQ==
</records><thingDef>M_MechaSnek</thingDef></li><li><records>
AEAcRQ==
</records><thingDef>M_MechaSpooder</thingDef></li><li><records>
AEAcRQ==
</records><thingDef>M_MechaFourArm</thingDef></li><li><records>
AEAcRQ==
</records><thingDef>M_MechaSixArm</thingDef></li><li><records>
AEAcRQ==
</records><thingDef>M_MechaTailed</thingDef></li><li><records>
AEAcRQ==
</records><thingDef>M_MechaWinged</thingDef></li><li><records>
AAAAQA==
</records><thingDef>Meat_Bear_Grizzly</thingDef></li><li><records>
AAAAQA==
</records><thingDef>Meat_Cassowary</thingDef></li><li><records>
AAAAQA==
</records><thingDef>Meat_Cougar</thingDef></li><li><records>
AAAAQA==
</records><thingDef>Meat_Panther</thingDef></li><li><records>
AAAAQA==
</records><thingDef>Meat_Lynx</thingDef></li><li><records>
AAAAQA==
</records><thingDef>Meat_Cat</thingDef></li><li><records>
AAAAQA==
</records><thingDef>Meat_YorkshireTerrier</thingDef></li><li><records>
AAAAQA==
</records><thingDef>Meat_GuineaPig</thingDef></li><li><records>
AAAAQA==
</records><thingDef>Meat_LabradorRetriever</thingDef></li><li><records>
AAAAQA==
</records><thingDef>Meat_Husky</thingDef></li><li><records>
AAAAQA==
</records><thingDef>Meat_Monkey</thingDef></li><li><records>
AAAAQA==
</records><thingDef>Meat_Chicken</thingDef></li><li><records>
AAAAQA==
</records><thingDef>Meat_Duck</thingDef></li><li><records>
AAAAQA==
</records><thingDef>Meat_Turkey</thingDef></li><li><records>
AAAAQA==
</records><thingDef>Meat_Cow</thingDef></li><li><records>
AAAAQA==
</records><thingDef>Meat_Boomalope</thingDef></li><li><records>
AAAAQA==
</records><thingDef>Meat_Muffalo</thingDef></li><li><records>
AAAAQA==
</records><thingDef>Meat_Bison</thingDef></li><li><records>
AAAAQA==
</records><thingDef>Meat_Dromedary</thingDef></li><li><records>
AAAAQA==
</records><thingDef>Meat_Goat</thingDef></li><li><records>
AAAAQA==
</records><thingDef>Meat_Elk</thingDef></li><li><records>
AAAAQA==
</records><thingDef>Meat_Yak</thingDef></li><li><records>
AAAAQA==
</records><thingDef>Meat_Caribou</thingDef></li><li><records>
AAAAQA==
</records><thingDef>Meat_Horse</thingDef></li><li><records>
AAAAQA==
</records><thingDef>Meat_Donkey</thingDef></li><li><records>
AAAAQA==
</records><thingDef>Meat_Elephant</thingDef></li><li><records>
AAAAQA==
</records><thingDef>Meat_Rhinoceros</thingDef></li><li><records>
AAAAQA==
</records><thingDef>Meat_Hare</thingDef></li><li><records>
AAAAPw==
</records><thingDef>Meat_Megaspider</thingDef></li><li><records>
AAAAQA==
</records><thingDef>Meat_Thrumbo</thingDef></li><li><records>
AAAAQA==
</records><thingDef>Meat_Cobra</thingDef></li><li><records>
AAAAQA==
</records><thingDef>Meat_Tortoise</thingDef></li><li><records>
AAAAQA==
</records><thingDef>Meat_Alphabeaver</thingDef></li><li><records>
AAAAQA==
</records><thingDef>Meat_Pig</thingDef></li><li><records>
AAAAQA==
</records><thingDef>Meat_Ibex</thingDef></li><li><records>
AAAAQA==
</records><thingDef>Meat_Deer</thingDef></li><li><records>
AAAAQA==
</records><thingDef>Meat_Gazelle</thingDef></li><li><records>
AAAAQA==
</records><thingDef>Meat_Chinchilla</thingDef></li><li><records>
AAAAQA==
</records><thingDef>Meat_Sheep</thingDef></li><li><records>
AAAAQA==
</records><thingDef>Meat_Alpaca</thingDef></li><li><records>
AAAAQA==
</records><thingDef>Meat_Megasloth</thingDef></li><li><records>
AAAAQA==
</records><thingDef>Meat_Capybara</thingDef></li><li><records>
AAAAQA==
</records><thingDef>Meat_Squirrel</thingDef></li><li><records>
AAAAQA==
</records><thingDef>Meat_Rat</thingDef></li><li><records>
AAAAQA==
</records><thingDef>Meat_Boomrat</thingDef></li><li><records>
AAAAQA==
</records><thingDef>Meat_Raccoon</thingDef></li><li><records>
AAAAQA==
</records><thingDef>Meat_Iguana</thingDef></li><li><records>
AAAAQA==
</records><thingDef>Meat_Warg</thingDef></li><li><records>
AAAAQA==
</records><thingDef>Meat_Wolf_Timber</thingDef></li><li><records>
AAAAQA==
</records><thingDef>Meat_Fox_Fennec</thingDef></li><li><records>
zcxMPw==
</records><thingDef>Meat_Human</thingDef></li><li><records>
AAAAQA==
</records><thingDef>Meat_Dryad_Basic</thingDef></li><li><records>
AAAAQA==
</records><thingDef>Meat_WasteRat</thingDef></li><li><records>
AAAAQA==
</records><thingDef>Meat_Toxalope</thingDef></li><li><records>
AAAAQA==
</records><thingDef>Meat_BogHound</thingDef></li><li><records>
AAAAQA==
</records><thingDef>Meat_MonitorLizard</thingDef></li><li><records>
AAAAQA==
</records><thingDef>Meat_PrairieDog</thingDef></li><li><records>
AAAAQA==
</records><thingDef>Meat_Porcupine</thingDef></li><li><records>
AAAAQA==
</records><thingDef>Meat_Mastodon</thingDef></li><li><records>
AAAAQA==
</records><thingDef>Meat_Cat_Scimitar</thingDef></li><li><records>
AAAAQA==
</records><thingDef>Meat_Wolverine</thingDef></li><li><records>
AAAAQA==
</records><thingDef>Meat_Wolf_Great</thingDef></li><li><records>
AAAAQA==
</records><thingDef>Meat_Moose</thingDef></li><li><records>
AAAAQA==
</records><thingDef>Meat_AlphaThrumbo</thingDef></li><li><records>
AAAAQA==
</records><thingDef>Meat_Muskox</thingDef></li><li><records>
AAAAQA==
</records><thingDef>Meat_Tiger</thingDef></li><li><records>
AAAAQA==
</records><thingDef>Meat_Mink</thingDef></li><li><records>
AAAAQA==
</records><thingDef>Meat_Gorilla</thingDef></li><li><records>
AAAAQA==
</records><thingDef>Meat_Badger</thingDef></li><li><records>
AAAAQA==
</records><thingDef>Meat_Panda</thingDef></li><li><records>
AAAAQA==
</records><thingDef>Meat_Hippo</thingDef></li><li><records>
AAAAQA==
</records><thingDef>Meat_Megavole</thingDef></li><li><records>
AAAAQA==
</records><thingDef>Meat_Armadillo</thingDef></li><li><records>
AAAAQA==
</records><thingDef>Meat_Alligator</thingDef></li><li><records>
AAAAQA==
</records><thingDef>Meat_Bullfrog</thingDef></li><li><records>
AAAAQA==
</records><thingDef>Meat_ColossusToad</thingDef></li><li><records>
AAAAQA==
</records><thingDef>Meat_LavaSnail</thingDef></li><li><records>
AAAAQA==
</records><thingDef>Meat_Walrus</thingDef></li><li><records>
AAAAQA==
</records><thingDef>Meat_SeaLion</thingDef></li><li><records>
AAAAQA==
</records><thingDef>Meat_Seal</thingDef></li><li><records>
AAAAQA==
</records><thingDef>Meat_HermitCrab</thingDef></li><li><records>
AAAAQA==
</records><thingDef>Meat_StoneCrab</thingDef></li><li><records>
AAAAQA==
</records><thingDef>Meat_SeaTurtle</thingDef></li><li><records>
AAAAQA==
</records><thingDef>Meat_Otter</thingDef></li><li><records>
AAAAQA==
</records><thingDef>Meat_AA_ArcticLion</thingDef></li><li><records>
AAAAQA==
</records><thingDef>Meat_AA_Atispec</thingDef></li><li><records>
AAAAQA==
</records><thingDef>Meat_AA_Behemoth</thingDef></li><li><records>
AAAAQA==
</records><thingDef>Meat_AA_BoulderMit</thingDef></li><li><records>
AAAAQA==
</records><thingDef>Meat_AA_DevilSheep</thingDef></li><li><records>
AAAAQA==
</records><thingDef>Meat_AA_Frostling</thingDef></li><li><records>
AAAAQA==
</records><thingDef>Meat_AA_Gallatross</thingDef></li><li><records>
AAAAQA==
</records><thingDef>Meat_AA_Gigantelope</thingDef></li><li><records>
AAAAQA==
</records><thingDef>Meat_AA_Groundrunner</thingDef></li><li><records>
AAAAQA==
</records><thingDef>Meat_AA_Helixien</thingDef></li><li><records>
AAAAQA==
</records><thingDef>Meat_AA_MeadowAve</thingDef></li><li><records>
AAAAQA==
</records><thingDef>Meat_AA_NightMule</thingDef></li><li><records>
AAAAQA==
</records><thingDef>Meat_AA_Nightling</thingDef></li><li><records>
AAAAQA==
</records><thingDef>Meat_AA_OvergrownColossus</thingDef></li><li><records>
AAAAQA==
</records><thingDef>Meat_AA_RaptorShrimp</thingDef></li><li><records>
AAAAQA==
</records><thingDef>Meat_AA_Razorjack</thingDef></li><li><records>
AAAAQA==
</records><thingDef>Meat_AA_RipperHound</thingDef></li><li><records>
AAAAQA==
</records><thingDef>Meat_AA_RoughPlatedMonitor</thingDef></li><li><records>
AAAAQA==
</records><thingDef>Meat_AA_SandSquid</thingDef></li><li><records>
AAAAQA==
</records><thingDef>Meat_AA_Skyeel</thingDef></li><li><records>
AAAAQA==
</records><thingDef>Meat_AEXP_Giraffe</thingDef></li><li><records>
AAAAQA==
</records><thingDef>Meat_AEXP_Crocodile</thingDef></li><li><records>
AAAAQA==
</records><thingDef>Meat_AEXP_Cheetah</thingDef></li><li><records>
AAAAQA==
</records><thingDef>Meat_AEXP_Kangaroo</thingDef></li><li><records>
AAAAQA==
</records><thingDef>Meat_AEXP_Koala</thingDef></li><li><records>
AAAAQA==
</records><thingDef>Meat_AEXP_Platypus</thingDef></li><li><records>
AAAAQA==
</records><thingDef>Meat_AEXP_Hyena</thingDef></li><li><records>
AAAAQA==
</records><thingDef>Meat_AEXP_Lion</thingDef></li><li><records>
AAAAQA==
</records><thingDef>Meat_AEXP_Beagle</thingDef></li><li><records>
AAAAQA==
</records><thingDef>Meat_AEXP_RedPanda</thingDef></li><li><records>
AAAAQA==
</records><thingDef>Meat_AEXP_Hedgehog</thingDef></li><li><records>
AAAAQA==
</records><thingDef>Meat_AEXP_Jaguar</thingDef></li><li><records>
AAAAQA==
</records><thingDef>Meat_AEXP_Lemur</thingDef></li><li><records>
AAAAQA==
</records><thingDef>Meat_AEXP_MegaWolverine</thingDef></li><li><records>
AIA7RQ==
</records><thingDef>Techprint_CataphractArmor</thingDef></li><li><records>
AAD6RA==
</records><thingDef>Techprint_JumpPack</thingDef></li><li><records>
AAB6RA==
</records><thingDef>Techprint_BrainWiring</thingDef></li><li><records>
AAB6RA==
</records><thingDef>Techprint_SpecializedLimbs</thingDef></li><li><records>
AAB6RA==
</records><thingDef>Techprint_CompactWeaponry</thingDef></li><li><records>
AAB6RA==
</records><thingDef>Techprint_VenomSynthesis</thingDef></li><li><records>
AAD6RA==
</records><thingDef>Techprint_ArtificialMetabolism</thingDef></li><li><records>
AAD6RA==
</records><thingDef>Techprint_NeuralComputation</thingDef></li><li><records>
AAD6RA==
</records><thingDef>Techprint_SkinHardening</thingDef></li><li><records>
AAD6RA==
</records><thingDef>Techprint_HealingFactors</thingDef></li><li><records>
AAD6RA==
</records><thingDef>Techprint_FleshShaping</thingDef></li><li><records>
AAD6RA==
</records><thingDef>Techprint_MolecularAnalysis</thingDef></li><li><records>
AAD6RA==
</records><thingDef>Techprint_CircadianInfluence</thingDef></li><li><records>
AAB6RA==
</records><thingDef>Techprint_XR_Orkish_Lore</thingDef></li><li><records>
AMDaRA==
</records><thingDef>Techprint_Biopsylink</thingDef></li><li><records>
AIA7RA==
</records><thingDef>Neurotrainer_Shooting</thingDef></li><li><records>
AIA7RA==
</records><thingDef>Neurotrainer_Melee</thingDef></li><li><records>
AIA7RA==
</records><thingDef>Neurotrainer_Construction</thingDef></li><li><records>
AIA7RA==
</records><thingDef>Neurotrainer_Mining</thingDef></li><li><records>
AIA7RA==
</records><thingDef>Neurotrainer_Cooking</thingDef></li><li><records>
AIA7RA==
</records><thingDef>Neurotrainer_Plants</thingDef></li><li><records>
AIA7RA==
</records><thingDef>Neurotrainer_Animals</thingDef></li><li><records>
AIA7RA==
</records><thingDef>Neurotrainer_Crafting</thingDef></li><li><records>
AIA7RA==
</records><thingDef>Neurotrainer_Artistic</thingDef></li><li><records>
AIA7RA==
</records><thingDef>Neurotrainer_Medicine</thingDef></li><li><records>
AIA7RA==
</records><thingDef>Neurotrainer_Social</thingDef></li><li><records>
AIA7RA==
</records><thingDef>Neurotrainer_Intellectual</thingDef></li><li><records>
AABIRA==
</records><thingDef>Psytrainer_VPE_WordofTrust</thingDef></li><li><records>
AICJRA==
</records><thingDef>Psytrainer_VPE_WordofProductivity</thingDef></li><li><records>
AICJRA==
</records><thingDef>Psytrainer_VPE_BlindingPulse</thingDef></li><li><records>
AACvRA==
</records><thingDef>Psytrainer_VPE_WordofAlliance</thingDef></li><li><records>
AACvRA==
</records><thingDef>Psytrainer_VPE_GroupLink</thingDef></li><li><records>
AACvRA==
</records><thingDef>Psytrainer_VPE_WordofPain</thingDef></li><li><records>
AIDURA==
</records><thingDef>Psytrainer_VPE_MindBreak</thingDef></li><li><records>
AIDURA==
</records><thingDef>Psytrainer_VPE_WordofProtection</thingDef></li><li><records>
AAD6RA==
</records><thingDef>Psytrainer_VPE_DrainPsyessence</thingDef></li><li><records>
AAD6RA==
</records><thingDef>Psytrainer_VPE_MassHallucination</thingDef></li><li><records>
AABIRA==
</records><thingDef>Psytrainer_VPE_Burden</thingDef></li><li><records>
AABIRA==
</records><thingDef>Psytrainer_VPE_Stun</thingDef></li><li><records>
AICJRA==
</records><thingDef>Psytrainer_VPE_PsychicShock</thingDef></li><li><records>
AICJRA==
</records><thingDef>Psytrainer_VPE_NeuralHeatDump</thingDef></li><li><records>
AACvRA==
</records><thingDef>Psytrainer_VPE_Berserk</thingDef></li><li><records>
AACvRA==
</records><thingDef>Psytrainer_VPE_AggressiveHeatDump</thingDef></li><li><records>
AIDURA==
</records><thingDef>Psytrainer_VPE_BerserkPulse</thingDef></li><li><records>
AIDURA==
</records><thingDef>Psytrainer_VPE_PsychicDrone</thingDef></li><li><records>
AIDURA==
</records><thingDef>Psytrainer_VPE_NeuralHeatDetonation</thingDef></li><li><records>
AAD6RA==
</records><thingDef>Psytrainer_VPE_Neuroquake</thingDef></li><li><records>
AABIRA==
</records><thingDef>Psytrainer_VPE_PlantTimeskip</thingDef></li><li><records>
AABIRA==
</records><thingDef>Psytrainer_VPE_TimeskipMeditation</thingDef></li><li><records>
AABIRA==
</records><thingDef>Psytrainer_VPE_WordofForetelling</thingDef></li><li><records>
AICJRA==
</records><thingDef>Psytrainer_VPE_CraftTimeskip</thingDef></li><li><records>
AICJRA==
</records><thingDef>Psytrainer_VPE_Age</thingDef></li><li><records>
AIDURA==
</records><thingDef>Psytrainer_VPE_RaidPause</thingDef></li><li><records>
AIDURA==
</records><thingDef>Psytrainer_VPE_SeasonTimeskip</thingDef></li><li><records>
AAD6RA==
</records><thingDef>Psytrainer_VPE_TimeSphere</thingDef></li><li><records>
AAD6RA==
</records><thingDef>Psytrainer_VPE_TimeReversal</thingDef></li><li><records>
AAD6RA==
</records><thingDef>Psytrainer_VPE_Timequake</thingDef></li><li><records>
AABIRA==
</records><thingDef>Psytrainer_VPE_Flameball</thingDef></li><li><records>
AICJRA==
</records><thingDef>Psytrainer_VPE_SelfExplosion</thingDef></li><li><records>
AACvRA==
</records><thingDef>Psytrainer_VPE_Explosion</thingDef></li><li><records>
AACvRA==
</records><thingDef>Psytrainer_VPE_FireShield</thingDef></li><li><records>
AACvRA==
</records><thingDef>Psytrainer_VPE_BreatheFlame</thingDef></li><li><records>
AIDURA==
</records><thingDef>Psytrainer_VPE_EyeBlast</thingDef></li><li><records>
AIDURA==
</records><thingDef>Psytrainer_VPE_QuenchFlames</thingDef></li><li><records>
AIDURA==
</records><thingDef>Psytrainer_VPE_MeteorShower</thingDef></li><li><records>
AAD6RA==
</records><thingDef>Psytrainer_VPE_FireBeam</thingDef></li><li><records>
AAD6RA==
</records><thingDef>Psytrainer_VPE_FlameTornado</thingDef></li><li><records>
AABIRA==
</records><thingDef>Psytrainer_VPE_WordofJoy</thingDef></li><li><records>
AICJRA==
</records><thingDef>Psytrainer_VPE_WordofLove</thingDef></li><li><records>
AICJRA==
</records><thingDef>Psytrainer_VPE_WordofSerenity</thingDef></li><li><records>
AICJRA==
</records><thingDef>Psytrainer_VPE_WordofInspiration</thingDef></li><li><records>
AACvRA==
</records><thingDef>Psytrainer_VPE_SootheMale</thingDef></li><li><records>
AACvRA==
</records><thingDef>Psytrainer_VPE_SootheFemale</thingDef></li><li><records>
AIDURA==
</records><thingDef>Psytrainer_VPE_Bliss</thingDef></li><li><records>
AIDURA==
</records><thingDef>Psytrainer_VPE_EnergyDump</thingDef></li><li><records>
AIDURA==
</records><thingDef>Psytrainer_VPE_MindWipe</thingDef></li><li><records>
AAD6RA==
</records><thingDef>Psytrainer_VPE_ReunionFarskip</thingDef></li><li><records>
AABIRA==
</records><thingDef>Psytrainer_VPE_IceBreath</thingDef></li><li><records>
AABIRA==
</records><thingDef>Psytrainer_VPE_IceSpike</thingDef></li><li><records>
AABIRA==
</records><thingDef>Psytrainer_VPE_IceShield</thingDef></li><li><records>
AICJRA==
</records><thingDef>Psytrainer_VPE_FrostRay</thingDef></li><li><records>
AICJRA==
</records><thingDef>Psytrainer_VPE_IceCrystal</thingDef></li><li><records>
AACvRA==
</records><thingDef>Psytrainer_VPE_ColdZone</thingDef></li><li><records>
AACvRA==
</records><thingDef>Psytrainer_VPE_IceBlock</thingDef></li><li><records>
AACvRA==
</records><thingDef>Psytrainer_VPE_SnapFreeze</thingDef></li><li><records>
AIDURA==
</records><thingDef>Psytrainer_VPE_IceWall</thingDef></li><li><records>
AAD6RA==
</records><thingDef>Psytrainer_VPE_Blizzard</thingDef></li><li><records>
AABIRA==
</records><thingDef>Psytrainer_VPE_Mindcontrol</thingDef></li><li><records>
AABIRA==
</records><thingDef>Psytrainer_VPE_PsychicGuidance</thingDef></li><li><records>
AABIRA==
</records><thingDef>Psytrainer_VPE_TransmuteStone</thingDef></li><li><records>
AICJRA==
</records><thingDef>Psytrainer_VPE_HeatFocus</thingDef></li><li><records>
AICJRA==
</records><thingDef>Psytrainer_VPE_LuckTransfer</thingDef></li><li><records>
AACvRA==
</records><thingDef>Psytrainer_VPE_BendProbability</thingDef></li><li><records>
AACvRA==
</records><thingDef>Psytrainer_VPE_LocationSwap</thingDef></li><li><records>
AIDURA==
</records><thingDef>Psytrainer_VPE_HealthSwap</thingDef></li><li><records>
AIDURA==
</records><thingDef>Psytrainer_VPE_Transmutation</thingDef></li><li><records>
AAD6RA==
</records><thingDef>Psytrainer_VPE_SkillRoll</thingDef></li><li><records>
AABIRA==
</records><thingDef>Psytrainer_VPE_WordofFear</thingDef></li><li><records>
AICJRA==
</records><thingDef>Psytrainer_VPE_Liferot</thingDef></li><li><records>
AICJRA==
</records><thingDef>Psytrainer_VPE_StealVitality</thingDef></li><li><records>
AACvRA==
</records><thingDef>Psytrainer_VPE_ParalysisPulse</thingDef></li><li><records>
AACvRA==
</records><thingDef>Psytrainer_VPE_Corpsetalk</thingDef></li><li><records>
AACvRA==
</records><thingDef>Psytrainer_VPE_Ghostwalk</thingDef></li><li><records>
AIDURA==
</records><thingDef>Psytrainer_VPE_ConsumeBodies</thingDef></li><li><records>
AAD6RA==
</records><thingDef>Psytrainer_VPE_Deathshield</thingDef></li><li><records>
AAD6RA==
</records><thingDef>Psytrainer_VPE_Enthrall</thingDef></li><li><records>
AAD6RA==
</records><thingDef>Psytrainer_VPE_Resurrect</thingDef></li><li><records>
AABIRA==
</records><thingDef>Psytrainer_VPE_Darkvision</thingDef></li><li><records>
AABIRA==
</records><thingDef>Psytrainer_VPE_Darkness</thingDef></li><li><records>
AICJRA==
</records><thingDef>Psytrainer_VPE_Obscure</thingDef></li><li><records>
AICJRA==
</records><thingDef>Psytrainer_VPE_Eclipse</thingDef></li><li><records>
AACvRA==
</records><thingDef>Psytrainer_VPE_Shadowskip</thingDef></li><li><records>
AACvRA==
</records><thingDef>Psytrainer_VPE_Decoy</thingDef></li><li><records>
AIDURA==
</records><thingDef>Psytrainer_VPE_ShadowFocus</thingDef></li><li><records>
AIDURA==
</records><thingDef>Psytrainer_VPE_IntensifyShadows</thingDef></li><li><records>
AAD6RA==
</records><thingDef>Psytrainer_VPE_Assassinate</thingDef></li><li><records>
AAD6RA==
</records><thingDef>Psytrainer_VPE_Nightstep</thingDef></li><li><records>
AABIRA==
</records><thingDef>Psytrainer_VPE_Painblock</thingDef></li><li><records>
AABIRA==
</records><thingDef>Psytrainer_VPE_WordofHealing</thingDef></li><li><records>
AICJRA==
</records><thingDef>Psytrainer_VPE_Stabilize</thingDef></li><li><records>
AICJRA==
</records><thingDef>Psytrainer_VPE_WordofImmunity</thingDef></li><li><records>
AACvRA==
</records><thingDef>Psytrainer_VPE_Overshield</thingDef></li><li><records>
AACvRA==
</records><thingDef>Psytrainer_VPE_Focus</thingDef></li><li><records>
AIDURA==
</records><thingDef>Psytrainer_VPE_Skipshield</thingDef></li><li><records>
AIDURA==
</records><thingDef>Psytrainer_VPE_Invisibility</thingDef></li><li><records>
AIDURA==
</records><thingDef>Psytrainer_VPE_RegrowLimbs</thingDef></li><li><records>
AAD6RA==
</records><thingDef>Psytrainer_VPE_GuardianSkipbarrier</thingDef></li><li><records>
AABIRA==
</records><thingDef>Psytrainer_VPE_SolarPinhole</thingDef></li><li><records>
AICJRA==
</records><thingDef>Psytrainer_VPE_Chunkskip</thingDef></li><li><records>
AICJRA==
</records><thingDef>Psytrainer_VPE_Waterskip</thingDef></li><li><records>
AACvRA==
</records><thingDef>Psytrainer_VPE_ChaosSkip</thingDef></li><li><records>
AICJRA==
</records><thingDef>Psytrainer_VPE_Skip</thingDef></li><li><records>
AIDURA==
</records><thingDef>Psytrainer_VPE_Wallraise</thingDef></li><li><records>
AIDURA==
</records><thingDef>Psytrainer_VPE_Smokepop</thingDef></li><li><records>
AIDURA==
</records><thingDef>Psytrainer_VPE_MassChaosSkip</thingDef></li><li><records>
AAD6RA==
</records><thingDef>Psytrainer_VPE_Skipdoor</thingDef></li><li><records>
AAD6RA==
</records><thingDef>Psytrainer_VPE_Farskip</thingDef></li><li><records>
AABIRA==
</records><thingDef>Psytrainer_VPE_Bolt</thingDef></li><li><records>
AICJRA==
</records><thingDef>Psytrainer_VPE_ChainBolt</thingDef></li><li><records>
AICJRA==
</records><thingDef>Psytrainer_VPE_Thunderbolt</thingDef></li><li><records>
AICJRA==
</records><thingDef>Psytrainer_VPE_StaticAura</thingDef></li><li><records>
AACvRA==
</records><thingDef>Psytrainer_VPE_Recharge</thingDef></li><li><records>
AACvRA==
</records><thingDef>Psytrainer_VPE_BallLightning</thingDef></li><li><records>
AACvRA==
</records><thingDef>Psytrainer_VPE_StaticPulse</thingDef></li><li><records>
AIDURA==
</records><thingDef>Psytrainer_VPE_Vortex</thingDef></li><li><records>
AAD6RA==
</records><thingDef>Psytrainer_VPE_Hurricane</thingDef></li><li><records>
AAD6RA==
</records><thingDef>Psytrainer_VPE_Flashstorm</thingDef></li><li><records>
AABIRA==
</records><thingDef>Psytrainer_VPE_EnchantQuality</thingDef></li><li><records>
AABIRA==
</records><thingDef>Psytrainer_VPE_Mend</thingDef></li><li><records>
AICJRA==
</records><thingDef>Psytrainer_VPE_ConjureHeatPearls</thingDef></li><li><records>
AICJRA==
</records><thingDef>Psytrainer_VPE_Haywire</thingDef></li><li><records>
AICJRA==
</records><thingDef>Psytrainer_VPE_Power</thingDef></li><li><records>
AACvRA==
</records><thingDef>Psytrainer_VPE_RockConstruct</thingDef></li><li><records>
AACvRA==
</records><thingDef>Psytrainer_VPE_SteelConstruct</thingDef></li><li><records>
AIDURA==
</records><thingDef>Psytrainer_VPE_CraftPsyRing</thingDef></li><li><records>
AIDURA==
</records><thingDef>Psytrainer_VPE_WordofProgress</thingDef></li><li><records>
AAD6RA==
</records><thingDef>Psytrainer_VPE_ReverseEngineer</thingDef></li><li><records>
AABIRA==
</records><thingDef>Psytrainer_VPE_SpeedBoost</thingDef></li><li><records>
AICJRA==
</records><thingDef>Psytrainer_VPE_BladeFocus</thingDef></li><li><records>
AICJRA==
</records><thingDef>Psytrainer_VPE_FiringFocus</thingDef></li><li><records>
AICJRA==
</records><thingDef>Psytrainer_VPE_PowerLeap</thingDef></li><li><records>
AACvRA==
</records><thingDef>Psytrainer_VPE_AdrenalineRush</thingDef></li><li><records>
AIDURA==
</records><thingDef>Psytrainer_VPE_ControlledFrenzy</thingDef></li><li><records>
AIDURA==
</records><thingDef>Psytrainer_VPE_GuidedShot</thingDef></li><li><records>
AIDURA==
</records><thingDef>Psytrainer_VPE_Beckon</thingDef></li><li><records>
AAD6RA==
</records><thingDef>Psytrainer_VPE_Killskip</thingDef></li><li><records>
AAD6RA==
</records><thingDef>Psytrainer_VPE_MassBeckon</thingDef></li><li><records>
AABIRA==
</records><thingDef>Psytrainer_VPE_BrambleMaze</thingDef></li><li><records>
AICJRA==
</records><thingDef>Psytrainer_VPE_CropBurst</thingDef></li><li><records>
AACvRA==
</records><thingDef>Psytrainer_VPE_WordofAnimals</thingDef></li><li><records>
AACvRA==
</records><thingDef>Psytrainer_VPE_ManhunterPulse</thingDef></li><li><records>
AACvRA==
</records><thingDef>Psytrainer_VPE_TreeSprout</thingDef></li><li><records>
AIDURA==
</records><thingDef>Psytrainer_VPE_ShieldAnimals</thingDef></li><li><records>
AIDURA==
</records><thingDef>Psytrainer_VPE_AnimalAllies</thingDef></li><li><records>
AIDURA==
</records><thingDef>Psytrainer_VPE_Shrineshield</thingDef></li><li><records>
AAD6RA==
</records><thingDef>Psytrainer_VPE_EssenceTransfer</thingDef></li><li><records>
AAD6RA==
</records><thingDef>Psytrainer_VPE_SummonPack</thingDef></li><li><records>
AABIRA==
</records><thingDef>Psytrainer_AAVPE_VenomSpit</thingDef></li><li><records>
AICJRA==
</records><thingDef>Psytrainer_AAVPE_SummonBlackScarab</thingDef></li><li><records>
AACvRA==
</records><thingDef>Psytrainer_AAVPE_SummonBlackSpelopede</thingDef></li><li><records>
AACvRA==
</records><thingDef>Psytrainer_AAVPE_StrengthenInsect</thingDef></li><li><records>
AIDURA==
</records><thingDef>Psytrainer_AAVPE_SummonBlackSpider</thingDef></li><li><records>
AIDURA==
</records><thingDef>Psytrainer_AAVPE_SummonMammothWorm</thingDef></li><li><records>
AAD6RA==
</records><thingDef>Psytrainer_AAVPE_SummonBlackQueen</thingDef></li><li><records>
AAD6RA==
</records><thingDef>Psytrainer_AAVPE_SummonHive</thingDef></li><li><records>
AABIRA==
</records><thingDef>Psytrainer_AAVPE_SummonEyeling</thingDef></li><li><records>
AICJRA==
</records><thingDef>Psytrainer_AAVPE_OcularSprout</thingDef></li><li><records>
AABIRA==
</records><thingDef>Psytrainer_AAVPE_StrikeEyes</thingDef></li><li><records>
AICJRA==
</records><thingDef>Psytrainer_AAVPE_EyeEruption</thingDef></li><li><records>
AACvRA==
</records><thingDef>Psytrainer_AAVPE_SummonOcularOriginator</thingDef></li><li><records>
AIDURA==
</records><thingDef>Psytrainer_AAVPE_SummonEyelingHorde</thingDef></li><li><records>
AIDURA==
</records><thingDef>Psytrainer_AAVPE_GreaterOcularSprout</thingDef></li><li><records>
AABIRA==
</records><thingDef>Psytrainer_AAVPE_Slice</thingDef></li><li><records>
AICJRA==
</records><thingDef>Psytrainer_AAVPE_ClawFrenzy</thingDef></li><li><records>
AICJRA==
</records><thingDef>Psytrainer_AAVPE_DisablingStrike</thingDef></li><li><records>
AACvRA==
</records><thingDef>Psytrainer_AAVPE_Skewer</thingDef></li><li><records>
AACvRA==
</records><thingDef>Psytrainer_AAVPE_Charge</thingDef></li><li><records>
AIDURA==
</records><thingDef>Psytrainer_AAVPE_ChargeAndSkewer</thingDef></li><li><records>
AACvRA==
</records><thingDef>Psytrainer_AAVPE_EmpBlow</thingDef></li><li><records>
AIDURA==
</records><thingDef>Psytrainer_AAVPE_SpinCut</thingDef></li><li><records>
AAD6RA==
</records><thingDef>Psytrainer_AAVPE_LegSkip</thingDef></li><li><records>
AAD6RA==
</records><thingDef>Psytrainer_AAVPE_KO</thingDef></li><li><records>
AAD6RA==
</records><thingDef>Psytrainer_AAVPE_FatalBlow</thingDef></li><li><records>
AABIRA==
</records><thingDef>Psytrainer_AAVPE_ChemfuelNodules</thingDef></li><li><records>
AABIRA==
</records><thingDef>Psytrainer_AAVPE_Hover</thingDef></li><li><records>
AICJRA==
</records><thingDef>Psytrainer_AAVPE_FungalSkin</thingDef></li><li><records>
AICJRA==
</records><thingDef>Psytrainer_AAVPE_WebSlinging</thingDef></li><li><records>
AACvRA==
</records><thingDef>Psytrainer_AAVPE_LightSustenance</thingDef></li><li><records>
AACvRA==
</records><thingDef>Psytrainer_AAVPE_AcidSpit</thingDef></li><li><records>
AACvRA==
</records><thingDef>Psytrainer_AAVPE_Laser</thingDef></li><li><records>
AIDURA==
</records><thingDef>Psytrainer_AAVPE_Electrify</thingDef></li><li><records>
AIDURA==
</records><thingDef>Psytrainer_AAVPE_Regeneration</thingDef></li><li><records>
AABIRA==
</records><thingDef>Psytrainer_VPEP_BrainCut</thingDef></li><li><records>
AABIRA==
</records><thingDef>Psytrainer_VPEP_BrainLeech</thingDef></li><li><records>
AICJRA==
</records><thingDef>Psytrainer_VPEP_Subjugation</thingDef></li><li><records>
AICJRA==
</records><thingDef>Psytrainer_VPEP_Degrade</thingDef></li><li><records>
AACvRA==
</records><thingDef>Psytrainer_VPEP_Puppet</thingDef></li><li><records>
AIDURA==
</records><thingDef>Psytrainer_VPEP_SummonPuppet</thingDef></li><li><records>
AIDURA==
</records><thingDef>Psytrainer_VPEP_MindSplit</thingDef></li><li><records>
AAD6RA==
</records><thingDef>Psytrainer_VPEP_PuppetSwarm</thingDef></li><li><records>
AAD6RA==
</records><thingDef>Psytrainer_VPEP_Ascension</thingDef></li><li><records>
AAD6RA==
</records><thingDef>Psytrainer_VPEP_MindJump</thingDef></li><li><records>
AABIRA==
</records><thingDef>Psytrainer_HVT_WordOfEnnui</thingDef></li><li><records>
AABIRA==
</records><thingDef>Psytrainer_HVT_WordOfVerve</thingDef></li><li><records>
AICJRA==
</records><thingDef>Psytrainer_HVT_ExciseTrait</thingDef></li><li><records>
AICJRA==
</records><thingDef>Psytrainer_HVT_Joyzone</thingDef></li><li><records>
AACvRA==
</records><thingDef>Psytrainer_HVT_Viciousness</thingDef></li><li><records>
AACvRA==
</records><thingDef>Psytrainer_HVT_WordOfGenius</thingDef></li><li><records>
AIDURA==
</records><thingDef>Psytrainer_HVT_MoveUnseen</thingDef></li><li><records>
AIDURA==
</records><thingDef>Psytrainer_HVT_Wimpzone</thingDef></li><li><records>
AIDURA==
</records><thingDef>Psytrainer_HVT_MuscularInnervation</thingDef></li><li><records>
AAD6RA==
</records><thingDef>Psytrainer_HVT_TabulaRasa</thingDef></li><li><records>
AABIRA==
</records><thingDef>Psytrainer_VPER_Etch_Runecircle</thingDef></li><li><records>
AICJRA==
</records><thingDef>Psytrainer_VPER_Invoke_Stun</thingDef></li><li><records>
AICJRA==
</records><thingDef>Psytrainer_VPER_Invoke_Speed</thingDef></li><li><records>
AACvRA==
</records><thingDef>Psytrainer_VPER_Invoke_Turret</thingDef></li><li><records>
AACvRA==
</records><thingDef>Psytrainer_VPER_Invoke_Defense</thingDef></li><li><records>
AIDURA==
</records><thingDef>Psytrainer_VPER_Invoke_Explosion</thingDef></li><li><records>
AIDURA==
</records><thingDef>Psytrainer_VPER_Invoke_Wrath</thingDef></li><li><records>
AAD6RA==
</records><thingDef>Psytrainer_VPER_Invoke_Summon</thingDef></li><li><records>
AAD6RA==
</records><thingDef>Psytrainer_VPER_Etch_Runecircle_Greater</thingDef></li><li><records>
AAD6RA==
</records><thingDef>Psytrainer_VPER_Invoke_Heal</thingDef></li><li><records>
AABIRA==
</records><thingDef>Psytrainer_VPEH_Bloodfocus</thingDef></li><li><records>
AABIRA==
</records><thingDef>Psytrainer_VPEH_BloodShard</thingDef></li><li><records>
AABIRA==
</records><thingDef>Psytrainer_VPEH_BloodSpew</thingDef></li><li><records>
AICJRA==
</records><thingDef>Psytrainer_VPEH_CloseWounds</thingDef></li><li><records>
AICJRA==
</records><thingDef>Psytrainer_VPEH_Hemodrain</thingDef></li><li><records>
AACvRA==
</records><thingDef>Psytrainer_VPEH_CorpseExplosion</thingDef></li><li><records>
AACvRA==
</records><thingDef>Psytrainer_VPEH_WordofOffering</thingDef></li><li><records>
AIDURA==
</records><thingDef>Psytrainer_VPEH_SanguineSpear</thingDef></li><li><records>
AIDURA==
</records><thingDef>Psytrainer_VPEH_BloodRite</thingDef></li><li><records>
AAD6RA==
</records><thingDef>Psytrainer_VPEH_Bloodstorm</thingDef></li></values></priceHistoryRecorders><companies><li><name>Ultrafine Traders</name><traderKind>LT_Orbital_Livestock</traderKind><faction>null</faction><currentValue>748</currentValue><sharesHeldByPlayer /><recorder><records>
AAA7RA==
</records><thingDef>Company_0</thingDef></recorder></li><li><name>HS Transit Company of Voidborn Consortium</name><traderKind>Orbital_Exotic</traderKind><faction>Faction_408</faction><currentValue>582</currentValue><loadID>1</loadID><sharesHeldByPlayer /><recorder><records>
AIARRA==
</records><thingDef>Company_1</thingDef></recorder></li><li><name>Novunis Industries</name><traderKind>LT_Orbital_Livestock</traderKind><faction>null</faction><currentValue>639</currentValue><loadID>2</loadID><sharesHeldByPlayer /><recorder><records>
AMAfRA==
</records><thingDef>Company_2</thingDef></recorder></li><li><name>WH Company of Voidborn Consortium</name><traderKind>Orbital_PirateMerchant</traderKind><faction>Faction_408</faction><currentValue>464</currentValue><loadID>3</loadID><sharesHeldByPlayer /><recorder><records>
AADoQw==
</records><thingDef>Company_3</thingDef></recorder></li><li><name>Notorious Gnat Interstellar of Voidborn Consortium</name><traderKind>Orbital_PirateMerchant</traderKind><faction>Faction_408</faction><currentValue>976</currentValue><loadID>4</loadID><sharesHeldByPlayer /><recorder><records>
AAB0RA==
</records><thingDef>Company_4</thingDef></recorder></li><li><name>Neighborly Tree Traders of Voidborn Consortium</name><traderKind>Orbital_Exotic</traderKind><faction>Faction_408</faction><currentValue>664</currentValue><loadID>5</loadID><sharesHeldByPlayer /><recorder><records>
AAAmRA==
</records><thingDef>Company_5</thingDef></recorder></li><li><name>Sulight Export Company of Voidborn Consortium</name><traderKind>Orbital_Exotic</traderKind><faction>Faction_408</faction><currentValue>399</currentValue><loadID>6</loadID><sharesHeldByPlayer /><recorder><records>
AIDHQw==
</records><thingDef>Company_6</thingDef></recorder></li><li><name>PX Traders of Voidborn Consortium</name><traderKind>Orbital_PirateMerchant</traderKind><faction>Faction_408</faction><currentValue>381</currentValue><loadID>7</loadID><sharesHeldByPlayer /><recorder><records>
AIC+Qw==
</records><thingDef>Company_7</thingDef></recorder></li><li><name>Erisen Transit Company of Voidborn Consortium</name><traderKind>Orbital_Exotic</traderKind><faction>Faction_408</faction><currentValue>612</currentValue><loadID>8</loadID><sharesHeldByPlayer /><recorder><records>
AAAZRA==
</records><thingDef>Company_8</thingDef></recorder></li><li><name>Capital Solutions of Voidborn Consortium</name><traderKind>Orbital_PirateMerchant</traderKind><faction>Faction_408</faction><currentValue>756</currentValue><loadID>9</loadID><sharesHeldByPlayer /><recorder><records>
AAA9RA==
</records><thingDef>Company_9</thingDef></recorder></li><li><name>Terrifying Travelers of Voidborn Consortium</name><traderKind>Orbital_BulkGoods</traderKind><faction>Faction_408</faction><currentValue>758</currentValue><loadID>10</loadID><sharesHeldByPlayer /><recorder><records>
AIA9RA==
</records><thingDef>Company_10</thingDef></recorder></li><li><name>MR Industries of Voidborn Consortium</name><traderKind>Orbital_Exotic</traderKind><faction>Faction_408</faction><currentValue>732</currentValue><loadID>11</loadID><sharesHeldByPlayer /><recorder><records>
AAA3RA==
</records><thingDef>Company_11</thingDef></recorder></li><li><name>Uncle Partners of Voidborn Consortium</name><traderKind>Orbital_CombatSupplier</traderKind><faction>Faction_408</faction><currentValue>26</currentValue><loadID>12</loadID><sharesHeldByPlayer /><recorder><records>
AADQQQ==
</records><thingDef>Company_12</thingDef></recorder></li><li><name>Narda Company</name><traderKind>SOM_Orbital_BookMerchant</traderKind><faction>null</faction><currentValue>553</currentValue><loadID>13</loadID><sharesHeldByPlayer /><recorder><records>
AEAKRA==
</records><thingDef>Company_13</thingDef></recorder></li><li><name>Vornax Shipping of Voidborn Consortium</name><traderKind>Orbital_PirateMerchant</traderKind><faction>Faction_408</faction><currentValue>955</currentValue><loadID>14</loadID><sharesHeldByPlayer /><recorder><records>
AMBuRA==
</records><thingDef>Company_14</thingDef></recorder></li><li><name>Supporter Corporation of Voidborn Consortium</name><traderKind>Orbital_BulkGoods</traderKind><faction>Faction_408</faction><currentValue>814</currentValue><loadID>15</loadID><sharesHeldByPlayer /><recorder><records>
AIBLRA==
</records><thingDef>Company_15</thingDef></recorder></li><li><name>Treal Partners of Voidborn Consortium</name><traderKind>Orbital_CombatSupplier</traderKind><faction>Faction_408</faction><currentValue>762</currentValue><loadID>16</loadID><sharesHeldByPlayer /><recorder><records>
AIA+RA==
</records><thingDef>Company_16</thingDef></recorder></li><li><name>Receptive Larch Transport Company of Voidborn Consortium</name><traderKind>Orbital_Exotic</traderKind><faction>Faction_408</faction><currentValue>153</currentValue><loadID>17</loadID><sharesHeldByPlayer /><recorder><records>
AAAZQw==
</records><thingDef>Company_17</thingDef></recorder></li><li><name>Indulgent Transport Company of Voidborn Consortium</name><traderKind>Orbital_BulkGoods</traderKind><faction>Faction_408</faction><currentValue>275</currentValue><loadID>18</loadID><sharesHeldByPlayer /><recorder><records>
AICJQw==
</records><thingDef>Company_18</thingDef></recorder></li><li><name>Treal Interplanetary of Voidborn Consortium</name><traderKind>Orbital_PirateMerchant</traderKind><faction>Faction_408</faction><currentValue>951</currentValue><loadID>19</loadID><sharesHeldByPlayer /><recorder><records>
AMBtRA==
</records><thingDef>Company_19</thingDef></recorder></li><li><name>Shrub Lubricants of Voidborn Consortium</name><traderKind>Orbital_CombatSupplier</traderKind><faction>Faction_408</faction><currentValue>915</currentValue><loadID>20</loadID><sharesHeldByPlayer /><recorder><records>
AMBkRA==
</records><thingDef>Company_20</thingDef></recorder></li><li><name>Hemlock Traders of Voidborn Consortium</name><traderKind>Orbital_BulkGoods</traderKind><faction>Faction_408</faction><currentValue>530</currentValue><loadID>21</loadID><sharesHeldByPlayer /><recorder><records>
AIAERA==
</records><thingDef>Company_21</thingDef></recorder></li><li><name>WC Lubricants of Voidborn Consortium</name><traderKind>Orbital_PirateMerchant</traderKind><faction>Faction_408</faction><currentValue>814</currentValue><loadID>22</loadID><sharesHeldByPlayer /><recorder><records>
AIBLRA==
</records><thingDef>Company_22</thingDef></recorder></li><li><name>Notorious Interplanetary of Voidborn Consortium</name><traderKind>Orbital_CombatSupplier</traderKind><faction>Faction_408</faction><currentValue>15</currentValue><loadID>23</loadID><sharesHeldByPlayer /><recorder><records>
AABwQQ==
</records><thingDef>Company_23</thingDef></recorder></li><li><name>Solicitous Birch Corporation of Voidborn Consortium</name><traderKind>Orbital_PirateMerchant</traderKind><faction>Faction_408</faction><currentValue>673</currentValue><loadID>24</loadID><sharesHeldByPlayer /><recorder><records>
AEAoRA==
</records><thingDef>Company_24</thingDef></recorder></li><li><name>Southwestern Interstellar</name><traderKind>SOM_Orbital_BookMerchant</traderKind><faction>null</faction><currentValue>632</currentValue><loadID>25</loadID><sharesHeldByPlayer /><recorder><records>
AAAeRA==
</records><thingDef>Company_25</thingDef></recorder></li><li><name>Dealer Travelers of The Refugee Empire</name><traderKind>Orbital_Empire</traderKind><faction>Faction_379</faction><currentValue>172</currentValue><loadID>26</loadID><sharesHeldByPlayer /><recorder><records>
AAAsQw==
</records><thingDef>Company_26</thingDef></recorder></li><li><name>Yrath Corporation of Voidborn Consortium</name><traderKind>Orbital_BulkGoods</traderKind><faction>Faction_408</faction><currentValue>571</currentValue><loadID>27</loadID><sharesHeldByPlayer /><recorder><records>
AMAORA==
</records><thingDef>Company_27</thingDef></recorder></li><li><name>OP Consortium of The Refugee Empire</name><traderKind>Orbital_Empire</traderKind><faction>Faction_379</faction><currentValue>727</currentValue><loadID>28</loadID><sharesHeldByPlayer /><recorder><records>
AMA1RA==
</records><thingDef>Company_28</thingDef></recorder></li><li><name>Zarimax Travelers of Voidborn Consortium</name><traderKind>Orbital_BulkGoods</traderKind><faction>Faction_408</faction><currentValue>130</currentValue><loadID>29</loadID><sharesHeldByPlayer /><recorder><records>
AAACQw==
</records><thingDef>Company_29</thingDef></recorder></li></companies><playerSubmittedContracts /><npcSubmittedContracts><li><reward>2390</reward><item>BlueberryPie</item><amount>15</amount><expiredInTicks>2040000</expiredInTicks><mapToTakeItems>null</mapToTakeItems></li><li><reward>1944</reward><item>Kabob</item><amount>20</amount><expiredInTicks>1200000</expiredInTicks><mapToTakeItems>null</mapToTakeItems></li><li><reward>2383</reward><item>VWE_Gun_RocketLauncher</item><amount>1</amount><expiredInTicks>2700000</expiredInTicks><mapToTakeItems>null</mapToTakeItems></li><li><reward>674</reward><item>VCE_UncookedSoupLavish</item><amount>1</amount><expiredInTicks>2700000</expiredInTicks><mapToTakeItems>null</mapToTakeItems></li><li><reward>619</reward><item>Bow_Short</item><stuff>Bamboo</stuff><amount>8</amount><expiredInTicks>900000</expiredInTicks><mapToTakeItems>null</mapToTakeItems></li><li><reward>844</reward><item>Leather_Chitin</item><amount>125</amount><expiredInTicks>2040000</expiredInTicks><mapToTakeItems>null</mapToTakeItems></li><li><reward>1606</reward><item>Meat_Ibex</item><amount>185</amount><expiredInTicks>2940000</expiredInTicks><mapToTakeItems>null</mapToTakeItems></li><li><reward>1085</reward><item>Leather_Elephant</item><amount>125</amount><expiredInTicks>2700000</expiredInTicks><mapToTakeItems>null</mapToTakeItems></li><li><reward>2176</reward><item>BS_DarkSoulshard</item><amount>1</amount><expiredInTicks>1500000</expiredInTicks><mapToTakeItems>null</mapToTakeItems></li><li><reward>398</reward><item>AA_FeraliskEggUnfertilized</item><amount>40</amount><expiredInTicks>1860000</expiredInTicks><mapToTakeItems>null</mapToTakeItems></li><li><reward>1743</reward><item>VBE_Juice</item><amount>300</amount><expiredInTicks>1980000</expiredInTicks><mapToTakeItems>null</mapToTakeItems></li><li><reward>2660</reward><item>Apparel_ArmorRecon</item><amount>1</amount><expiredInTicks>1260000</expiredInTicks><mapToTakeItems>null</mapToTakeItems></li><li><reward>408</reward><item>Meat_Cougar</item><amount>185</amount><expiredInTicks>1140000</expiredInTicks><mapToTakeItems>null</mapToTakeItems></li><li><reward>1572</reward><item>Leather_Human</item><amount>90</amount><expiredInTicks>1500000</expiredInTicks><mapToTakeItems>null</mapToTakeItems></li><li><reward>805</reward><item>Gun_SmokeLauncher</item><amount>1</amount><expiredInTicks>1260000</expiredInTicks><mapToTakeItems>null</mapToTakeItems></li><li><reward>1249</reward><item>VFES_Headgear_Sombrero</item><stuff>Leather_Human</stuff><amount>3</amount><expiredInTicks>3540000</expiredInTicks><mapToTakeItems>null</mapToTakeItems></li><li><reward>1095</reward><item>BS_Shrink_Serum</item><amount>1</amount><expiredInTicks>2400000</expiredInTicks><mapToTakeItems>null</mapToTakeItems></li><li><reward>2111</reward><item>VCE_CannedAP</item><amount>105</amount><expiredInTicks>2880000</expiredInTicks><mapToTakeItems>null</mapToTakeItems></li><li><reward>6811</reward><item>Apparel_IntegratorHeadset</item><amount>1</amount><expiredInTicks>1020000</expiredInTicks><mapToTakeItems>null</mapToTakeItems></li><li><reward>846</reward><item>VAE_Headgear_HAZMATMask</item><stuff>Hyperweave</stuff><amount>1</amount><expiredInTicks>1080000</expiredInTicks><mapToTakeItems>null</mapToTakeItems></li><li><reward>3310</reward><item>BS_JotunHammer</item><stuff>GU_RedWood</stuff><amount>1</amount><expiredInTicks>2760000</expiredInTicks><mapToTakeItems>null</mapToTakeItems></li><li><reward>743</reward><item>Chocolate</item><amount>125</amount><expiredInTicks>1440000</expiredInTicks><mapToTakeItems>null</mapToTakeItems></li><li><reward>690</reward><item>MealFine</item><amount>20</amount><expiredInTicks>1860000</expiredInTicks><mapToTakeItems>null</mapToTakeItems></li><li><reward>1015</reward><item>Apparel_TortureCrown</item><stuff>Obsidian</stuff><amount>2</amount><expiredInTicks>1080000</expiredInTicks><mapToTakeItems>null</mapToTakeItems></li><li><reward>2975</reward><item>AA_MammothWormEggUnfertilized</item><amount>40</amount><expiredInTicks>3180000</expiredInTicks><mapToTakeItems>null</mapToTakeItems></li><li><reward>534</reward><item>AM_Apparel_Eyepatch</item><amount>15</amount><expiredInTicks>1680000</expiredInTicks><mapToTakeItems>null</mapToTakeItems></li><li><reward>1664</reward><item>MealFine</item><amount>20</amount><expiredInTicks>2280000</expiredInTicks><mapToTakeItems>null</mapToTakeItems></li><li><reward>803</reward><item>Apparel_WarMask</item><stuff>GU_RedWood</stuff><amount>10</amount><expiredInTicks>1080000</expiredInTicks><mapToTakeItems>null</mapToTakeItems></li><li><reward>2888</reward><item>GhoulResurrectionSerum</item><amount>6</amount><expiredInTicks>1440000</expiredInTicks><mapToTakeItems>null</mapToTakeItems></li><li><reward>1041</reward><item>GastroAnalyzer</item><amount>1</amount><expiredInTicks>1260000</expiredInTicks><mapToTakeItems>null</mapToTakeItems></li></npcSubmittedContracts><npcContractsToBeCompleted /><currentCaravanLordsWithContracts><keys /><values /></currentCaravanLordsWithContracts></li>
Could not find class MorePlanning.Settings.WorldSettings while resolving node li. Trying to use RimWorld.Planet.WorldObject instead. Full node: <li Class="MorePlanning.Settings.WorldSettings"><def>UtilityWorldObject</def><ID>4068</ID><tickDelta>10</tickDelta><faction>null</faction><questTags IsNull="True" /></li>
[Tech Advancing] [Information] Loading finished.
[Tech Advancing] [Information] Flushing old Research Manager values.
Could not resolve reference to object with loadID Thing_Human1493 of type Verse.Pawn. Was it compressed away, destroyed, had no ID number, or not saved/loaded right? curParent=VanillaTraitsExpanded.TraitsManager curPathRelToParent=/wanderLustersWithLastMapExitedTick/keys
Could not resolve reference to object with loadID Thing_Human2108 of type Verse.Pawn. Was it compressed away, destroyed, had no ID number, or not saved/loaded right? curParent=VanillaTraitsExpanded.TraitsManager curPathRelToParent=/wanderLustersWithLastMapExitedTick/keys
Null key while loading dictionary of Verse.Pawn and System.Int32. label=wanderLustersWithLastMapExitedTick
Null key while loading dictionary of Verse.Pawn and System.Int32. label=wanderLustersWithLastMapExitedTick
Could not resolve reference to object with loadID Thing_Human1316 of type Verse.Pawn. Was it compressed away, destroyed, had no ID number, or not saved/loaded right? curParent=VanillaTraitsExpanded.TraitsManager curPathRelToParent=/cowards
Could not resolve reference to object with loadID Thing_Human1906 of type Verse.Pawn. Was it compressed away, destroyed, had no ID number, or not saved/loaded right? curParent=VanillaTraitsExpanded.TraitsManager curPathRelToParent=/cowards
Could not resolve reference to object with loadID Thing_Human2872 of type Verse.Pawn. Was it compressed away, destroyed, had no ID number, or not saved/loaded right? curParent=VanillaTraitsExpanded.TraitsManager curPathRelToParent=/cowards
Could not resolve reference to object with loadID Thing_Human3492 of type Verse.Pawn. Was it compressed away, destroyed, had no ID number, or not saved/loaded right? curParent=VanillaTraitsExpanded.TraitsManager curPathRelToParent=/cowards
Could not resolve reference to object with loadID Thing_Human1214 of type Verse.Pawn. Was it compressed away, destroyed, had no ID number, or not saved/loaded right? curParent=VanillaTraitsExpanded.TraitsManager curPathRelToParent=/snobs
Could not resolve reference to object with loadID Thing_Human2154 of type Verse.Pawn. Was it compressed away, destroyed, had no ID number, or not saved/loaded right? curParent=VanillaTraitsExpanded.TraitsManager curPathRelToParent=/snobs
Could not resolve reference to object with loadID Thing_Human2342 of type Verse.Pawn. Was it compressed away, destroyed, had no ID number, or not saved/loaded right? curParent=VanillaTraitsExpanded.TraitsManager curPathRelToParent=/snobs
Could not resolve reference to object with loadID Thing_Human2653 of type Verse.Pawn. Was it compressed away, destroyed, had no ID number, or not saved/loaded right? curParent=VanillaTraitsExpanded.TraitsManager curPathRelToParent=/snobs
Could not resolve reference to object with loadID Thing_Human3087 of type Verse.Pawn. Was it compressed away, destroyed, had no ID number, or not saved/loaded right? curParent=VanillaTraitsExpanded.TraitsManager curPathRelToParent=/snobs
Could not resolve reference to object with loadID Thing_Human3273 of type Verse.Pawn. Was it compressed away, destroyed, had no ID number, or not saved/loaded right? curParent=VanillaTraitsExpanded.TraitsManager curPathRelToParent=/snobs
Could not resolve reference to object with loadID Thing_Human3844 of type Verse.Pawn. Was it compressed away, destroyed, had no ID number, or not saved/loaded right? curParent=VanillaTraitsExpanded.TraitsManager curPathRelToParent=/snobs
Could not resolve reference to object with loadID Thing_Human2041 of type Verse.Pawn. Was it compressed away, destroyed, had no ID number, or not saved/loaded right? curParent=VanillaTraitsExpanded.TraitsManager curPathRelToParent=/bigBoned
[Tech Advancing] [Information] Loading finished.
[Tech Advancing] [Information] Flushing old Research Manager values.
[Tech Advancing] [Information] Loading finished.
[Tech Advancing] [Information] Flushing old Research Manager values.
checking editor settings...
bodysizes genes are active
[Tech Advancing] [Information] Detected existing world. Loading existing config...
[Tech Advancing] [Information] Loading config...
Unloading 0 Unused Serialized files (Serialized files now loaded: 15)
Unloading 11 unused Assets to reduce memory usage. Loaded Objects now: 92464.
Total: 1108.035954 ms (FindLiveObjects: 3.832836 ms CreateObjectMapping: 3.117892 ms MarkObjects: 1100.966112 ms  DeleteObjects: 0.118623 ms)

[Tech Advancing] [Information] Loading finished.
[Tech Advancing] [Information] Flushing old Research Manager values.
[Tech Advancing] [Information] Loading finished.
[Tech Advancing] [Information] Flushing old Research Manager values.
[Tech Advancing] [Information] Loading finished.
[Tech Advancing] [Information] Flushing old Research Manager values.
[Tech Advancing] [Information] Loading finished.
[Tech Advancing] [Information] Flushing old Research Manager values.
[Tech Advancing] [Information] Settings changed.
[Tech Advancing] [Information] Settings changed.
[Tech Advancing] [Information] Settings changed.
[Tech Advancing] [Information] Settings changed.
[Tech Advancing] [Information] Settings changed.
[Tech Advancing] [Information] Settings changed.
[Tech Advancing] [Information] Settings changed.
[Tech Advancing] [Information] Settings changed.
[Tech Advancing] [Information] Settings changed.
[Tech Advancing] [Information] Settings changed.
[Tech Advancing] [Information] Settings changed.
[Tech Advancing] [Information] Settings changed.
[Tech Advancing] [Information] Settings changed.
[Tech Advancing] [Information] Settings changed.
[Tech Advancing] [Information] Settings changed.
[Tech Advancing] [Information] Settings changed.
[Tech Advancing] [Information] Settings changed.
[Tech Advancing] [Information] Settings changed.
[Tech Advancing] [Information] Settings changed.
[Tech Advancing] [Information] Settings changed.
[Tech Advancing] [Information] Settings changed.
[Tech Advancing] [Information] Settings changed.
[Tech Advancing] [Information] Settings changed.
[Tech Advancing] [Information] Settings changed.
[Tech Advancing] [Information] Settings changed.
[Tech Advancing] [Information] Settings changed.
[Tech Advancing] [Information] Settings changed.
[Tech Advancing] [Information] Settings changed.
[Tech Advancing] [Information] Settings changed.
[Tech Advancing] [Information] Settings changed.
[Tech Advancing] [Information] Settings changed.
[Tech Advancing] [Information] Settings changed.
[Tech Advancing] [Information] Settings changed.
[Tech Advancing] [Information] Settings changed.
[Tech Advancing] [Information] Settings changed.
[Tech Advancing] [Information] Settings changed.
[Tech Advancing] [Information] Settings changed.
[Tech Advancing] [Information] Settings changed.
[Tech Advancing] [Information] Settings changed.
[Tech Advancing] [Information] Settings changed.
[Tech Advancing] [Information] Settings changed.
[Tech Advancing] [Information] Settings changed.
[Tech Advancing] [Information] Settings changed.
[Tech Advancing] [Information] Settings changed.
[Tech Advancing] [Information] Settings changed.
[Tech Advancing] [Information] Settings changed.
[Tech Advancing] [Information] Settings changed.
[Tech Advancing] [Information] Settings changed.
[Tech Advancing] [Information] Settings changed.
[Tech Advancing] [Information] Settings changed.
[Tech Advancing] [Information] Settings changed.
[Tech Advancing] [Information] Settings changed.
[Tech Advancing] [Information] Settings changed.
[Tech Advancing] [Information] Settings changed.
[Tech Advancing] [Information] Settings changed.
[Tech Advancing] [Information] Settings changed.
[Tech Advancing] [Information] Settings changed.
[Tech Advancing] [Information] Settings changed.
[Tech Advancing] [Information] Settings changed.
[Tech Advancing] [Information] Settings changed.
[Tech Advancing] [Information] Settings changed.
[Tech Advancing] [Information] Settings changed.
[Tech Advancing] [Information] Settings changed.
[Tech Advancing] [Information] Settings changed.
[Tech Advancing] [Information] Settings changed.
[Tech Advancing] [Information] Settings changed.
[Tech Advancing] [Information] Settings changed.
[Tech Advancing] [Information] Settings changed.
[Tech Advancing] [Information] Settings changed.
[Tech Advancing] [Information] Settings changed.
[Tech Advancing] [Information] Settings changed.
[Tech Advancing] [Information] Settings changed.
[Tech Advancing] [Information] Settings changed.
[Tech Advancing] [Information] Settings changed.
[Tech Advancing] [Information] Settings changed.
[Tech Advancing] [Information] Settings changed.
[Tech Advancing] [Information] Settings changed.
[Tech Advancing] [Information] Settings changed.
[Tech Advancing] [Information] Settings changed.
[Tech Advancing] [Information] Settings changed.
[Tech Advancing] [Information] Settings changed.
[Tech Advancing] [Information] Settings changed.
[Tech Advancing] [Information] Settings changed.
[Tech Advancing] [Information] Settings changed.
[Tech Advancing] [Information] Settings changed.
[Tech Advancing] [Information] Settings changed.
[Tech Advancing] [Information] Settings changed.
[Tech Advancing] [Information] Settings changed.
[Tech Advancing] [Information] Settings changed.
[Tech Advancing] [Information] Settings changed.
[Tech Advancing] [Information] Settings changed.
[Tech Advancing] [Information] Settings changed.
[Tech Advancing] [Information] Settings changed.
[Tech Advancing] [Information] Settings changed.
[Tech Advancing] [Information] Settings changed.
[Tech Advancing] [Information] Settings changed.
[Tech Advancing] [Information] Settings changed.
[Tech Advancing] [Information] Settings changed.
[Tech Advancing] [Information] Settings changed.
[Tech Advancing] [Information] Saving data.
[Tech Advancing] [Information] Loading finished.
[Tech Advancing] [Information] Flushing old Research Manager values.
Redskin tried to wear TA_KidHood76754 but is not allowed to.
Vonmeb tried to wear TA_KidHood76895 but is not allowed to.
[Tech Advancing] [Information] Loading finished.
[Tech Advancing] [Information] Flushing old Research Manager values.
[Tech Advancing] [Information] Loading finished.
[Tech Advancing] [Information] Flushing old Research Manager values.
[Dynamic Diplomacy] Failed to run incident NPC_Expansion
[Dynamic Diplomacy] Failed to run NPC_Expansion in IncidentManager.
[Tech Advancing] [Information] Loading finished.
[Tech Advancing] [Information] Flushing old Research Manager values.
[Tech Advancing] [Information] Loading finished.
[Tech Advancing] [Information] Flushing old Research Manager values.
[Tech Advancing] [Information] Loading finished.
[Tech Advancing] [Information] Flushing old Research Manager values.
[Tech Advancing] [Information] Loading finished.
[Tech Advancing] [Information] Flushing old Research Manager values.
[Tech Advancing] [Information] Loading finished.
[Tech Advancing] [Information] Flushing old Research Manager values.
[Tech Advancing] [Information] Loading finished.
[Tech Advancing] [Information] Flushing old Research Manager values.
[Dynamic Diplomacy] Failed to run incident NPC_Expansion
[Dynamic Diplomacy] Failed to run NPC_Expansion in IncidentManager.
[Tech Advancing] [Information] Loading finished.
[Tech Advancing] [Information] Flushing old Research Manager values.
[Tech Advancing] [Information] Loading finished.
[Tech Advancing] [Information] Flushing old Research Manager values.
Exception while rebuilding dirty regions: System.NullReferenceException: Object reference not set to an instance of an object
[Ref AA6ECE1E]
  at PeteTimesSix.CategorizedCleaning.HarmonyPatches.Room_Notify_RoomShapeChanged_Patches.Room_Notify_RoomShapeChanged_Prefix (Verse.Room __instance) [0x00001] in C:\RimworldProjects\CategorizedCleaning\CategorizedCleaningSplit\Source\HarmonyPatches\Room_Patches.cs:22 
  at Verse.Room.Notify_RoomShapeChanged () [0x0000f] in <1a4764477a744bde81c4adb46c2ccd65>:0 
    - PREFIX com.rimfridge.rimworld.mod: Void RimFridge.PrisonCellChangeTracking+TrackChangeOfPrisonCellStatusForRoom:TrackChangeOfPrisonCellStatusPre(Room __instance, Boolean& __state)
    - PREFIX PeteTimesSix.CategorizedCleaning: Void PeteTimesSix.CategorizedCleaning.HarmonyPatches.Room_Notify_RoomShapeChanged_Patches:Room_Notify_RoomShapeChanged_Prefix(Room __instance)
    - POSTFIX com.rimfridge.rimworld.mod: Void RimFridge.PrisonCellChangeTracking+TrackChangeOfPrisonCellStatusForRoom:TrackChangeOfPrisonCellStatusPost(Room __instance, Boolean __state)
  at Verse.RegionAndRoomUpdater.NotifyAffectedDistrictsAndRoomsAndUpdateTemperatureVacuum () [0x0006f] in <1a4764477a744bde81c4adb46c2ccd65>:0 
  at Verse.RegionAndRoomUpdater.CreateOrUpdateRooms () [0x00048] in <1a4764477a744bde81c4adb46c2ccd65>:0 
  at Verse.RegionAndRoomUpdater.TryRebuildDirtyRegionsAndRooms () [0x0005b] in <1a4764477a744bde81c4adb46c2ccd65>:0 
    - TRANSPILER net.pardeike.rimworld.lib.harmony: IEnumerable`1 VisualExceptions.ExceptionsAndActivatorHandler:Transpiler(IEnumerable`1 instructions, MethodBase original)
[Dynamic Diplomacy] Failed to run incident NPC_Expansion
[Dynamic Diplomacy] Failed to run NPC_Expansion in IncidentManager.
[Tech Advancing] [Information] Loading finished.
[Tech Advancing] [Information] Flushing old Research Manager values.
[Tech Advancing] [Information] Loading finished.
[Tech Advancing] [Information] Flushing old Research Manager values.
[Tech Advancing] [Information] Loading finished.
[Tech Advancing] [Information] Flushing old Research Manager values.
Unloading 1 Unused Serialized files (Serialized files now loaded: 15)
Unloading 17 unused Assets to reduce memory usage. Loaded Objects now: 99675.
Total: 1260.301741 ms (FindLiveObjects: 4.371539 ms CreateObjectMapping: 3.728380 ms MarkObjects: 1252.062661 ms  DeleteObjects: 0.138660 ms)

[Tech Advancing] [Information] Loading finished.
[Tech Advancing] [Information] Flushing old Research Manager values.
Unloading 0 Unused Serialized files (Serialized files now loaded: 15)
Unloading 0 unused Assets to reduce memory usage. Loaded Objects now: 73532.
Total: 1248.356893 ms (FindLiveObjects: 3.236134 ms CreateObjectMapping: 2.050976 ms MarkObjects: 1243.001355 ms  DeleteObjects: 0.067718 ms)

Unloading 2 Unused Serialized files (Serialized files now loaded: 15)
[PhysX] Initialized MultithreadedTaskDispatcher with 16 workers.
UnloadTime: 0.518284 ms
[DivineFramework] Loaded version 0.12.0.1
checking editor settings...
bodysizes genes are active
CharacterEditor v1.6.3 ...done
Unloading 24 unused Assets to reduce memory usage. Loaded Objects now: 72934.
Total: 1234.545907 ms (FindLiveObjects: 3.298932 ms CreateObjectMapping: 1.972519 ms MarkObjects: 1229.139452 ms  DeleteObjects: 0.134493 ms)

Unloading 0 Unused Serialized files (Serialized files now loaded: 15)
Unloading 79 unused Assets to reduce memory usage. Loaded Objects now: 72881.
Total: 1243.150986 ms (FindLiveObjects: 3.644101 ms CreateObjectMapping: 2.845680 ms MarkObjects: 1236.508588 ms  DeleteObjects: 0.151996 ms)

[UnityMemory] Configuration Parameters - Can be set up in boot.config
    "memorysetup-bucket-allocator-granularity=16"
    "memorysetup-bucket-allocator-bucket-count=8"
    "memorysetup-bucket-allocator-block-size=4194304"
    "memorysetup-bucket-allocator-block-count=1"
    "memorysetup-main-allocator-block-size=16777216"
    "memorysetup-thread-allocator-block-size=16777216"
    "memorysetup-gfx-main-allocator-block-size=16777216"
    "memorysetup-gfx-thread-allocator-block-size=16777216"
    "memorysetup-cache-allocator-block-size=4194304"
    "memorysetup-typetree-allocator-block-size=2097152"
    "memorysetup-profiler-bucket-allocator-granularity=16"
    "memorysetup-profiler-bucket-allocator-bucket-count=8"
    "memorysetup-profiler-bucket-allocator-block-size=4194304"
    "memorysetup-profiler-bucket-allocator-block-count=1"
    "memorysetup-profiler-allocator-block-size=16777216"
    "memorysetup-profiler-editor-allocator-block-size=1048576"
    "memorysetup-temp-allocator-size-main=4194304"
    "memorysetup-job-temp-allocator-block-size=2097152"
    "memorysetup-job-temp-allocator-block-size-background=1048576"
    "memorysetup-job-temp-allocator-reduction-small-platforms=262144"
    "memorysetup-allocator-temp-initial-block-size-main=262144"
    "memorysetup-allocator-temp-initial-block-size-worker=262144"
    "memorysetup-temp-allocator-size-background-worker=32768"
    "memorysetup-temp-allocator-size-job-worker=262144"
    "memorysetup-temp-allocator-size-preload-manager=262144"
    "memorysetup-temp-allocator-size-nav-mesh-worker=65536"
    "memorysetup-temp-allocator-size-audio-worker=65536"
    "memorysetup-temp-allocator-size-cloud-worker=32768"
    "memorysetup-temp-allocator-size-gfx=262144"
Memory Statistics:
[ALLOC_TEMP_TLS] TLS Allocator
  StackAllocators : 
    [ALLOC_TEMP_MAIN]
      Peak usage frame count: [0-1.0 KB]: 4758 frames, [1.0 KB-2.0 KB]: 21 frames, [2.0 KB-4.0 KB]: 32718 frames, [4.0 KB-8.0 KB]: 61996 frames, [8.0 KB-16.0 KB]: 241242 frames, [16.0 KB-32.0 KB]: 74826 frames, [32.0 KB-64.0 KB]: 21835 frames, [64.0 KB-128.0 KB]: 122 frames, [128.0 KB-256.0 KB]: 4318 frames, [256.0 KB-0.5 MB]: 127 frames, [2.0 MB-4.0 MB]: 1 frames, [4.0 MB-8.0 MB]: 12 frames
      Initial Block Size 4.0 MB
      Current Block Size 8.0 MB
      Peak Allocated Bytes 8.0 MB
      Overflow Count 151
    [ALLOC_TEMP_Loading.AsyncRead]
      Initial Block Size 64.0 KB
      Current Block Size 120.0 KB
      Peak Allocated Bytes 117.3 KB
      Overflow Count 0
    [ALLOC_TEMP_Loading.PreloadManager]
      Initial Block Size 256.0 KB
      Current Block Size 256.0 KB
      Peak Allocated Bytes 6.6 KB
      Overflow Count 16
    [ALLOC_TEMP_Background Job.Worker 8]
      Initial Block Size 32.0 KB
      Current Block Size 32.0 KB
      Peak Allocated Bytes 0 B
      Overflow Count 0
    [ALLOC_TEMP_Job.Worker 6]
      Initial Block Size 256.0 KB
      Current Block Size 256.0 KB
      Peak Allocated Bytes 0 B
      Overflow Count 0
    [ALLOC_TEMP_Job.Worker 0]
      Initial Block Size 256.0 KB
      Current Block Size 256.0 KB
      Peak Allocated Bytes 0 B
      Overflow Count 0
    [ALLOC_TEMP_Background Job.Worker 10]
      Initial Block Size 32.0 KB
      Current Block Size 32.0 KB
      Peak Allocated Bytes 0 B
      Overflow Count 0
    [ALLOC_TEMP_Background Job.Worker 9]
      Initial Block Size 32.0 KB
      Current Block Size 32.0 KB
      Peak Allocated Bytes 0 B
      Overflow Count 0
    [ALLOC_TEMP_Job.Worker 5]
      Initial Block Size 256.0 KB
      Current Block Size 256.0 KB
      Peak Allocated Bytes 0 B
      Overflow Count 0
    [ALLOC_TEMP_Background Job.Worker 14]
      Initial Block Size 32.0 KB
      Current Block Size 32.0 KB
      Peak Allocated Bytes 0 B
      Overflow Count 0
    [ALLOC_TEMP_Background Job.Worker 6]
      Initial Block Size 32.0 KB
      Current Block Size 32.0 KB
      Peak Allocated Bytes 0 B
      Overflow Count 0
    [ALLOC_TEMP_Job.Worker 4]
      Initial Block Size 256.0 KB
      Current Block Size 256.0 KB
      Peak Allocated Bytes 0 B
      Overflow Count 0
    [ALLOC_TEMP_ReadCacheIndex]
      Initial Block Size 64.0 KB
      Current Block Size 64.0 KB
      Peak Allocated Bytes 107 B
      Overflow Count 0
    [ALLOC_TEMP_Job.Worker 14]
      Initial Block Size 256.0 KB
      Current Block Size 256.0 KB
      Peak Allocated Bytes 0 B
      Overflow Count 0
    [ALLOC_TEMP_Job.Worker 3]
      Initial Block Size 256.0 KB
      Current Block Size 256.0 KB
      Peak Allocated Bytes 0 B
      Overflow Count 0
    [ALLOC_TEMP_Job.Worker 13]
      Initial Block Size 256.0 KB
      Current Block Size 256.0 KB
      Peak Allocated Bytes 0 B
      Overflow Count 0
    [ALLOC_TEMP_Background Job.Worker 12]
      Initial Block Size 32.0 KB
      Current Block Size 32.0 KB
      Peak Allocated Bytes 0 B
      Overflow Count 0
    [ALLOC_TEMP_EnlightenWorker] x 8
      Initial Block Size 64.0 KB
      Current Block Size 64.0 KB
      Peak Allocated Bytes 0 B
      Overflow Count 0
    [ALLOC_TEMP_Background Job.Worker 15]
      Initial Block Size 32.0 KB
      Current Block Size 32.0 KB
      Peak Allocated Bytes 0 B
      Overflow Count 0
    [ALLOC_TEMP_Background Job.Worker 1]
      Initial Block Size 32.0 KB
      Current Block Size 32.0 KB
      Peak Allocated Bytes 186 B
      Overflow Count 1
    [ALLOC_TEMP_Background Job.Worker 2]
      Initial Block Size 32.0 KB
      Current Block Size 32.0 KB
      Peak Allocated Bytes 0 B
      Overflow Count 0
    [ALLOC_TEMP_Background Job.Worker 7]
      Initial Block Size 32.0 KB
      Current Block Size 32.0 KB
      Peak Allocated Bytes 0 B
      Overflow Count 0
    [ALLOC_TEMP_UnityGfxDeviceWorker]
      Initial Block Size 256.0 KB
      Current Block Size 504.0 KB
      Peak Allocated Bytes 500.6 KB
      Overflow Count 3761
    [ALLOC_TEMP_AssetGarbageCollectorHelper] x 15
      Initial Block Size 64.0 KB
      Current Block Size 64.0 KB
      Peak Allocated Bytes 0 B
      Overflow Count 0
    [ALLOC_TEMP_Background Job.Worker 5]
      Initial Block Size 32.0 KB
      Current Block Size 32.0 KB
      Peak Allocated Bytes 0 B
      Overflow Count 0
    [ALLOC_TEMP_Job.Worker 9]
      Initial Block Size 256.0 KB
      Current Block Size 256.0 KB
      Peak Allocated Bytes 0 B
      Overflow Count 0
    [ALLOC_TEMP_Background Job.Worker 13]
      Initial Block Size 32.0 KB
      Current Block Size 32.0 KB
      Peak Allocated Bytes 0 B
      Overflow Count 0
    [ALLOC_TEMP_Job.Worker 8]
      Initial Block Size 256.0 KB
      Current Block Size 256.0 KB
      Peak Allocated Bytes 0 B
      Overflow Count 0
    [ALLOC_TEMP_Job.Worker 7]
      Initial Block Size 256.0 KB
      Current Block Size 256.0 KB
      Peak Allocated Bytes 0 B
      Overflow Count 0
    [ALLOC_TEMP_Job.Worker 1]
      Initial Block Size 256.0 KB
      Current Block Size 256.0 KB
      Peak Allocated Bytes 0.5 KB
      Overflow Count 0
    [ALLOC_TEMP_Job.Worker 2]
      Initial Block Size 256.0 KB
      Current Block Size 256.0 KB
      Peak Allocated Bytes 0.6 KB
      Overflow Count 0
    [ALLOC_TEMP_Background Job.Worker 3]
      Initial Block Size 32.0 KB
      Current Block Size 32.0 KB
      Peak Allocated Bytes 0 B
      Overflow Count 0
    [ALLOC_TEMP_Background Job.Worker 11]
      Initial Block Size 32.0 KB
      Current Block Size 32.0 KB
      Peak Allocated Bytes 0 B
      Overflow Count 0
    [ALLOC_TEMP_Job.Worker 10]
      Initial Block Size 256.0 KB
      Current Block Size 256.0 KB
      Peak Allocated Bytes 0 B
      Overflow Count 0
    [ALLOC_TEMP_Background Job.Worker 0]
      Initial Block Size 32.0 KB
      Current Block Size 32.0 KB
      Peak Allocated Bytes 0 B
      Overflow Count 0
    [ALLOC_TEMP_Job.Worker 11]
      Initial Block Size 256.0 KB
      Current Block Size 256.0 KB
      Peak Allocated Bytes 0 B
      Overflow Count 0
    [ALLOC_TEMP_Job.Worker 12]
      Initial Block Size 256.0 KB
      Current Block Size 256.0 KB
      Peak Allocated Bytes 0 B
      Overflow Count 0
    [ALLOC_TEMP_Background Job.Worker 4]
      Initial Block Size 32.0 KB
      Current Block Size 32.0 KB
      Peak Allocated Bytes 0 B
      Overflow Count 0
    [ALLOC_TEMP_BatchDeleteObjects]
      Initial Block Size 64.0 KB
      Current Block Size 64.0 KB
      Peak Allocated Bytes 0 B
      Overflow Count 0
[ALLOC_DEFAULT] Dual Thread Allocator
  Peak main deferred allocation count 22864
    [ALLOC_BUCKET]
      Large Block size 4.0 MB
      Used Block count 1
      Peak Allocated bytes 4.0 MB
      Failed Allocations. Bucket layout:
        16B: 4 Subsections = 4096 buckets. Failed count: 2787026
        32B: 30 Subsections = 15360 buckets. Failed count: 2304716
        48B: 34 Subsections = 11605 buckets. Failed count: 4231173
        64B: 89 Subsections = 22784 buckets. Failed count: 1711655
        80B: 82 Subsections = 16793 buckets. Failed count: 8782965
        96B: 6 Subsections = 1024 buckets. Failed count: 695974
        112B: 7 Subsections = 1024 buckets. Failed count: 35265
        128B: 4 Subsections = 512 buckets. Failed count: 332339
    [ALLOC_DEFAULT_MAIN]
      Peak usage frame count: [16.0 MB-32.0 MB]: 1849 frames, [32.0 MB-64.0 MB]: 1 frames, [64.0 MB-128.0 MB]: 1 frames, [256.0 MB-0.50 GB]: 1350 frames, [0.50 GB-1.00 GB]: 438775 frames
      Requested Block Size 16.0 MB
      Peak Block count 45
      Peak Allocated memory 0.70 GB
      Peak Large allocation bytes 95.2 MB
    [ALLOC_DEFAULT_THREAD]
      Peak usage frame count: [4.0 MB-8.0 MB]: 1850 frames, [64.0 MB-128.0 MB]: 2227 frames, [128.0 MB-256.0 MB]: 748 frames, [256.0 MB-0.50 GB]: 437151 frames
      Requested Block Size 16.0 MB
      Peak Block count 23
      Peak Allocated memory 357.7 MB
      Peak Large allocation bytes 64.0 MB
[ALLOC_TEMP_JOB_1_FRAME]
  Initial Block Size 2.0 MB
  Used Block Count 0
  Overflow Count (too large) 0
  Overflow Count (full) 0
[ALLOC_TEMP_JOB_2_FRAMES]
  Initial Block Size 2.0 MB
  Used Block Count 0
  Overflow Count (too large) 0
  Overflow Count (full) 0
[ALLOC_TEMP_JOB_4_FRAMES (JobTemp)]
  Initial Block Size 2.0 MB
  Used Block Count 1
  Overflow Count (too large) 60
  Overflow Count (full) 0
[ALLOC_TEMP_JOB_ASYNC (Background)]
  Initial Block Size 1.0 MB
  Used Block Count 1
  Overflow Count (too large) 119
  Overflow Count (full) 0
[ALLOC_GFX] Dual Thread Allocator
  Peak main deferred allocation count 158
    [ALLOC_BUCKET]
      Large Block size 4.0 MB
      Used Block count 1
      Peak Allocated bytes 4.0 MB
      Failed Allocations. Bucket layout:
        16B: 4 Subsections = 4096 buckets. Failed count: 2787026
        32B: 30 Subsections = 15360 buckets. Failed count: 2304716
        48B: 34 Subsections = 11605 buckets. Failed count: 4231173
        64B: 89 Subsections = 22784 buckets. Failed count: 1711655
        80B: 82 Subsections = 16793 buckets. Failed count: 8782965
        96B: 6 Subsections = 1024 buckets. Failed count: 695974
        112B: 7 Subsections = 1024 buckets. Failed count: 35265
        128B: 4 Subsections = 512 buckets. Failed count: 332339
    [ALLOC_GFX_MAIN]
      Peak usage frame count: [64.0 KB-128.0 KB]: 1 frames, [2.0 MB-4.0 MB]: 1849 frames, [4.0 MB-8.0 MB]: 575 frames, [8.0 MB-16.0 MB]: 1255 frames, [16.0 MB-32.0 MB]: 217 frames, [32.0 MB-64.0 MB]: 926 frames, [64.0 MB-128.0 MB]: 1 frames, [256.0 MB-0.50 GB]: 437151 frames, [0.50 GB-1.00 GB]: 1 frames
      Requested Block Size 16.0 MB
      Peak Block count 20
      Peak Allocated memory 0.75 GB
      Peak Large allocation bytes 0.75 GB
    [ALLOC_GFX_THREAD]
      Peak usage frame count: [0-1.0 KB]: 1885 frames, [1.0 KB-2.0 KB]: 337 frames, [2.0 KB-4.0 KB]: 206 frames, [8.0 KB-16.0 KB]: 67 frames, [16.0 KB-32.0 KB]: 1949 frames, [32.0 KB-64.0 KB]: 2685 frames, [64.0 KB-128.0 KB]: 253 frames, [128.0 KB-256.0 KB]: 11056 frames, [256.0 KB-0.5 MB]: 12 frames, [0.5 MB-1.0 MB]: 360604 frames, [1.0 MB-2.0 MB]: 62922 frames
      Requested Block Size 16.0 MB
      Peak Block count 1
      Peak Allocated memory 1.1 MB
      Peak Large allocation bytes 0 B
[ALLOC_CACHEOBJECTS] Dual Thread Allocator
  Peak main deferred allocation count 177
    [ALLOC_BUCKET]
      Large Block size 4.0 MB
      Used Block count 1
      Peak Allocated bytes 4.0 MB
      Failed Allocations. Bucket layout:
        16B: 4 Subsections = 4096 buckets. Failed count: 2787026
        32B: 30 Subsections = 15360 buckets. Failed count: 2304716
        48B: 34 Subsections = 11605 buckets. Failed count: 4231173
        64B: 89 Subsections = 22784 buckets. Failed count: 1711655
        80B: 82 Subsections = 16793 buckets. Failed count: 8782965
        96B: 6 Subsections = 1024 buckets. Failed count: 695974
        112B: 7 Subsections = 1024 buckets. Failed count: 35265
        128B: 4 Subsections = 512 buckets. Failed count: 332339
    [ALLOC_CACHEOBJECTS_MAIN]
      Peak usage frame count: [4.0 MB-8.0 MB]: 1 frames, [8.0 MB-16.0 MB]: 1850 frames, [16.0 MB-32.0 MB]: 440125 frames
      Requested Block Size 4.0 MB
      Peak Block count 6
      Peak Allocated memory 20.8 MB
      Peak Large allocation bytes 2.0 MB
    [ALLOC_CACHEOBJECTS_THREAD]
      Peak usage frame count: [4.0 KB-8.0 KB]: 1850 frames, [32.0 KB-64.0 KB]: 1 frames, [128.0 KB-256.0 KB]: 576 frames, [256.0 KB-0.5 MB]: 439545 frames, [0.5 MB-1.0 MB]: 4 frames
      Requested Block Size 4.0 MB
      Peak Block count 1
      Peak Allocated memory 0.7 MB
      Peak Large allocation bytes 0 B
[ALLOC_TYPETREE] Dual Thread Allocator
  Peak main deferred allocation count 0
    [ALLOC_BUCKET]
      Large Block size 4.0 MB
      Used Block count 1
      Peak Allocated bytes 4.0 MB
      Failed Allocations. Bucket layout:
        16B: 4 Subsections = 4096 buckets. Failed count: 2787026
        32B: 30 Subsections = 15360 buckets. Failed count: 2304716
        48B: 34 Subsections = 11605 buckets. Failed count: 4231173
        64B: 89 Subsections = 22784 buckets. Failed count: 1711655
        80B: 82 Subsections = 16793 buckets. Failed count: 8782965
        96B: 6 Subsections = 1024 buckets. Failed count: 695974
        112B: 7 Subsections = 1024 buckets. Failed count: 35265
        128B: 4 Subsections = 512 buckets. Failed count: 332339
    [ALLOC_TYPETREE_MAIN]
      Peak usage frame count: [0-1.0 KB]: 1 frames, [4.0 KB-8.0 KB]: 1850 frames, [128.0 KB-256.0 KB]: 1 frames, [256.0 KB-0.5 MB]: 440124 frames
      Requested Block Size 2.0 MB
      Peak Block count 1
      Peak Allocated memory 509.3 KB
      Peak Large allocation bytes 0 B
    [ALLOC_TYPETREE_THREAD]
      Peak usage frame count: [0-1.0 KB]: 441976 frames
      Requested Block Size 2.0 MB
      Peak Block count 0
      Peak Allocated memory 0 B
      Peak Large allocation bytes 0 B
